event_date_local,city,event_ticker,revision_sequence,transition,old_txn,old_xnd,new_txn,new_xnd,delta_txn,delta_xnd,pre_snapshot_utc,post_snapshot_utc,weather_revision_l1,market_move_l1,projection_numerator,projection_denominator,directional_dot_positive,directional_dot_zero
2026-08-14,Chicago,KXHIGHCHI-26AUG14,1,prev18Z->00Z,80.0,2.0,81.0,2.0,1.0,0.0,2026-08-14T01:00:00+00:00,2026-08-14T04:00:00+00:00,0.3493326438804162,0.23231862923806038,0.014720042289176056,0.03135747384602373,True,False
2026-08-14,Chicago,KXHIGHCHI-26AUG14,3,06Z->12Z,81.0,2.0,80.0,2.0,-1.0,0.0,2026-08-14T13:00:00+00:00,2026-08-14T16:00:00+00:00,0.3493326438804162,0.16172794563766535,0.007804855169288168,0.03135747384602373,True,False
2026-08-14,Denver,KXHIGHDEN-26AUG14,2,00Z->06Z,84.0,4.0,84.0,3.0,0.0,-1.0,2026-08-14T06:00:00+00:00,2026-08-14T09:00:00+00:00,0.2655431927263735,0.33032075137338296,0.010949416550368067,0.015415498547051727,True,False
2026-08-14,Denver,KXHIGHDEN-26AUG14,3,06Z->12Z,84.0,3.0,83.0,3.0,-1.0,0.0,2026-08-14T13:00:00+00:00,2026-08-14T16:00:00+00:00,0.2505572573262188,0.3589589739743494,-5.31500056789036e-05,0.013835579598843888,False,False
2026-08-15,Chicago,KXHIGHCHI-26AUG15,1,prev18Z->00Z,84.0,3.0,83.0,4.0,-1.0,1.0,2026-08-15T01:00:00+00:00,2026-08-15T04:00:00+00:00,0.32414309111359385,0.13141048523357368,0.012682108460247492,0.030503071326031715,True,False
2026-08-15,Chicago,KXHIGHCHI-26AUG15,2,00Z->06Z,83.0,4.0,80.0,2.0,-3.0,-2.0,2026-08-15T06:00:00+00:00,2026-08-15T09:00:00+00:00,0.888176902326515,0.06169811320754719,0.010215287354561384,0.17484179341463246,True,False
2026-08-15,Chicago,KXHIGHCHI-26AUG15,3,06Z->12Z,80.0,2.0,81.0,2.0,1.0,0.0,2026-08-15T13:00:00+00:00,2026-08-15T16:00:00+00:00,0.3948253027316948,0.05187800333431407,0.002847353496244903,0.054141869636056474,True,False
2026-08-15,Denver,KXHIGHDEN-26AUG15,1,prev18Z->00Z,82.0,3.0,82.0,2.0,0.0,-1.0,2026-08-15T01:00:00+00:00,2026-08-15T04:00:00+00:00,0.35717758729181304,0.14201942459226674,-0.0028267214106363248,0.0301047888608289,False,False
2026-08-15,Denver,KXHIGHDEN-26AUG15,3,06Z->12Z,82.0,2.0,81.0,2.0,-1.0,0.0,2026-08-15T13:00:00+00:00,2026-08-15T16:00:00+00:00,0.3493326438804162,0.10716951092094146,9.51269607547562e-06,0.03135747384602373,True,False
2026-08-15,NYC,KXHIGHNY-26AUG15,3,06Z->12Z,83.0,2.0,83.0,1.0,0.0,-1.0,2026-08-15T13:00:00+00:00,2026-08-15T16:00:00+00:00,0.5185205188981786,0.11610837438423642,0.016043558652575233,0.08758059250187697,True,False
2026-08-16,Chicago,KXHIGHCHI-26AUG16,3,06Z->12Z,85.0,2.0,86.0,2.0,1.0,0.0,2026-08-16T13:00:00+00:00,2026-08-16T16:00:00+00:00,0.3948253027316948,0.20974450386215093,-0.01553351122249588,0.030585377545947992,False,False
2026-08-16,Denver,KXHIGHDEN-26AUG16,1,prev18Z->00Z,82.0,4.0,82.0,3.0,0.0,-1.0,2026-08-16T01:00:00+00:00,2026-08-16T04:00:00+00:00,0.2655431927263735,0.06804891015417332,-0.0004024668727126766,0.013601905674344054,False,False
2026-08-16,NYC,KXHIGHNY-26AUG16,1,prev18Z->00Z,80.0,2.0,80.0,3.0,0.0,1.0,2026-08-16T01:00:00+00:00,2026-08-16T04:00:00+00:00,0.35717758729181304,0.08789648459864872,-0.006892477576114508,0.0301047888608289,False,False
2026-08-16,NYC,KXHIGHNY-26AUG16,2,00Z->06Z,80.0,3.0,81.0,2.0,1.0,-1.0,2026-08-16T06:00:00+00:00,2026-08-16T09:00:00+00:00,0.4566816998840014,0.08493447630308411,0.007146760977067164,0.05375046899534475,True,False
2026-08-17,Chicago,KXHIGHCHI-26AUG17,1,prev18Z->00Z,80.0,2.0,79.0,2.0,-1.0,0.0,2026-08-17T01:00:00+00:00,2026-08-17T04:00:00+00:00,0.3948253027316948,0.0382732532265243,-0.00254931565925056,0.03564837103940073,False,False
2026-08-17,Chicago,KXHIGHCHI-26AUG17,3,06Z->12Z,79.0,2.0,78.0,2.0,-1.0,0.0,2026-08-17T13:00:00+00:00,2026-08-17T16:00:00+00:00,0.3493326438804163,0.10465926510893306,0.0098110954994373,0.045657602803979944,True,False
2026-08-17,Denver,KXHIGHDEN-26AUG17,1,prev18Z->00Z,88.0,2.0,89.0,2.0,1.0,0.0,2026-08-17T01:00:00+00:00,2026-08-17T04:00:00+00:00,0.3948253027316948,0.1986710963455151,-0.0043636988530550615,0.030585377545947992,False,False
2026-08-17,NYC,KXHIGHNY-26AUG17,2,00Z->06Z,83.0,3.0,84.0,3.0,1.0,0.0,2026-08-17T06:00:00+00:00,2026-08-17T09:00:00+00:00,0.26473533044361464,0.05830807123910555,-0.004459385398915863,0.022403498801146574,False,False
2026-08-18,Chicago,KXHIGHCHI-26AUG18,2,00Z->06Z,81.0,3.0,82.0,2.0,1.0,-1.0,2026-08-18T06:00:00+00:00,2026-08-18T09:00:00+00:00,0.4592716189283452,0.08089508704767107,-0.001311998227437818,0.045240811072083706,False,False
2026-08-18,NYC,KXHIGHNY-26AUG18,1,prev18Z->00Z,86.0,2.0,85.0,2.0,-1.0,0.0,2026-08-18T01:00:00+00:00,2026-08-18T04:00:00+00:00,0.3493326438804163,0.0847664184157076,-0.010074567397456194,0.045657602803979944,False,False
2026-08-18,NYC,KXHIGHNY-26AUG18,3,06Z->12Z,85.0,2.0,84.0,2.0,-1.0,0.0,2026-08-18T13:00:00+00:00,2026-08-18T16:00:00+00:00,0.3948253027316948,0.08959425354300113,0.0014539653786247884,0.054141869636056474,True,False
2026-08-19,Denver,KXHIGHDEN-26AUG19,1,prev18Z->00Z,89.0,2.0,88.0,3.0,-1.0,1.0,2026-08-19T01:00:00+00:00,2026-08-19T04:00:00+00:00,0.4464230918395081,0.0734705546026302,0.00011446886536602813,0.04096690455952479,True,False
2026-08-19,Denver,KXHIGHDEN-26AUG19,3,06Z->12Z,88.0,3.0,89.0,2.0,1.0,-1.0,2026-08-19T13:00:00+00:00,2026-08-19T16:00:00+00:00,0.4464230918395081,0.12256474636164978,-0.009481817640982342,0.04096690455952479,False,False
2026-08-19,NYC,KXHIGHNY-26AUG19,2,00Z->06Z,85.0,2.0,86.0,1.0,1.0,-1.0,2026-08-19T06:00:00+00:00,2026-08-19T09:00:00+00:00,0.7366719291725183,0.036103047895500735,0.004548849550389122,0.19003778225010812,True,False
2026-08-20,Chicago,KXHIGHCHI-26AUG20,1,prev18Z->00Z,80.0,2.0,79.0,2.0,-1.0,0.0,2026-08-20T01:00:00+00:00,2026-08-20T04:00:00+00:00,0.3493326438804162,0.06517350764202631,0.0012716251565235265,0.03135747384602373,True,False
2026-08-20,Chicago,KXHIGHCHI-26AUG20,3,06Z->12Z,79.0,2.0,79.0,1.0,0.0,-1.0,2026-08-20T13:00:00+00:00,2026-08-20T16:00:00+00:00,0.5185205188981786,0.1502196975214236,0.023454830234758292,0.08949282521251054,True,False
2026-08-20,NYC,KXHIGHNY-26AUG20,1,prev18Z->00Z,80.0,4.0,81.0,4.0,1.0,0.0,2026-08-20T01:00:00+00:00,2026-08-20T04:00:00+00:00,0.19286308368522176,0.19873466518515154,0.005960206612313159,0.009516094211145706,True,False
2026-08-21,Chicago,KXHIGHCHI-26AUG21,2,00Z->06Z,80.0,2.0,81.0,2.0,1.0,0.0,2026-08-21T06:00:00+00:00,2026-08-21T09:00:00+00:00,0.3493326438804162,0.07977144881959519,-0.0009449152017108292,0.03135747384602373,False,False
2026-08-21,Denver,KXHIGHDEN-26AUG21,1,prev18Z->00Z,98.0,2.0,97.0,2.0,-1.0,0.0,2026-08-21T01:00:00+00:00,2026-08-21T04:00:00+00:00,0.3948253027316948,0.0262083124030839,-0.000578800562284326,0.030585377545947992,False,False
2026-08-21,NYC,KXHIGHNY-26AUG21,3,06Z->12Z,78.0,4.0,77.0,4.0,-1.0,0.0,2026-08-21T13:00:00+00:00,2026-08-21T16:00:00+00:00,0.19286308368522176,0.25118323191345504,0.014664549443043084,0.01166669278987394,True,False
2026-08-22,Chicago,KXHIGHCHI-26AUG22,1,prev18Z->00Z,80.0,1.0,81.0,1.0,1.0,0.0,2026-08-22T01:00:00+00:00,2026-08-22T04:00:00+00:00,0.48346067491425776,0.1447659329039699,0.017748284534088086,0.11123064762158459,True,False
2026-08-22,Chicago,KXHIGHCHI-26AUG22,2,00Z->06Z,81.0,1.0,80.0,1.0,-1.0,0.0,2026-08-22T06:00:00+00:00,2026-08-22T09:00:00+00:00,0.48346067491425776,0.04640138566023989,0.003168194098766304,0.11123064762158459,True,False
2026-08-22,Denver,KXHIGHDEN-26AUG22,1,prev18Z->00Z,93.0,4.0,93.0,3.0,0.0,-1.0,2026-08-22T01:00:00+00:00,2026-08-22T04:00:00+00:00,0.2655431927263735,0.05483213747896211,-0.002887347592414932,0.01360190567434405,False,False
2026-08-22,Denver,KXHIGHDEN-26AUG22,3,06Z->12Z,93.0,3.0,93.0,4.0,0.0,1.0,2026-08-22T13:00:00+00:00,2026-08-22T16:00:00+00:00,0.2655431927263735,0.04404448346502784,-0.0016383752191993226,0.01360190567434405,False,False
2026-08-22,NYC,KXHIGHNY-26AUG22,2,00Z->06Z,75.0,3.0,76.0,3.0,1.0,0.0,2026-08-22T06:00:00+00:00,2026-08-22T09:00:00+00:00,0.2505572573262188,0.12331460024514906,9.577031997263412e-05,0.013835579598843888,True,False
2026-08-22,NYC,KXHIGHNY-26AUG22,3,06Z->12Z,76.0,3.0,77.0,2.0,1.0,-1.0,2026-08-22T13:00:00+00:00,2026-08-22T16:00:00+00:00,0.4592716189283452,0.6538277511961721,0.06911812323305797,0.045240811072083706,True,False
2026-08-23,Chicago,KXHIGHCHI-26AUG23,2,00Z->06Z,77.0,1.0,76.0,2.0,-1.0,1.0,2026-08-23T06:00:00+00:00,2026-08-23T09:00:00+00:00,0.7366719291725182,0.31024425811155676,-0.019286714483814534,0.14174262390108694,False,False
2026-08-23,Chicago,KXHIGHCHI-26AUG23,3,06Z->12Z,76.0,2.0,77.0,1.0,1.0,-1.0,2026-08-23T13:00:00+00:00,2026-08-23T16:00:00+00:00,0.7366719291725182,0.0730013299837447,0.0006400201672421427,0.14174262390108694,True,False
2026-08-23,Denver,KXHIGHDEN-26AUG23,2,00Z->06Z,93.0,2.0,92.0,2.0,-1.0,0.0,2026-08-23T06:00:00+00:00,2026-08-23T09:00:00+00:00,0.3948253027316948,0.21276790620992855,-0.017098608503347608,0.035648371039400724,False,False
2026-08-24,Chicago,KXHIGHCHI-26AUG24,1,prev18Z->00Z,79.0,2.0,78.0,2.0,-1.0,0.0,2026-08-24T01:00:00+00:00,2026-08-24T04:00:00+00:00,0.3948253027316948,0.15581572434799162,0.012494432315702573,0.030585377545947992,True,False
2026-08-24,Chicago,KXHIGHCHI-26AUG24,3,06Z->12Z,78.0,2.0,78.0,1.0,0.0,-1.0,2026-08-24T13:00:00+00:00,2026-08-24T16:00:00+00:00,0.5185205188981786,0.28329767650131854,-0.017068055193194778,0.08758059250187697,False,False
2026-08-24,Denver,KXHIGHDEN-26AUG24,3,06Z->12Z,91.0,1.0,91.0,2.0,0.0,1.0,2026-08-24T13:00:00+00:00,2026-08-24T16:00:00+00:00,0.5185205188981787,0.33048029992219,0.054112277723751774,0.08758059250187705,True,False
2026-08-24,NYC,KXHIGHNY-26AUG24,2,00Z->06Z,79.0,2.0,79.0,1.0,0.0,-1.0,2026-08-24T06:00:00+00:00,2026-08-24T09:00:00+00:00,0.5185205188981785,0.0691096960230687,0.0027259897539125525,0.09712501343250428,True,False
2026-08-24,NYC,KXHIGHNY-26AUG24,3,06Z->12Z,79.0,1.0,80.0,2.0,1.0,1.0,2026-08-24T13:00:00+00:00,2026-08-24T16:00:00+00:00,0.6580227187098678,0.580357142857143,-0.1233896852327914,0.1485363694424483,False,False
2026-08-25,Chicago,KXHIGHCHI-26AUG25,2,00Z->06Z,81.0,1.0,80.0,2.0,-1.0,1.0,2026-08-25T06:00:00+00:00,2026-08-25T09:00:00+00:00,0.7366719291725182,0.22614971777551598,-0.0182395869058692,0.14174262390108694,False,False
2026-08-25,Chicago,KXHIGHCHI-26AUG25,3,06Z->12Z,80.0,2.0,81.0,1.0,1.0,-1.0,2026-08-25T13:00:00+00:00,2026-08-25T16:00:00+00:00,0.7366719291725182,0.20976167968555642,-0.03227358776024496,0.14174262390108694,False,False
2026-08-25,Denver,KXHIGHDEN-26AUG25,1,prev18Z->00Z,88.0,3.0,89.0,3.0,1.0,0.0,2026-08-25T01:00:00+00:00,2026-08-25T04:00:00+00:00,0.26473533044361464,0.04117592933382398,0.0004672750760938229,0.01695898799181682,True,False
2026-08-25,Denver,KXHIGHDEN-26AUG25,2,00Z->06Z,89.0,3.0,90.0,3.0,1.0,0.0,2026-08-25T06:00:00+00:00,2026-08-25T09:00:00+00:00,0.2505572573262188,0.09162561576354701,0.0005165503254096961,0.020596468405747432,True,False
2026-08-25,Denver,KXHIGHDEN-26AUG25,3,06Z->12Z,90.0,3.0,89.0,3.0,-1.0,0.0,2026-08-25T13:00:00+00:00,2026-08-25T16:00:00+00:00,0.2505572573262188,0.28293420475052433,0.007689266009704836,0.020596468405747432,True,False
2026-08-25,NYC,KXHIGHNY-26AUG25,2,00Z->06Z,80.0,2.0,79.0,2.0,-1.0,0.0,2026-08-25T06:00:00+00:00,2026-08-25T09:00:00+00:00,0.3493326438804163,0.14308042057402673,-0.017078138032108447,0.045657602803979944,False,False
2026-08-26,Chicago,KXHIGHCHI-26AUG26,3,06Z->12Z,84.0,2.0,84.0,1.0,0.0,-1.0,2026-08-26T13:00:00+00:00,2026-08-26T16:00:00+00:00,0.5185205188981786,0.2708712350919749,-0.03136777158164475,0.08758059250187697,False,False
2026-08-26,Denver,KXHIGHDEN-26AUG26,1,prev18Z->00Z,87.0,2.0,88.0,2.0,1.0,0.0,2026-08-26T01:00:00+00:00,2026-08-26T04:00:00+00:00,0.3948253027316948,0.10556800405868177,0.01244183007947513,0.054141869636056474,True,False
2026-08-27,Chicago,KXHIGHCHI-26AUG27,1,prev18Z->00Z,81.0,2.0,81.0,1.0,0.0,-1.0,2026-08-27T01:00:00+00:00,2026-08-27T04:00:00+00:00,0.5185205188981786,0.17817222569972285,0.009981886763777068,0.08758059250187697,True,False
2026-08-27,Denver,KXHIGHDEN-26AUG27,3,06Z->12Z,89.0,2.0,90.0,2.0,1.0,0.0,2026-08-27T13:00:00+00:00,2026-08-27T16:00:00+00:00,0.3493326438804162,0.172520082196899,0.013895049428380135,0.03135747384602373,True,False
2026-08-27,NYC,KXHIGHNY-26AUG27,3,06Z->12Z,81.0,2.0,81.0,1.0,0.0,-1.0,2026-08-27T13:00:00+00:00,2026-08-27T16:00:00+00:00,0.5185205188981785,0.26408762103449057,-0.04611298360379369,0.09712501343250428,False,False
2026-08-29,Chicago,KXHIGHCHI-26AUG29,1,prev18Z->00Z,81.0,2.0,82.0,2.0,1.0,0.0,2026-08-29T01:00:00+00:00,2026-08-29T04:00:00+00:00,0.3948253027316948,0.1024630541871921,0.007465109955913739,0.03564837103940073,True,False
2026-08-29,NYC,KXHIGHNY-26AUG29,1,prev18Z->00Z,80.0,1.0,80.0,2.0,0.0,1.0,2026-08-29T01:00:00+00:00,2026-08-29T04:00:00+00:00,0.5185205188981785,0.15524645257654948,-0.025391671688721754,0.09712501343250428,False,False
2026-08-30,Denver,KXHIGHDEN-26AUG30,2,00Z->06Z,89.0,3.0,88.0,2.0,-1.0,-1.0,2026-08-30T06:00:00+00:00,2026-08-30T09:00:00+00:00,0.4592716189283452,0.15319845069406013,0.009339009880970257,0.045240811072083706,True,False
2026-08-30,Denver,KXHIGHDEN-26AUG30,3,06Z->12Z,88.0,2.0,89.0,2.0,1.0,0.0,2026-08-30T13:00:00+00:00,2026-08-30T16:00:00+00:00,0.3948253027316948,0.24387579068430157,0.01766495386500873,0.030585377545947992,True,False
2026-08-30,NYC,KXHIGHNY-26AUG30,1,prev18Z->00Z,84.0,2.0,83.0,2.0,-1.0,0.0,2026-08-30T01:00:00+00:00,2026-08-30T04:00:00+00:00,0.3948253027316948,0.05889357025096198,0.005812604225492996,0.03564837103940073,True,False
2026-08-30,NYC,KXHIGHNY-26AUG30,2,00Z->06Z,83.0,2.0,82.0,2.0,-1.0,0.0,2026-08-30T06:00:00+00:00,2026-08-30T09:00:00+00:00,0.3493326438804163,0.04313805538545274,0.005260413545416329,0.045657602803979944,True,False
2026-08-31,Chicago,KXHIGHCHI-26AUG31,2,00Z->06Z,88.0,2.0,88.0,3.0,0.0,1.0,2026-08-31T06:00:00+00:00,2026-08-31T09:00:00+00:00,0.19335721459357558,0.09566189624329155,0.0022495767008612554,0.008703729207260537,True,False
2026-08-31,Chicago,KXHIGHCHI-26AUG31,3,06Z->12Z,88.0,3.0,89.0,2.0,1.0,-1.0,2026-08-31T14:00:00+00:00,2026-08-31T17:00:00+00:00,0.38327640539773666,0.7019806763285025,-0.08013226326077039,0.04987715612547655,False,False
2026-08-31,Denver,KXHIGHDEN-26AUG31,2,00Z->06Z,86.0,2.0,85.0,2.0,-1.0,0.0,2026-08-31T06:00:00+00:00,2026-08-31T09:00:00+00:00,0.3948253027316948,0.27675894903897014,-0.019673543530332877,0.035648371039400724,False,False
2026-08-31,Denver,KXHIGHDEN-26AUG31,3,06Z->12Z,85.0,2.0,84.0,2.0,-1.0,0.0,2026-08-31T14:00:00+00:00,2026-08-31T17:00:00+00:00,0.3493326438804162,0.10242770093819518,0.004343562749665648,0.03135747384602373,True,False
2026-08-31,NYC,KXHIGHNY-26AUG31,2,00Z->06Z,81.0,2.0,79.0,3.0,-2.0,1.0,2026-08-31T06:00:00+00:00,2026-08-31T09:00:00+00:00,0.6849242951784532,0.024273544170848513,0.0017057511452555896,0.12428926361542726,True,False
2026-08-31,NYC,KXHIGHNY-26AUG31,3,06Z->12Z,79.0,3.0,78.0,4.0,-1.0,1.0,2026-08-31T14:00:00+00:00,2026-08-31T17:00:00+00:00,0.3189655150527558,1.0144458515079033,-0.10436880055134998,0.029679783676820757,False,False
2026-09-01,Chicago,KXHIGHCHI-26SEP01,2,00Z->06Z,91.0,3.0,92.0,3.0,1.0,0.0,2026-09-01T06:00:00+00:00,2026-09-01T09:00:00+00:00,0.2505572573262188,0.06205155461068296,0.000466948311839859,0.013835579598843888,True,False
2026-09-01,Chicago,KXHIGHCHI-26SEP01,3,06Z->12Z,92.0,3.0,92.0,2.0,0.0,-1.0,2026-09-01T13:00:00+00:00,2026-09-01T16:00:00+00:00,0.35717758729181304,0.16646636031577697,-0.0024314759137785535,0.0301047888608289,False,False
2026-09-02,Chicago,KXHIGHCHI-26SEP02,1,prev18Z->00Z,94.0,2.0,93.0,2.0,-1.0,0.0,2026-09-02T01:00:00+00:00,2026-09-02T04:00:00+00:00,0.3948253027316948,0.08564561940135462,-0.003129245383762944,0.03564837103940073,False,False
2026-09-02,Chicago,KXHIGHCHI-26SEP02,2,00Z->06Z,93.0,2.0,94.0,2.0,1.0,0.0,2026-09-02T06:00:00+00:00,2026-09-02T09:00:00+00:00,0.3948253027316948,0.08590848574031265,0.002889965454323416,0.03564837103940073,True,False
2026-09-02,Chicago,KXHIGHCHI-26SEP02,3,06Z->12Z,94.0,2.0,93.0,2.0,-1.0,0.0,2026-09-02T13:00:00+00:00,2026-09-02T16:00:00+00:00,0.3948253027316948,0.243817977856899,0.00536129741302409,0.03564837103940073,True,False
2026-09-02,Denver,KXHIGHDEN-26SEP02,1,prev18Z->00Z,90.0,2.0,89.0,2.0,-1.0,0.0,2026-09-02T01:00:00+00:00,2026-09-02T04:00:00+00:00,0.3493326438804162,0.03572308450357224,-0.0008409619679179835,0.03135747384602373,False,False
2026-09-02,Denver,KXHIGHDEN-26SEP02,3,06Z->12Z,89.0,1.0,89.0,2.0,0.0,1.0,2026-09-02T13:00:00+00:00,2026-09-02T16:00:00+00:00,0.5185205188981786,0.21934272300469473,0.01780387835170374,0.08949282521251054,True,False
2026-09-02,NYC,KXHIGHNY-26SEP02,1,prev18Z->00Z,75.0,2.0,75.0,3.0,0.0,1.0,2026-09-02T01:00:00+00:00,2026-09-02T04:00:00+00:00,0.22886535884227754,0.29061147320762226,-0.017517548415836248,0.017402548646747323,False,False
2026-09-02,NYC,KXHIGHNY-26SEP02,2,00Z->06Z,75.0,3.0,74.0,3.0,-1.0,0.0,2026-09-02T06:00:00+00:00,2026-09-02T09:00:00+00:00,0.26473533044361464,0.20606884057970992,0.01626423196020176,0.022403498801146574,True,False
2026-09-03,NYC,KXHIGHNY-26SEP03,3,06Z->12Z,84.0,2.0,85.0,2.0,1.0,0.0,2026-09-03T13:00:00+00:00,2026-09-03T16:00:00+00:00,0.3948253027316948,0.11995260231519464,0.006086492165838601,0.03564837103940073,True,False
2026-09-04,Chicago,KXHIGHCHI-26SEP04,1,prev18Z->00Z,92.0,4.0,92.0,3.0,0.0,-1.0,2026-09-04T01:00:00+00:00,2026-09-04T04:00:00+00:00,0.2655431927263735,0.16690281917232613,-0.004217754156483877,0.015415498547051727,False,False
2026-09-04,Chicago,KXHIGHCHI-26SEP04,2,00Z->06Z,92.0,3.0,93.0,3.0,1.0,0.0,2026-09-04T06:00:00+00:00,2026-09-04T09:00:00+00:00,0.26473533044361464,0.42145178764897084,0.01362924788576037,0.012661320819594086,True,False
2026-09-04,Chicago,KXHIGHCHI-26SEP04,3,06Z->12Z,93.0,3.0,91.0,3.0,-2.0,0.0,2026-09-04T13:00:00+00:00,2026-09-04T16:00:00+00:00,0.5152925877698333,0.7477652001400397,0.01421030143956098,0.050781872166639236,True,False
2026-09-04,Denver,KXHIGHDEN-26SEP04,1,prev18Z->00Z,92.0,2.0,91.0,2.0,-1.0,0.0,2026-09-04T01:00:00+00:00,2026-09-04T04:00:00+00:00,0.3948253027316948,0.028472740851381656,-0.0015884729283133579,0.030585377545947992,False,False
2026-09-04,Denver,KXHIGHDEN-26SEP04,3,06Z->12Z,91.0,2.0,92.0,2.0,1.0,0.0,2026-09-04T13:00:00+00:00,2026-09-04T16:00:00+00:00,0.3948253027316948,0.0931489283751605,0.007336052858306908,0.030585377545947992,True,False
2026-09-04,NYC,KXHIGHNY-26SEP04,3,06Z->12Z,84.0,2.0,84.0,1.0,0.0,-1.0,2026-09-04T13:00:00+00:00,2026-09-04T16:00:00+00:00,0.5185205188981786,0.37548809058961324,0.0328673425898082,0.08949282521251054,True,False
2026-09-05,Chicago,KXHIGHCHI-26SEP05,1,prev18Z->00Z,84.0,3.0,83.0,3.0,-1.0,0.0,2026-09-05T01:00:00+00:00,2026-09-05T04:00:00+00:00,0.25055725732621886,0.49043545131212174,0.03828987022998825,0.020596468405747432,True,False
2026-09-05,Chicago,KXHIGHCHI-26SEP05,3,06Z->12Z,82.0,3.0,81.0,2.0,-1.0,-1.0,2026-09-05T13:00:00+00:00,2026-09-05T16:00:00+00:00,0.41437763002445616,0.10959671396564587,-0.01173177651088858,0.05718340051620299,False,False
2026-09-05,Denver,KXHIGHDEN-26SEP05,1,prev18Z->00Z,91.0,3.0,91.0,4.0,0.0,1.0,2026-09-05T01:00:00+00:00,2026-09-05T04:00:00+00:00,0.2655431927263735,0.09822550424335924,-0.0009047128941334578,0.01541549854705172,False,False
2026-09-05,Denver,KXHIGHDEN-26SEP05,2,00Z->06Z,91.0,4.0,91.0,3.0,0.0,-1.0,2026-09-05T06:00:00+00:00,2026-09-05T09:00:00+00:00,0.2655431927263735,0.153059425145477,0.0077291236302272776,0.01541549854705172,True,False
2026-09-05,Denver,KXHIGHDEN-26SEP05,3,06Z->12Z,91.0,3.0,92.0,3.0,1.0,0.0,2026-09-05T13:00:00+00:00,2026-09-05T16:00:00+00:00,0.2505572573262188,0.06794871794871807,0.0022693235042447325,0.013835579598843888,True,False
2026-09-05,NYC,KXHIGHNY-26SEP05,1,prev18Z->00Z,80.0,1.0,80.0,2.0,0.0,1.0,2026-09-05T01:00:00+00:00,2026-09-05T04:00:00+00:00,0.5185205188981785,0.22342586323628996,-0.04159834756956806,0.09712501343250428,False,False
2026-09-05,NYC,KXHIGHNY-26SEP05,2,00Z->06Z,80.0,2.0,80.0,1.0,0.0,-1.0,2026-09-05T06:00:00+00:00,2026-09-05T09:00:00+00:00,0.5185205188981785,0.10992434356920344,-0.0031125336281894508,0.09712501343250428,False,False
2026-09-05,NYC,KXHIGHNY-26SEP05,3,06Z->12Z,80.0,1.0,80.0,2.0,0.0,1.0,2026-09-05T13:00:00+00:00,2026-09-05T16:00:00+00:00,0.5185205188981785,0.2854341736694678,0.03173602619340397,0.09712501343250428,True,False
2026-09-06,Denver,KXHIGHDEN-26SEP06,1,prev18Z->00Z,92.0,3.0,92.0,2.0,0.0,-1.0,2026-09-06T01:00:00+00:00,2026-09-06T04:00:00+00:00,0.35717758729181304,0.08614001058014456,0.0036162785092201406,0.02862300901464625,True,False
2026-09-06,NYC,KXHIGHNY-26SEP06,3,06Z->12Z,74.0,3.0,74.0,2.0,0.0,-1.0,2026-09-06T13:00:00+00:00,2026-09-06T16:00:00+00:00,0.35717758729181315,0.4546076018594478,0.020485443522368252,0.027506349865674434,True,False
2026-09-07,Denver,KXHIGHDEN-26SEP07,2,00Z->06Z,91.0,3.0,90.0,2.0,-1.0,-1.0,2026-09-07T06:00:00+00:00,2026-09-07T09:00:00+00:00,0.4566816998840013,0.3288349180891281,0.0248314234497662,0.05375046899534475,True,False
2026-09-07,NYC,KXHIGHNY-26SEP07,1,prev18Z->00Z,79.0,1.0,80.0,1.0,1.0,0.0,2026-09-07T01:00:00+00:00,2026-09-07T04:00:00+00:00,0.48346067491425776,0.14622641509433973,0.01925297630592083,0.11123064762158459,True,False
2026-09-08,Chicago,KXHIGHCHI-26SEP08,1,prev18Z->00Z,87.0,3.0,86.0,2.0,-1.0,-1.0,2026-09-08T01:00:00+00:00,2026-09-08T04:00:00+00:00,0.4057755301182634,0.17839195979899483,0.004269514588902141,0.03748192986599955,True,False
2026-09-08,Denver,KXHIGHDEN-26SEP08,2,00Z->06Z,86.0,2.0,85.0,2.0,-1.0,0.0,2026-09-08T06:00:00+00:00,2026-09-08T09:00:00+00:00,0.3948253027316948,0.1402394775036285,0.01111132782389554,0.030585377545947992,True,False
2026-09-08,NYC,KXHIGHNY-26SEP08,3,06Z->12Z,83.0,2.0,83.0,1.0,0.0,-1.0,2026-09-08T13:00:00+00:00,2026-09-08T16:00:00+00:00,0.5185205188981786,0.11636681544195474,-0.008837619674061107,0.08758059250187697,False,False
2026-09-09,Chicago,KXHIGHCHI-26SEP09,2,00Z->06Z,83.0,3.0,82.0,2.0,-1.0,-1.0,2026-09-09T06:00:00+00:00,2026-09-09T09:00:00+00:00,0.4464230918395081,0.03921568627450981,0.002142434102055727,0.0409669045595248,True,False
2026-09-09,Denver,KXHIGHDEN-26SEP09,2,00Z->06Z,82.0,3.0,81.0,2.0,-1.0,-1.0,2026-09-09T06:00:00+00:00,2026-09-09T09:00:00+00:00,0.4592716189283452,0.16979976870223823,0.012557314517721269,0.045240811072083706,True,False
2026-09-10,Chicago,KXHIGHCHI-26SEP10,1,prev18Z->00Z,78.0,2.0,79.0,2.0,1.0,0.0,2026-09-10T01:00:00+00:00,2026-09-10T04:00:00+00:00,0.3948253027316948,0.5109933528564123,0.03905050191879346,0.030585377545947992,True,False
2026-09-10,NYC,KXHIGHNY-26SEP10,1,prev18Z->00Z,86.0,3.0,87.0,2.0,1.0,-1.0,2026-09-10T01:00:00+00:00,2026-09-10T04:00:00+00:00,0.45927161892834517,0.21962095875139362,0.03241278495784504,0.06533966653903756,True,False
2026-09-10,NYC,KXHIGHNY-26SEP10,3,06Z->12Z,88.0,2.0,88.0,1.0,0.0,-1.0,2026-09-10T13:00:00+00:00,2026-09-10T16:00:00+00:00,0.5185205188981786,0.24078243737686456,-0.03525025207459202,0.08758059250187697,False,False
2026-09-11,Chicago,KXHIGHCHI-26SEP11,1,prev18Z->00Z,80.0,2.0,79.0,2.0,-1.0,0.0,2026-09-11T01:00:00+00:00,2026-09-11T04:00:00+00:00,0.3948253027316948,0.15458937198067632,-0.01094588868377909,0.030585377545947992,False,False
2026-09-11,Chicago,KXHIGHCHI-26SEP11,2,00Z->06Z,79.0,2.0,80.0,2.0,1.0,0.0,2026-09-11T06:00:00+00:00,2026-09-11T09:00:00+00:00,0.3948253027316948,0.44111498257839726,0.00015750858239227394,0.030585377545947992,True,False
2026-09-11,Denver,KXHIGHDEN-26SEP11,3,06Z->12Z,91.0,2.0,91.0,1.0,0.0,-1.0,2026-09-11T13:00:00+00:00,2026-09-11T16:00:00+00:00,0.5185205188981787,0.1516860617310392,-0.02089845710224025,0.08758059250187705,False,False
2026-09-11,NYC,KXHIGHNY-26SEP11,1,prev18Z->00Z,80.0,2.0,79.0,2.0,-1.0,0.0,2026-09-11T01:00:00+00:00,2026-09-11T04:00:00+00:00,0.3493326438804163,0.07385412984564632,-0.005312334424339989,0.045657602803979944,False,False
2026-09-11,NYC,KXHIGHNY-26SEP11,2,00Z->06Z,79.0,2.0,80.0,2.0,1.0,0.0,2026-09-11T06:00:00+00:00,2026-09-11T09:00:00+00:00,0.3493326438804163,0.2557196244644974,0.015330867001006807,0.045657602803979944,True,False
2026-09-12,Chicago,KXHIGHCHI-26SEP12,3,06Z->12Z,86.0,2.0,87.0,2.0,1.0,0.0,2026-09-12T13:00:00+00:00,2026-09-12T16:00:00+00:00,0.3493326438804162,0.22202366578121235,-0.02044073254497642,0.03135747384602373,False,False
2026-09-12,Denver,KXHIGHDEN-26SEP12,1,prev18Z->00Z,85.0,3.0,85.0,2.0,0.0,-1.0,2026-09-12T01:00:00+00:00,2026-09-12T04:00:00+00:00,0.35717758729181304,0.21175042032505123,-0.008879352527614607,0.0301047888608289,False,False
2026-09-12,Denver,KXHIGHDEN-26SEP12,2,00Z->06Z,85.0,2.0,84.0,3.0,-1.0,1.0,2026-09-12T06:00:00+00:00,2026-09-12T09:00:00+00:00,0.4464230918395081,0.18189573459715633,-0.01649567536341242,0.04096690455952479,False,False
2026-09-12,NYC,KXHIGHNY-26SEP12,3,06Z->12Z,79.0,2.0,78.0,2.0,-1.0,0.0,2026-09-12T13:00:00+00:00,2026-09-12T16:00:00+00:00,0.3948253027316948,0.4410175864448732,-0.013387715940366586,0.030585377545947992,False,False
2026-09-13,Chicago,KXHIGHCHI-26SEP13,2,00Z->06Z,76.0,3.0,75.0,2.0,-1.0,-1.0,2026-09-13T07:00:00+00:00,2026-09-13T10:00:00+00:00,0.4592716189283452,0.2562085791275216,0.018893103999631747,0.045240811072083706,True,False
2026-09-13,Denver,KXHIGHDEN-26SEP13,1,prev18Z->00Z,93.0,2.0,92.0,2.0,-1.0,0.0,2026-09-13T01:00:00+00:00,2026-09-13T04:00:00+00:00,0.3948253027316948,0.1469758420031741,-0.007591349386268748,0.030585377545947992,False,False
2026-09-13,Denver,KXHIGHDEN-26SEP13,3,06Z->12Z,92.0,2.0,93.0,2.0,1.0,0.0,2026-09-13T13:00:00+00:00,2026-09-13T16:00:00+00:00,0.3948253027316948,0.11450599657338648,-0.008083156936724302,0.030585377545947992,False,False
2026-09-13,NYC,KXHIGHNY-26SEP13,1,prev18Z->00Z,80.0,3.0,80.0,2.0,0.0,-1.0,2026-09-13T01:00:00+00:00,2026-09-13T04:00:00+00:00,0.35717758729181304,0.07677876272219876,-0.0009593819191552261,0.0301047888608289,False,False
2026-09-13,NYC,KXHIGHNY-26SEP13,3,06Z->12Z,80.0,2.0,80.0,3.0,0.0,1.0,2026-09-13T13:00:00+00:00,2026-09-13T16:00:00+00:00,0.35717758729181304,0.5874231032125771,0.047459815895204115,0.0301047888608289,True,False
2026-09-14,Denver,KXHIGHDEN-26SEP14,3,06Z->12Z,88.0,2.0,89.0,2.0,1.0,0.0,2026-09-14T13:00:00+00:00,2026-09-14T16:00:00+00:00,0.3948253027316948,0.0556576172007896,-0.003967147557198978,0.035648371039400724,False,False
2026-09-14,NYC,KXHIGHNY-26SEP14,1,prev18Z->00Z,74.0,2.0,75.0,2.0,1.0,0.0,2026-09-14T01:00:00+00:00,2026-09-14T04:00:00+00:00,0.3493326438804163,0.06085129213985512,0.003895395166824563,0.045657602803979944,True,False
2026-09-14,NYC,KXHIGHNY-26SEP14,2,00Z->06Z,75.0,2.0,74.0,1.0,-1.0,-1.0,2026-09-14T07:00:00+00:00,2026-09-14T10:00:00+00:00,0.6689729460964364,0.20011148272017842,-0.04811118346243803,0.1317976896645275,False,False
2026-09-14,NYC,KXHIGHNY-26SEP14,3,06Z->12Z,74.0,1.0,74.0,2.0,0.0,1.0,2026-09-14T13:00:00+00:00,2026-09-14T16:00:00+00:00,0.5051525733981991,0.03448674386889501,-0.005600774628780787,0.0881630039771342,False,False
2026-09-15,Chicago,KXHIGHCHI-26SEP15,1,prev18Z->00Z,85.0,4.0,86.0,4.0,1.0,0.0,2026-09-15T01:00:00+00:00,2026-09-15T04:00:00+00:00,0.19895289932045157,0.17660910518053374,-0.0008367291082850321,0.010575120358984183,False,False
2026-09-15,Chicago,KXHIGHCHI-26SEP15,2,00Z->06Z,86.0,4.0,86.0,3.0,0.0,-1.0,2026-09-15T06:00:00+00:00,2026-09-15T09:00:00+00:00,0.21789968537269344,0.30663615560640745,0.006131003937727936,0.01016155991075044,True,False
2026-09-15,Denver,KXHIGHDEN-26SEP15,2,00Z->06Z,77.0,3.0,75.0,3.0,-2.0,0.0,2026-09-15T06:00:00+00:00,2026-09-15T09:00:00+00:00,0.5152925877698334,0.1998341625207298,-0.0050001158943773025,0.07347151546954526,False,False
2026-09-15,NYC,KXHIGHNY-26SEP15,2,00Z->06Z,71.0,2.0,72.0,2.0,1.0,0.0,2026-09-15T06:00:00+00:00,2026-09-15T09:00:00+00:00,0.3948253027316948,0.32008281573498987,-0.015502941175330638,0.03564837103940073,False,False
2026-09-16,Chicago,KXHIGHCHI-26SEP16,2,00Z->06Z,74.0,3.0,75.0,3.0,1.0,0.0,2026-09-16T06:00:00+00:00,2026-09-16T09:00:00+00:00,0.26473533044361464,0.20046620046620048,0.0031100002845436455,0.012661320819594086,True,False
2026-09-16,Chicago,KXHIGHCHI-26SEP16,3,06Z->12Z,75.0,3.0,76.0,2.0,1.0,-1.0,2026-09-16T13:00:00+00:00,2026-09-16T16:00:00+00:00,0.4464230918395081,0.3502673796791444,0.024885269715382168,0.04096690455952479,True,False
2026-09-16,Denver,KXHIGHDEN-26SEP16,2,00Z->06Z,82.0,3.0,83.0,3.0,1.0,0.0,2026-09-16T06:00:00+00:00,2026-09-16T09:00:00+00:00,0.26473533044361464,0.22764705882352948,0.0062657299294592815,0.012661320819594086,True,False
2026-09-16,NYC,KXHIGHNY-26SEP16,1,prev18Z->00Z,80.0,2.0,79.0,2.0,-1.0,0.0,2026-09-16T01:00:00+00:00,2026-09-16T04:00:00+00:00,0.3493326438804162,0.23836996336996338,0.010510956147450134,0.03135747384602373,True,False
2026-09-17,Denver,KXHIGHDEN-26SEP17,1,prev18Z->00Z,84.0,3.0,83.0,3.0,-1.0,0.0,2026-09-17T01:00:00+00:00,2026-09-17T04:00:00+00:00,0.25055725732621875,0.06571287152049402,-0.0038086526830038913,0.02057382682406675,False,False
2026-09-17,Denver,KXHIGHDEN-26SEP17,3,06Z->12Z,82.0,3.0,84.0,3.0,2.0,0.0,2026-09-17T13:00:00+00:00,2026-09-17T16:00:00+00:00,0.5152925877698333,0.21095238095238095,0.03505771070920315,0.08534592038484987,True,False
2026-09-17,NYC,KXHIGHNY-26SEP17,3,06Z->12Z,81.0,2.0,82.0,2.0,1.0,0.0,2026-09-17T13:00:00+00:00,2026-09-17T16:00:00+00:00,0.3948253027316948,0.7339290026563631,0.06261606912158392,0.03564837103940073,True,False
2026-09-18,Chicago,KXHIGHCHI-26SEP18,3,06Z->12Z,72.0,2.0,73.0,2.0,1.0,0.0,2026-09-18T13:00:00+00:00,2026-09-18T16:00:00+00:00,0.3493326438804162,0.21452145214521448,-0.017516952432451646,0.03135747384602373,False,False
2026-09-18,Denver,KXHIGHDEN-26SEP18,3,06Z->12Z,85.0,2.0,86.0,2.0,1.0,0.0,2026-09-18T13:00:00+00:00,2026-09-18T16:00:00+00:00,0.3948253027316948,0.2185400806090461,-0.002388793278806171,0.054141869636056474,False,False
2026-09-18,NYC,KXHIGHNY-26SEP18,1,prev18Z->00Z,80.0,1.0,81.0,1.0,1.0,0.0,2026-09-18T01:00:00+00:00,2026-09-18T04:00:00+00:00,0.48346067491425776,0.30174656261612776,0.058980024766442596,0.1140488596748308,True,False
2026-09-19,Chicago,KXHIGHCHI-26SEP19,1,prev18Z->00Z,77.0,7.0,77.0,6.0,0.0,-1.0,2026-09-19T01:00:00+00:00,2026-09-19T04:00:00+00:00,0.11678017655572814,0.1687227866473148,0.0030710500495867085,0.002731266211914469,True,False
2026-09-19,Chicago,KXHIGHCHI-26SEP19,3,06Z->12Z,77.0,6.0,77.0,5.0,0.0,-1.0,2026-09-19T13:00:00+00:00,2026-09-19T16:00:00+00:00,0.14783237800621074,0.7486274509803922,-0.009446810706077247,0.004426653536159659,False,False
2026-09-19,Denver,KXHIGHDEN-26SEP19,3,06Z->12Z,76.0,3.0,77.0,2.0,1.0,-1.0,2026-09-19T13:00:00+00:00,2026-09-19T16:00:00+00:00,0.4592716189283452,0.32204065364687123,-0.0063944810823144335,0.045240811072083706,False,False
2026-09-20,Chicago,KXHIGHCHI-26SEP20,1,prev18Z->00Z,69.0,1.0,70.0,2.0,1.0,1.0,2026-09-20T01:00:00+00:00,2026-09-20T04:00:00+00:00,0.6689729460964364,0.30093457943925234,-0.04574738803409576,0.1317976896645275,False,False
2026-09-20,Chicago,KXHIGHCHI-26SEP20,2,00Z->06Z,70.0,2.0,69.0,2.0,-1.0,0.0,2026-09-20T06:00:00+00:00,2026-09-20T09:00:00+00:00,0.3493326438804163,0.058252427184466285,-0.005172379295955584,0.045657602803979944,False,False
2026-09-20,Chicago,KXHIGHCHI-26SEP20,3,06Z->12Z,69.0,2.0,70.0,2.0,1.0,0.0,2026-09-20T13:00:00+00:00,2026-09-20T16:00:00+00:00,0.3493326438804163,0.026454033771107284,0.0014464560762342048,0.045657602803979944,True,False
2026-09-20,Denver,KXHIGHDEN-26SEP20,1,prev18Z->00Z,71.0,3.0,72.0,2.0,1.0,-1.0,2026-09-20T01:00:00+00:00,2026-09-20T04:00:00+00:00,0.4464230918395081,0.05063624396665206,0.002124561696936587,0.04096690455952479,True,False
2026-09-20,Denver,KXHIGHDEN-26SEP20,3,06Z->12Z,72.0,2.0,73.0,3.0,1.0,1.0,2026-09-20T13:00:00+00:00,2026-09-20T16:00:00+00:00,0.4592716189283452,0.14815872789164225,0.02162028138741558,0.06533966653903754,True,False
2026-09-20,NYC,KXHIGHNY-26SEP20,2,00Z->06Z,71.0,4.0,70.0,3.0,-1.0,-1.0,2026-09-20T06:00:00+00:00,2026-09-20T09:00:00+00:00,0.30300370472726623,0.0175745307324256,-0.0006852379895900652,0.02093480086723673,False,False
2026-09-20,NYC,KXHIGHNY-26SEP20,3,06Z->12Z,70.0,3.0,71.0,3.0,1.0,0.0,2026-09-20T13:00:00+00:00,2026-09-20T16:00:00+00:00,0.26473533044361464,0.05389305816135082,-0.00420115534326359,0.022403498801146574,False,False
2026-09-21,Denver,KXHIGHDEN-26SEP21,1,prev18Z->00Z,74.0,2.0,74.0,1.0,0.0,-1.0,2026-09-21T01:00:00+00:00,2026-09-21T04:00:00+00:00,0.5185205188981787,0.1379922132965354,0.002648068883363163,0.08758059250187705,True,False
2026-09-21,Denver,KXHIGHDEN-26SEP21,2,00Z->06Z,74.0,1.0,74.0,2.0,0.0,1.0,2026-09-21T06:00:00+00:00,2026-09-21T09:00:00+00:00,0.5185205188981787,0.08632534653946053,-0.008949575676188547,0.08758059250187705,False,False
2026-09-21,Denver,KXHIGHDEN-26SEP21,3,06Z->12Z,74.0,2.0,75.0,2.0,1.0,0.0,2026-09-21T13:00:00+00:00,2026-09-21T16:00:00+00:00,0.3493326438804162,0.14267147306211517,0.010059469678058574,0.03135747384602373,True,False
2026-09-21,NYC,KXHIGHNY-26SEP21,2,00Z->06Z,70.0,3.0,71.0,3.0,1.0,0.0,2026-09-21T06:00:00+00:00,2026-09-21T09:00:00+00:00,0.2505572573262188,0.162820512820513,-0.001565529036730039,0.013835579598843888,False,False
2026-09-21,NYC,KXHIGHNY-26SEP21,3,06Z->12Z,71.0,3.0,73.0,2.0,2.0,-1.0,2026-09-21T13:00:00+00:00,2026-09-21T16:00:00+00:00,0.6791129604680709,0.37633374987984247,0.019856205402241,0.09524295533772324,True,False
2026-09-22,Chicago,KXHIGHCHI-26SEP22,3,06Z->12Z,63.0,2.0,65.0,2.0,2.0,0.0,2026-09-22T13:00:00+00:00,2026-09-22T16:00:00+00:00,0.744157946612111,0.12712215320910972,0.016585396064162823,0.12277990296844739,True,False
2026-09-22,NYC,KXHIGHNY-26SEP22,3,06Z->12Z,64.0,3.0,67.0,3.0,3.0,0.0,2026-09-22T13:00:00+00:00,2026-09-22T16:00:00+00:00,0.7277109032945213,0.2645816314622478,0.021960789931373476,0.11788970654087613,True,False
2026-09-23,Chicago,KXHIGHCHI-26SEP23,1,prev18Z->00Z,67.0,2.0,66.0,2.0,-1.0,0.0,2026-09-23T01:00:00+00:00,2026-09-23T04:00:00+00:00,0.3948253027316948,0.13509139375476018,0.011133212445064414,0.030585377545947992,True,False
2026-09-23,Chicago,KXHIGHCHI-26SEP23,3,06Z->12Z,66.0,2.0,68.0,3.0,2.0,1.0,2026-09-23T13:00:00+00:00,2026-09-23T16:00:00+00:00,0.656332787444482,0.42308764755088785,-0.04021785453559026,0.10065085001382099,False,False
2026-09-23,Denver,KXHIGHDEN-26SEP23,2,00Z->06Z,79.0,2.0,78.0,2.0,-1.0,0.0,2026-09-23T06:00:00+00:00,2026-09-23T09:00:00+00:00,0.3493326438804162,0.21570504056148052,0.0037886499328727667,0.03135747384602373,True,False
2026-09-23,Denver,KXHIGHDEN-26SEP23,3,06Z->12Z,78.0,2.0,80.0,2.0,2.0,0.0,2026-09-23T13:00:00+00:00,2026-09-23T16:00:00+00:00,0.7441579466121109,0.2935334363275215,-0.006176345578223097,0.11359900123881203,False,False
2026-09-23,NYC,KXHIGHNY-26SEP23,3,06Z->12Z,67.0,2.0,69.0,2.0,2.0,0.0,2026-09-23T13:00:00+00:00,2026-09-23T16:00:00+00:00,0.7441579466121109,0.2675654534578752,-0.0206555546640731,0.11359900123881203,False,False
2026-09-24,Chicago,KXHIGHCHI-26SEP24,3,06Z->12Z,69.0,2.0,72.0,1.0,3.0,-1.0,2026-09-24T16:00:00+00:00,2026-09-24T19:00:00+00:00,1.1849933207142953,1.3714427860696516,0.24689794482575916,0.4555032156823244,True,False
2026-09-24,Denver,KXHIGHDEN-26SEP24,3,06Z->12Z,72.0,4.0,75.0,3.0,3.0,-1.0,2026-09-24T16:00:00+00:00,2026-09-24T19:00:00+00:00,0.6571785411910118,0.13076923076923086,-0.014112341448382595,0.13573243475156108,False,False
2026-09-24,NYC,KXHIGHNY-26SEP24,3,06Z->12Z,68.0,3.0,69.0,2.0,1.0,-1.0,2026-09-24T16:00:00+00:00,2026-09-24T19:00:00+00:00,0.4566816998840014,0.20252025202520235,0.00039682661158958656,0.05375046899534475,True,False
2026-09-25,Chicago,KXHIGHCHI-26SEP25,3,06Z->12Z,66.0,2.0,68.0,1.0,2.0,-1.0,2026-09-25T13:00:00+00:00,2026-09-25T16:00:00+00:00,0.9351644861063275,0.1288378766140605,-0.024674347382615806,0.2925983044736484,False,False
2026-09-25,Denver,KXHIGHDEN-26SEP25,2,00Z->06Z,75.0,3.0,75.0,2.0,0.0,-1.0,2026-09-25T06:00:00+00:00,2026-09-25T09:00:00+00:00,0.35717758729181304,0.12916593193440315,0.0042307197877574435,0.02862300901464625,True,False
2026-09-25,Denver,KXHIGHDEN-26SEP25,3,06Z->12Z,75.0,2.0,76.0,2.0,1.0,0.0,2026-09-25T13:00:00+00:00,2026-09-25T16:00:00+00:00,0.3948253027316948,0.23852840105114217,-0.018408569402304363,0.030585377545947992,False,False
2026-09-25,NYC,KXHIGHNY-26SEP25,1,prev18Z->00Z,69.0,5.0,70.0,4.0,1.0,-1.0,2026-09-25T01:00:00+00:00,2026-09-25T04:00:00+00:00,0.24624425936610028,0.1198086124401916,0.003962692624352111,0.018294375785838687,True,False
2026-09-25,NYC,KXHIGHNY-26SEP25,2,00Z->06Z,70.0,4.0,71.0,3.0,1.0,-1.0,2026-09-25T06:00:00+00:00,2026-09-25T09:00:00+00:00,0.32024772985212147,0.5227920227920227,-0.011663962977274997,0.025470650202492503,False,False
2026-09-25,NYC,KXHIGHNY-26SEP25,3,06Z->12Z,71.0,3.0,72.0,2.0,1.0,-1.0,2026-09-25T13:00:00+00:00,2026-09-25T16:00:00+00:00,0.4464230918395081,0.2829268292682928,-0.005537334173645365,0.04096690455952479,False,False
2026-09-26,Chicago,KXHIGHCHI-26SEP26,1,prev18Z->00Z,68.0,2.0,68.0,3.0,0.0,1.0,2026-09-26T01:00:00+00:00,2026-09-26T04:00:00+00:00,0.35717758729181304,0.31152295395062607,-0.021313036271977275,0.0301047888608289,False,False
2026-09-26,Chicago,KXHIGHCHI-26SEP26,2,00Z->06Z,68.0,3.0,68.0,2.0,0.0,-1.0,2026-09-26T06:00:00+00:00,2026-09-26T09:00:00+00:00,0.35717758729181304,0.14516430171769984,-0.003101321669728481,0.0301047888608289,False,False
2026-09-26,Chicago,KXHIGHCHI-26SEP26,3,06Z->12Z,68.0,2.0,69.0,2.0,1.0,0.0,2026-09-26T13:00:00+00:00,2026-09-26T16:00:00+00:00,0.3493326438804162,0.5712250712250712,-0.02900834675910483,0.03135747384602373,False,False
2026-09-26,Denver,KXHIGHDEN-26SEP26,3,06Z->12Z,82.0,2.0,83.0,1.0,1.0,-1.0,2026-09-26T13:00:00+00:00,2026-09-26T16:00:00+00:00,0.6580227187098681,0.22238537324744212,0.03291366884206108,0.14811334533914286,True,False
2026-09-26,NYC,KXHIGHNY-26SEP26,2,00Z->06Z,62.0,4.0,61.0,3.0,-1.0,-1.0,2026-09-26T06:00:00+00:00,2026-09-26T09:00:00+00:00,0.30300370472726623,0.11604253351826167,-0.0009287455649056564,0.02093480086723673,False,False
2026-09-26,NYC,KXHIGHNY-26SEP26,3,06Z->12Z,61.0,3.0,63.0,4.0,2.0,1.0,2026-09-26T13:00:00+00:00,2026-09-26T16:00:00+00:00,0.4958667884124879,0.06436487638533671,0.003206506196165928,0.06254860052512995,True,False
2026-09-27,Chicago,KXHIGHCHI-26SEP27,1,prev18Z->00Z,69.0,1.0,69.0,2.0,0.0,1.0,2026-09-27T01:00:00+00:00,2026-09-27T04:00:00+00:00,0.5185205188981786,0.19262910798122052,-0.01730161422277697,0.08949282521251054,False,False
2026-09-27,Chicago,KXHIGHCHI-26SEP27,2,00Z->06Z,69.0,2.0,69.0,1.0,0.0,-1.0,2026-09-27T06:00:00+00:00,2026-09-27T09:00:00+00:00,0.5185205188981786,0.16748768472906406,0.01451029952838624,0.08949282521251054,True,False
2026-09-27,Chicago,KXHIGHCHI-26SEP27,3,06Z->12Z,69.0,1.0,70.0,1.0,1.0,0.0,2026-09-27T13:00:00+00:00,2026-09-27T16:00:00+00:00,0.48346067491425776,0.20771873105677918,-0.013156906950014407,0.11123064762158459,False,False
2026-09-27,Denver,KXHIGHDEN-26SEP27,1,prev18Z->00Z,83.0,2.0,82.0,2.0,-1.0,0.0,2026-09-27T01:00:00+00:00,2026-09-27T04:00:00+00:00,0.3493326438804162,0.1638916256157636,0.0023714606563906646,0.03135747384602373,True,False
2026-09-27,Denver,KXHIGHDEN-26SEP27,2,00Z->06Z,82.0,2.0,83.0,1.0,1.0,-1.0,2026-09-27T06:00:00+00:00,2026-09-27T09:00:00+00:00,0.7366719291725182,0.04926108374384228,0.006120686781173837,0.14174262390108694,True,False
2026-09-27,Denver,KXHIGHDEN-26SEP27,3,06Z->12Z,83.0,1.0,84.0,2.0,1.0,1.0,2026-09-27T13:00:00+00:00,2026-09-27T16:00:00+00:00,0.6580227187098678,0.19384497509896545,-0.03753176544182308,0.14811334533914275,False,False
2026-09-27,NYC,KXHIGHNY-26SEP27,3,06Z->12Z,66.0,2.0,68.0,2.0,2.0,0.0,2026-09-27T13:00:00+00:00,2026-09-27T16:00:00+00:00,0.744157946612111,0.09302967563837133,-0.012073937962342768,0.12277990296844739,False,False
2026-09-28,Chicago,KXHIGHCHI-26SEP28,3,06Z->12Z,72.0,1.0,73.0,1.0,1.0,0.0,2026-09-28T13:00:00+00:00,2026-09-28T16:00:00+00:00,0.7658498450960521,0.3588130726104198,-0.10345654591020251,0.21507865779060642,False,False
2026-09-28,Denver,KXHIGHDEN-26SEP28,2,00Z->06Z,76.0,3.0,76.0,4.0,0.0,1.0,2026-09-28T06:00:00+00:00,2026-09-28T09:00:00+00:00,0.2655431927263735,0.1226870841308905,0.004301128358705679,0.015415498547051727,True,False
2026-09-28,Denver,KXHIGHDEN-26SEP28,3,06Z->12Z,76.0,4.0,77.0,3.0,1.0,-1.0,2026-09-28T13:00:00+00:00,2026-09-28T16:00:00+00:00,0.32024772985212147,0.6895037329819939,-0.04774033457681359,0.025470650202492503,False,False
2026-09-28,NYC,KXHIGHNY-26SEP28,2,00Z->06Z,65.0,3.0,64.0,3.0,-1.0,0.0,2026-09-28T06:00:00+00:00,2026-09-28T09:00:00+00:00,0.25055725732621886,0.15993907083016,0.010779554050905131,0.020596468405747432,True,False
2026-09-28,NYC,KXHIGHNY-26SEP28,3,06Z->12Z,64.0,3.0,65.0,2.0,1.0,-1.0,2026-09-28T13:00:00+00:00,2026-09-28T16:00:00+00:00,0.45668169988400154,0.16948739208896266,-0.02719051530330471,0.06815377298890096,False,False
