segment,model,scenario,city_days_available,trades,total_pnl,mean_pnl_per_city_day,mean_pnl_per_trade,positive_pnl,top1_positive_share,top3_positive_share,best_date_pnl,worst_date_pnl
corrected_historical_evaluation,M0,baseline,45,42,0.4199999999999994,0.0093333333333333,0.0099999999999999,8.18,0.0880195599022004,0.254278728606357,0.8199999999999998,-0.99
corrected_historical_evaluation,M0,adverse_1c,45,42,-1.1032841307212493e-15,-2.4517425127138873e-17,-2.3625281625207947e-17,7.929999999999999,0.0895334174022698,0.2585119798234552,0.79,-1.01
corrected_historical_evaluation,M0,adverse_2c,45,42,-0.4200000000000015,-0.0093333333333333,-0.01,7.689999999999999,0.0910273081924577,0.2626788036410923,0.76,-1.03
corrected_historical_evaluation,M0,delay_1h,45,42,0.6199999999999997,0.0137777777777777,0.0147619047619047,7.970000000000001,0.082810539523212,0.2358845671267251,0.87,-0.94
corrected_historical_evaluation,M2,baseline,45,43,0.4799999999999988,0.0106666666666666,0.0111627906976743,8.01,0.0898876404494382,0.2384519350811485,0.9499999999999998,-0.9000000000000001
corrected_historical_evaluation,M2,adverse_1c,45,43,0.0499999999999989,0.001111111111111,0.0011627906976743,7.739999999999998,0.0917312661498708,0.2428940568475452,0.9199999999999998,-0.93
corrected_historical_evaluation,M2,adverse_2c,45,43,-0.3700000000000011,-0.0082222222222222,-0.0086046511627907,7.489999999999999,0.0934579439252336,0.246995994659546,0.8899999999999998,-0.96
corrected_historical_evaluation,M2,delay_1h,45,43,0.8399999999999991,0.0186666666666666,0.0195348837209302,7.94,0.0831234256926952,0.2367758186397985,1.01,-0.8300000000000001
rolling_development,M0,baseline,51,43,2.259999999999999,0.044313725490196,0.0525581395348837,9.009999999999998,0.0954495005549389,0.2352941176470588,1.1699999999999997,-1.05
rolling_development,M0,adverse_1c,51,43,1.8299999999999987,0.0358823529411764,0.0425581395348836,8.749999999999998,0.0971428571428571,0.2388571428571428,1.1399999999999997,-1.08
rolling_development,M0,adverse_2c,51,43,1.3999999999999997,0.0274509803921568,0.0325581395348836,8.489999999999998,0.0989399293286219,0.2426383981154299,1.11,-1.11
rolling_development,M0,delay_1h,51,43,2.6699999999999995,0.0523529411764705,0.0620930232558139,9.16,0.093886462882096,0.2456331877729257,1.19,-0.93
rolling_development,M2,baseline,51,44,-2.6300000000000012,-0.0515686274509804,-0.0597727272727272,7.1899999999999995,0.0945757997218358,0.2531293463143254,1.15,-1.16
rolling_development,M2,adverse_1c,51,44,-3.0700000000000007,-0.0601960784313725,-0.0697727272727272,6.99,0.0958512160228898,0.2560801144492131,1.13,-1.1900000000000002
rolling_development,M2,adverse_2c,51,44,-3.5100000000000016,-0.0688235294117647,-0.0797727272727273,6.789999999999999,0.09720176730486,0.2592047128129602,1.11,-1.2200000000000002
rolling_development,M2,delay_1h,51,44,-2.3800000000000012,-0.0466666666666666,-0.0540909090909091,7.07,0.1018387553041018,0.2814710042432814,1.19,-1.29
