economic_segment,model,city,event_date_local,event_ticker,trade,bucket,side,entry_price,fee,estimated_net_ev,action_true,realized_pnl
rolling_development,M0,Chicago,2026-08-28,KXHIGHCHI-26AUG28,0,,NO_TRADE,0.0,0.0,0.0,,0.0
rolling_development,M0,Denver,2026-08-28,KXHIGHDEN-26AUG28,1,5.0,YES,0.3,0.02,0.0916255001200807,0.0,-0.32
rolling_development,M0,NYC,2026-08-28,KXHIGHNY-26AUG28,1,3.0,NO,0.78,0.02,0.0099561814976255,1.0,0.1999999999999999
rolling_development,M0,Chicago,2026-08-29,KXHIGHCHI-26AUG29,0,,NO_TRADE,0.0,0.0,0.0,,0.0
rolling_development,M0,Denver,2026-08-29,KXHIGHDEN-26AUG29,0,,NO_TRADE,0.0,0.0,0.0,,0.0
rolling_development,M0,NYC,2026-08-29,KXHIGHNY-26AUG29,0,,NO_TRADE,0.0,0.0,0.0,,0.0
rolling_development,M0,Chicago,2026-08-30,KXHIGHCHI-26AUG30,1,1.0,NO,0.05,0.01,0.0019944769529581,0.0,-0.06
rolling_development,M0,Denver,2026-08-30,KXHIGHDEN-26AUG30,1,4.0,YES,0.22,0.02,0.0410165458217264,0.0,-0.24
rolling_development,M0,NYC,2026-08-30,KXHIGHNY-26AUG30,1,2.0,NO,0.87,0.01,0.0001193288799603,1.0,0.12
rolling_development,M0,Chicago,2026-08-31,KXHIGHCHI-26AUG31,0,,NO_TRADE,0.0,0.0,0.0,,0.0
rolling_development,M0,Denver,2026-08-31,KXHIGHDEN-26AUG31,1,5.0,YES,0.42,0.02,0.0791518970291506,1.0,0.56
rolling_development,M0,NYC,2026-08-31,KXHIGHNY-26AUG31,0,,NO_TRADE,0.0,0.0,0.0,,0.0
rolling_development,M0,Chicago,2026-09-01,KXHIGHCHI-26SEP01,1,6.0,NO,0.51,0.02,0.1892575875761711,1.0,0.47
rolling_development,M0,Denver,2026-09-01,KXHIGHDEN-26SEP01,1,5.0,YES,0.3,0.02,0.0795322945904807,1.0,0.6799999999999999
rolling_development,M0,NYC,2026-09-01,KXHIGHNY-26SEP01,0,,NO_TRADE,0.0,0.0,0.0,,0.0
rolling_development,M0,Chicago,2026-09-02,KXHIGHCHI-26SEP02,1,2.0,NO,0.87,0.01,0.0046614540947553,1.0,0.12
rolling_development,M0,Denver,2026-09-02,KXHIGHDEN-26SEP02,1,2.0,NO,0.62,0.02,0.0144993882282077,0.0,-0.64
rolling_development,M0,NYC,2026-09-02,KXHIGHNY-26SEP02,0,,NO_TRADE,0.0,0.0,0.0,,0.0
rolling_development,M0,Chicago,2026-09-03,KXHIGHCHI-26SEP03,1,5.0,YES,0.25,0.02,0.1525323899353771,0.0,-0.27
rolling_development,M0,Denver,2026-09-03,KXHIGHDEN-26SEP03,1,5.0,YES,0.19,0.02,0.0713275280444291,0.0,-0.21
rolling_development,M0,NYC,2026-09-03,KXHIGHNY-26SEP03,1,3.0,NO,0.9,0.01,0.0028244106507982,1.0,0.0899999999999999
rolling_development,M0,Chicago,2026-09-04,KXHIGHCHI-26SEP04,1,5.0,YES,0.38,0.02,0.2094483977163537,0.0,-0.4
rolling_development,M0,Denver,2026-09-04,KXHIGHDEN-26SEP04,1,5.0,YES,0.33,0.02,0.0712975215355085,0.0,-0.35
rolling_development,M0,NYC,2026-09-04,KXHIGHNY-26SEP04,1,4.0,YES,0.28,0.02,0.0547708769708026,0.0,-0.3
rolling_development,M0,Chicago,2026-09-05,KXHIGHCHI-26SEP05,1,2.0,YES,0.54,0.02,0.0301207147021089,1.0,0.4399999999999999
rolling_development,M0,Denver,2026-09-05,KXHIGHDEN-26SEP05,1,5.0,YES,0.55,0.02,0.0435635490687406,1.0,0.4299999999999999
rolling_development,M0,NYC,2026-09-05,KXHIGHNY-26SEP05,1,2.0,YES,0.68,0.02,0.0367741306957177,1.0,0.2999999999999999
rolling_development,M0,Chicago,2026-09-06,KXHIGHCHI-26SEP06,1,3.0,NO,0.55,0.02,0.0824016360408177,1.0,0.4299999999999999
rolling_development,M0,Denver,2026-09-06,KXHIGHDEN-26SEP06,1,1.0,NO,0.95,0.01,0.0081830433893575,1.0,0.04
rolling_development,M0,NYC,2026-09-06,KXHIGHNY-26SEP06,1,1.0,NO,0.95,0.01,0.0095270829671629,1.0,0.04
rolling_development,M0,Chicago,2026-09-07,KXHIGHCHI-26SEP07,1,4.0,YES,0.64,0.02,0.0991509110405644,1.0,0.3399999999999999
rolling_development,M0,Denver,2026-09-07,KXHIGHDEN-26SEP07,1,3.0,NO,0.79,0.02,0.0687893434845699,1.0,0.1899999999999999
rolling_development,M0,NYC,2026-09-07,KXHIGHNY-26SEP07,1,4.0,YES,0.19,0.02,0.0135277366105312,0.0,-0.21
rolling_development,M0,Chicago,2026-09-08,KXHIGHCHI-26SEP08,1,2.0,YES,0.59,0.02,0.0634277115394554,0.0,-0.61
rolling_development,M0,Denver,2026-09-08,KXHIGHDEN-26SEP08,1,4.0,YES,0.42,0.02,0.1086540337880514,1.0,0.56
rolling_development,M0,NYC,2026-09-08,KXHIGHNY-26SEP08,1,2.0,YES,0.55,0.02,0.0527910103131019,1.0,0.4299999999999999
rolling_development,M0,Chicago,2026-09-09,KXHIGHCHI-26SEP09,1,2.0,YES,0.55,0.02,0.0731754353177982,1.0,0.4299999999999999
rolling_development,M0,Denver,2026-09-09,KXHIGHDEN-26SEP09,1,4.0,YES,0.4,0.02,0.1301995742450266,1.0,0.58
rolling_development,M0,NYC,2026-09-09,KXHIGHNY-26SEP09,1,1.0,NO,0.4599999999999999,0.02,0.0496155444902382,0.0,-0.48
rolling_development,M0,Chicago,2026-09-10,KXHIGHCHI-26SEP10,1,3.0,NO,0.62,0.02,0.1314257551874698,1.0,0.36
rolling_development,M0,Denver,2026-09-10,KXHIGHDEN-26SEP10,1,2.0,YES,0.38,0.02,0.0219345729157123,0.0,-0.4
rolling_development,M0,NYC,2026-09-10,KXHIGHNY-26SEP10,1,2.0,YES,0.57,0.02,0.0558358879043288,0.0,-0.59
rolling_development,M0,Chicago,2026-09-11,KXHIGHCHI-26SEP11,1,3.0,NO,0.88,0.01,0.0360213154175478,1.0,0.11
rolling_development,M0,Denver,2026-09-11,KXHIGHDEN-26SEP11,1,4.0,YES,0.56,0.02,0.0940932193723371,0.0,-0.5800000000000001
rolling_development,M0,NYC,2026-09-11,KXHIGHNY-26SEP11,1,3.0,NO,0.74,0.02,0.0317800467983217,1.0,0.24
rolling_development,M0,Chicago,2026-09-12,KXHIGHCHI-26SEP12,1,4.0,YES,0.13,0.01,0.0081563829654166,1.0,0.86
rolling_development,M0,Denver,2026-09-12,KXHIGHDEN-26SEP12,1,3.0,NO,0.48,0.02,0.0600030657129308,1.0,0.5
rolling_development,M0,NYC,2026-09-12,KXHIGHNY-26SEP12,1,4.0,YES,0.31,0.02,0.0532488948868476,0.0,-0.33
rolling_development,M0,Chicago,2026-09-13,KXHIGHCHI-26SEP13,1,3.0,NO,0.74,0.02,0.060191483841928,0.0,-0.76
rolling_development,M0,Denver,2026-09-13,KXHIGHDEN-26SEP13,1,4.0,YES,0.65,0.02,0.0578845749085429,1.0,0.3299999999999999
rolling_development,M0,NYC,2026-09-13,KXHIGHNY-26SEP13,1,3.0,NO,0.83,0.01,0.0224585537745719,1.0,0.16
rolling_development,M2,Chicago,2026-08-28,KXHIGHCHI-26AUG28,1,2.0,YES,0.08,0.01,0.0245674795577563,0.0,-0.09
rolling_development,M2,Denver,2026-08-28,KXHIGHDEN-26AUG28,1,5.0,YES,0.3,0.02,0.1503617082874195,0.0,-0.32
rolling_development,M2,NYC,2026-08-28,KXHIGHNY-26AUG28,1,2.0,YES,0.45,0.02,0.0210161669298478,0.0,-0.47
rolling_development,M2,Chicago,2026-08-29,KXHIGHCHI-26AUG29,1,4.0,YES,0.06,0.01,0.012923477559787,0.0,-0.0699999999999999
rolling_development,M2,Denver,2026-08-29,KXHIGHDEN-26AUG29,1,4.0,YES,0.04,0.01,0.025359140181111,0.0,-0.05
rolling_development,M2,NYC,2026-08-29,KXHIGHNY-26AUG29,1,1.0,NO,0.3399999999999999,0.02,0.0535127490591678,0.0,-0.36
rolling_development,M2,Chicago,2026-08-30,KXHIGHCHI-26AUG30,0,,NO_TRADE,0.0,0.0,0.0,,0.0
rolling_development,M2,Denver,2026-08-30,KXHIGHDEN-26AUG30,1,4.0,YES,0.22,0.02,0.1228519761620643,0.0,-0.24
rolling_development,M2,NYC,2026-08-30,KXHIGHNY-26AUG30,0,,NO_TRADE,0.0,0.0,0.0,,0.0
rolling_development,M2,Chicago,2026-08-31,KXHIGHCHI-26AUG31,1,3.0,NO,0.65,0.02,0.0699100722607043,0.0,-0.67
rolling_development,M2,Denver,2026-08-31,KXHIGHDEN-26AUG31,1,6.0,NO,0.87,0.01,0.0683548057286651,1.0,0.12
rolling_development,M2,NYC,2026-08-31,KXHIGHNY-26AUG31,1,2.0,NO,0.5900000000000001,0.02,0.0258485174673779,0.0,-0.6100000000000001
rolling_development,M2,Chicago,2026-09-01,KXHIGHCHI-26SEP01,1,6.0,NO,0.51,0.02,0.2231614130287514,1.0,0.47
rolling_development,M2,Denver,2026-09-01,KXHIGHDEN-26SEP01,1,5.0,YES,0.3,0.02,0.0846321491120266,1.0,0.6799999999999999
rolling_development,M2,NYC,2026-09-01,KXHIGHNY-26SEP01,0,,NO_TRADE,0.0,0.0,0.0,,0.0
rolling_development,M2,Chicago,2026-09-02,KXHIGHCHI-26SEP02,0,,NO_TRADE,0.0,0.0,0.0,,0.0
rolling_development,M2,Denver,2026-09-02,KXHIGHDEN-26SEP02,1,3.0,NO,0.4499999999999999,0.02,0.0165892624039633,1.0,0.53
rolling_development,M2,NYC,2026-09-02,KXHIGHNY-26SEP02,0,,NO_TRADE,0.0,0.0,0.0,,0.0
rolling_development,M2,Chicago,2026-09-03,KXHIGHCHI-26SEP03,1,5.0,YES,0.25,0.02,0.1572188693838984,0.0,-0.27
rolling_development,M2,Denver,2026-09-03,KXHIGHDEN-26SEP03,1,5.0,YES,0.19,0.02,0.0883168855498012,0.0,-0.21
rolling_development,M2,NYC,2026-09-03,KXHIGHNY-26SEP03,1,1.0,NO,0.5900000000000001,0.02,0.0334159995593459,1.0,0.3899999999999999
rolling_development,M2,Chicago,2026-09-04,KXHIGHCHI-26SEP04,1,5.0,YES,0.38,0.02,0.1861016532667123,0.0,-0.4
rolling_development,M2,Denver,2026-09-04,KXHIGHDEN-26SEP04,1,5.0,YES,0.33,0.02,0.0729841531521368,0.0,-0.35
rolling_development,M2,NYC,2026-09-04,KXHIGHNY-26SEP04,0,,NO_TRADE,0.0,0.0,0.0,,0.0
rolling_development,M2,Chicago,2026-09-05,KXHIGHCHI-26SEP05,1,1.0,YES,0.38,0.02,0.0593074331840086,0.0,-0.4
rolling_development,M2,Denver,2026-09-05,KXHIGHDEN-26SEP05,1,5.0,YES,0.55,0.02,0.0590367942734745,1.0,0.4299999999999999
rolling_development,M2,NYC,2026-09-05,KXHIGHNY-26SEP05,1,2.0,YES,0.68,0.02,0.0315410061937812,1.0,0.2999999999999999
rolling_development,M2,Chicago,2026-09-06,KXHIGHCHI-26SEP06,1,3.0,NO,0.55,0.02,0.070316224118233,1.0,0.4299999999999999
rolling_development,M2,Denver,2026-09-06,KXHIGHDEN-26SEP06,1,3.0,NO,0.35,0.02,0.0150863948931793,0.0,-0.37
rolling_development,M2,NYC,2026-09-06,KXHIGHNY-26SEP06,1,2.0,YES,0.37,0.02,0.0369344086056592,0.0,-0.39
rolling_development,M2,Chicago,2026-09-07,KXHIGHCHI-26SEP07,1,4.0,YES,0.64,0.02,0.0972138369388898,1.0,0.3399999999999999
rolling_development,M2,Denver,2026-09-07,KXHIGHDEN-26SEP07,1,3.0,NO,0.79,0.02,0.0766496170122427,1.0,0.1899999999999999
rolling_development,M2,NYC,2026-09-07,KXHIGHNY-26SEP07,1,2.0,NO,0.76,0.02,0.0587940033678897,0.0,-0.78
rolling_development,M2,Chicago,2026-09-08,KXHIGHCHI-26SEP08,1,2.0,YES,0.59,0.02,0.0724354539621079,0.0,-0.61
rolling_development,M2,Denver,2026-09-08,KXHIGHDEN-26SEP08,1,4.0,YES,0.42,0.02,0.1068573864819658,1.0,0.56
rolling_development,M2,NYC,2026-09-08,KXHIGHNY-26SEP08,1,1.0,NO,0.95,0.01,0.0246164918376727,1.0,0.04
rolling_development,M2,Chicago,2026-09-09,KXHIGHCHI-26SEP09,1,2.0,YES,0.55,0.02,0.08239719275335,1.0,0.4299999999999999
rolling_development,M2,Denver,2026-09-09,KXHIGHDEN-26SEP09,1,4.0,YES,0.4,0.02,0.1347985361338888,1.0,0.58
rolling_development,M2,NYC,2026-09-09,KXHIGHNY-26SEP09,1,1.0,NO,0.4599999999999999,0.02,0.0540866672154432,0.0,-0.48
rolling_development,M2,Chicago,2026-09-10,KXHIGHCHI-26SEP10,1,3.0,NO,0.62,0.02,0.1342683580462814,1.0,0.36
rolling_development,M2,Denver,2026-09-10,KXHIGHDEN-26SEP10,1,2.0,YES,0.38,0.02,0.0225089457570834,0.0,-0.4
rolling_development,M2,NYC,2026-09-10,KXHIGHNY-26SEP10,1,2.0,YES,0.57,0.02,0.0640389185576645,0.0,-0.59
rolling_development,M2,Chicago,2026-09-11,KXHIGHCHI-26SEP11,1,3.0,NO,0.88,0.01,0.0397433457147803,1.0,0.11
rolling_development,M2,Denver,2026-09-11,KXHIGHDEN-26SEP11,1,3.0,NO,0.6599999999999999,0.02,0.0666355916432717,0.0,-0.6799999999999999
rolling_development,M2,NYC,2026-09-11,KXHIGHNY-26SEP11,1,3.0,NO,0.74,0.02,0.023807630811066,1.0,0.24
rolling_development,M2,Chicago,2026-09-12,KXHIGHCHI-26SEP12,0,,NO_TRADE,0.0,0.0,0.0,,0.0
rolling_development,M2,Denver,2026-09-12,KXHIGHDEN-26SEP12,1,3.0,NO,0.48,0.02,0.0163000099885855,1.0,0.5
rolling_development,M2,NYC,2026-09-12,KXHIGHNY-26SEP12,1,4.0,YES,0.31,0.02,0.0401937238758554,0.0,-0.33
rolling_development,M2,Chicago,2026-09-13,KXHIGHCHI-26SEP13,1,4.0,YES,0.66,0.02,0.0751668725013624,0.0,-0.68
rolling_development,M2,Denver,2026-09-13,KXHIGHDEN-26SEP13,1,4.0,YES,0.65,0.02,0.078148351567617,1.0,0.3299999999999999
rolling_development,M2,NYC,2026-09-13,KXHIGHNY-26SEP13,1,3.0,NO,0.83,0.01,0.0249748011951521,1.0,0.16
corrected_historical_evaluation,M0,Chicago,2026-09-14,KXHIGHCHI-26SEP14,1,3.0,NO,0.47,0.02,0.045890190717976,1.0,0.51
corrected_historical_evaluation,M0,Denver,2026-09-14,KXHIGHDEN-26SEP14,1,3.0,NO,0.88,0.01,0.0323239240941056,1.0,0.11
corrected_historical_evaluation,M0,NYC,2026-09-14,KXHIGHNY-26SEP14,1,3.0,NO,0.78,0.02,0.0441318130203106,1.0,0.1999999999999999
corrected_historical_evaluation,M0,Chicago,2026-09-15,KXHIGHCHI-26SEP15,1,3.0,NO,0.78,0.02,0.0485810217439364,1.0,0.1999999999999999
corrected_historical_evaluation,M0,Denver,2026-09-15,KXHIGHDEN-26SEP15,1,2.0,YES,0.33,0.02,0.0214154980651164,1.0,0.6499999999999999
corrected_historical_evaluation,M0,NYC,2026-09-15,KXHIGHNY-26SEP15,1,3.0,NO,0.39,0.02,0.0274761400992455,0.0,-0.41
corrected_historical_evaluation,M0,Chicago,2026-09-16,KXHIGHCHI-26SEP16,1,4.0,YES,0.27,0.02,0.0229455450770485,1.0,0.71
corrected_historical_evaluation,M0,Denver,2026-09-16,KXHIGHDEN-26SEP16,1,3.0,NO,0.87,0.01,0.0357177973554482,1.0,0.12
corrected_historical_evaluation,M0,NYC,2026-09-16,KXHIGHNY-26SEP16,1,3.0,NO,0.42,0.02,0.0571039687562582,0.0,-0.44
corrected_historical_evaluation,M0,Chicago,2026-09-17,KXHIGHCHI-26SEP17,1,3.0,NO,0.5900000000000001,0.02,0.0427629096926998,1.0,0.3899999999999999
corrected_historical_evaluation,M0,Denver,2026-09-17,KXHIGHDEN-26SEP17,1,6.0,NO,0.3199999999999999,0.02,0.2287753466288679,0.0,-0.3399999999999999
corrected_historical_evaluation,M0,NYC,2026-09-17,KXHIGHNY-26SEP17,1,3.0,NO,0.6,0.02,0.0512505064786984,0.0,-0.62
corrected_historical_evaluation,M0,Chicago,2026-09-18,KXHIGHCHI-26SEP18,1,4.0,YES,0.23,0.02,0.0401993233884708,0.0,-0.25
corrected_historical_evaluation,M0,Denver,2026-09-18,KXHIGHDEN-26SEP18,1,5.0,YES,0.33,0.02,0.0248092677673437,0.0,-0.35
corrected_historical_evaluation,M0,NYC,2026-09-18,KXHIGHNY-26SEP18,1,3.0,NO,0.61,0.02,0.0528694700722988,1.0,0.37
corrected_historical_evaluation,M0,Chicago,2026-09-19,KXHIGHCHI-26SEP19,1,4.0,YES,0.16,0.01,0.0139125743106279,0.0,-0.17
corrected_historical_evaluation,M0,Denver,2026-09-19,KXHIGHDEN-26SEP19,1,5.0,YES,0.38,0.02,0.0740232771447278,0.0,-0.4
corrected_historical_evaluation,M0,NYC,2026-09-19,KXHIGHNY-26SEP19,1,3.0,NO,0.4399999999999999,0.02,0.0446863913022013,1.0,0.54
corrected_historical_evaluation,M0,Chicago,2026-09-20,KXHIGHCHI-26SEP20,1,2.0,YES,0.92,0.01,0.0104758069611009,1.0,0.0699999999999999
corrected_historical_evaluation,M0,Denver,2026-09-20,KXHIGHDEN-26SEP20,1,6.0,NO,0.86,0.01,0.0923633266534527,1.0,0.13
corrected_historical_evaluation,M0,NYC,2026-09-20,KXHIGHNY-26SEP20,0,,NO_TRADE,0.0,0.0,0.0,,0.0
corrected_historical_evaluation,M0,Chicago,2026-09-21,KXHIGHCHI-26SEP21,1,3.0,NO,0.83,0.01,0.0323376336517665,0.0,-0.84
corrected_historical_evaluation,M0,Denver,2026-09-21,KXHIGHDEN-26SEP21,1,3.0,NO,0.93,0.01,0.0196646068642898,1.0,0.06
corrected_historical_evaluation,M0,NYC,2026-09-21,KXHIGHNY-26SEP21,1,3.0,NO,0.81,0.02,0.0492065206233821,1.0,0.1699999999999999
corrected_historical_evaluation,M0,Chicago,2026-09-22,KXHIGHCHI-26SEP22,1,2.0,YES,0.52,0.02,0.0456817131125714,0.0,-0.54
corrected_historical_evaluation,M0,Denver,2026-09-22,KXHIGHDEN-26SEP22,1,5.0,YES,0.49,0.02,0.0313205113384964,1.0,0.49
corrected_historical_evaluation,M0,NYC,2026-09-22,KXHIGHNY-26SEP22,1,3.0,NO,0.52,0.02,0.0762460789921113,1.0,0.4599999999999999
corrected_historical_evaluation,M0,Chicago,2026-09-23,KXHIGHCHI-26SEP23,1,3.0,NO,0.49,0.02,0.0559850811758453,0.0,-0.51
corrected_historical_evaluation,M0,Denver,2026-09-23,KXHIGHDEN-26SEP23,1,3.0,NO,0.89,0.01,0.0151773517117438,1.0,0.0999999999999999
corrected_historical_evaluation,M0,NYC,2026-09-23,KXHIGHNY-26SEP23,1,3.0,NO,0.5,0.02,0.0490394799976574,0.0,-0.52
corrected_historical_evaluation,M0,Chicago,2026-09-24,KXHIGHCHI-26SEP24,1,3.0,NO,0.52,0.02,0.0709800493105963,0.0,-0.54
corrected_historical_evaluation,M0,Denver,2026-09-24,KXHIGHDEN-26SEP24,1,6.0,NO,0.26,0.02,0.2196376564280772,1.0,0.72
corrected_historical_evaluation,M0,NYC,2026-09-24,KXHIGHNY-26SEP24,1,3.0,NO,0.76,0.02,0.0349900461703823,1.0,0.22
corrected_historical_evaluation,M0,Chicago,2026-09-25,KXHIGHCHI-26SEP25,1,3.0,NO,0.48,0.02,0.0525968166039627,1.0,0.5
corrected_historical_evaluation,M0,Denver,2026-09-25,KXHIGHDEN-26SEP25,1,3.0,NO,0.6,0.02,0.0474419104852371,1.0,0.38
corrected_historical_evaluation,M0,NYC,2026-09-25,KXHIGHNY-26SEP25,1,3.0,NO,0.48,0.02,0.0515286750702375,0.0,-0.5
corrected_historical_evaluation,M0,Chicago,2026-09-26,KXHIGHCHI-26SEP26,1,3.0,NO,0.4599999999999999,0.02,0.0453934150777419,0.0,-0.48
corrected_historical_evaluation,M0,Denver,2026-09-26,KXHIGHDEN-26SEP26,1,3.0,NO,0.49,0.02,0.0638223367703541,0.0,-0.51
corrected_historical_evaluation,M0,NYC,2026-09-26,KXHIGHNY-26SEP26,0,,NO_TRADE,0.0,0.0,0.0,,0.0
corrected_historical_evaluation,M0,Chicago,2026-09-27,KXHIGHCHI-26SEP27,1,3.0,NO,0.49,0.02,0.0558978718273288,1.0,0.49
corrected_historical_evaluation,M0,Denver,2026-09-27,KXHIGHDEN-26SEP27,1,4.0,YES,0.32,0.02,0.0719020984834658,0.0,-0.34
corrected_historical_evaluation,M0,NYC,2026-09-27,KXHIGHNY-26SEP27,1,3.0,NO,0.85,0.01,0.0283975267176878,1.0,0.14
corrected_historical_evaluation,M0,Chicago,2026-09-28,KXHIGHCHI-26SEP28,1,3.0,NO,0.5900000000000001,0.02,0.0870065067750062,1.0,0.3899999999999999
corrected_historical_evaluation,M0,Denver,2026-09-28,KXHIGHDEN-26SEP28,1,3.0,NO,0.93,0.01,0.0097773938242963,1.0,0.06
corrected_historical_evaluation,M0,NYC,2026-09-28,KXHIGHNY-26SEP28,0,,NO_TRADE,0.0,0.0,0.0,,0.0
corrected_historical_evaluation,M2,Chicago,2026-09-14,KXHIGHCHI-26SEP14,1,3.0,NO,0.47,0.02,0.0267432375410978,1.0,0.51
corrected_historical_evaluation,M2,Denver,2026-09-14,KXHIGHDEN-26SEP14,1,3.0,NO,0.88,0.01,0.0232293291269887,1.0,0.11
corrected_historical_evaluation,M2,NYC,2026-09-14,KXHIGHNY-26SEP14,1,3.0,NO,0.78,0.02,0.0419151767702094,1.0,0.1999999999999999
corrected_historical_evaluation,M2,Chicago,2026-09-15,KXHIGHCHI-26SEP15,1,3.0,NO,0.78,0.02,0.0380471080468476,1.0,0.1999999999999999
corrected_historical_evaluation,M2,Denver,2026-09-15,KXHIGHDEN-26SEP15,1,2.0,YES,0.33,0.02,0.0502854456272982,1.0,0.6499999999999999
corrected_historical_evaluation,M2,NYC,2026-09-15,KXHIGHNY-26SEP15,1,4.0,YES,0.16,0.01,0.0029167848555754,0.0,-0.17
corrected_historical_evaluation,M2,Chicago,2026-09-16,KXHIGHCHI-26SEP16,0,,NO_TRADE,0.0,0.0,0.0,,0.0
corrected_historical_evaluation,M2,Denver,2026-09-16,KXHIGHDEN-26SEP16,1,3.0,NO,0.87,0.01,0.0396786995936813,1.0,0.12
corrected_historical_evaluation,M2,NYC,2026-09-16,KXHIGHNY-26SEP16,1,3.0,NO,0.42,0.02,0.0186627051710161,0.0,-0.44
corrected_historical_evaluation,M2,Chicago,2026-09-17,KXHIGHCHI-26SEP17,1,3.0,NO,0.5900000000000001,0.02,0.0239825834788384,1.0,0.3899999999999999
corrected_historical_evaluation,M2,Denver,2026-09-17,KXHIGHDEN-26SEP17,1,6.0,NO,0.3199999999999999,0.02,0.2722421753243994,0.0,-0.3399999999999999
corrected_historical_evaluation,M2,NYC,2026-09-17,KXHIGHNY-26SEP17,1,3.0,NO,0.6,0.02,0.0475345422505327,0.0,-0.62
corrected_historical_evaluation,M2,Chicago,2026-09-18,KXHIGHCHI-26SEP18,1,4.0,YES,0.23,0.02,0.0257434495751686,0.0,-0.25
corrected_historical_evaluation,M2,Denver,2026-09-18,KXHIGHDEN-26SEP18,1,4.0,YES,0.51,0.02,0.0504808224304347,0.0,-0.53
corrected_historical_evaluation,M2,NYC,2026-09-18,KXHIGHNY-26SEP18,1,3.0,NO,0.61,0.02,0.0323787798083376,1.0,0.37
corrected_historical_evaluation,M2,Chicago,2026-09-19,KXHIGHCHI-26SEP19,1,6.0,NO,0.98,0.01,0.0046600964106203,1.0,0.01
corrected_historical_evaluation,M2,Denver,2026-09-19,KXHIGHDEN-26SEP19,1,5.0,YES,0.38,0.02,0.086966706753441,0.0,-0.4
corrected_historical_evaluation,M2,NYC,2026-09-19,KXHIGHNY-26SEP19,1,3.0,NO,0.4399999999999999,0.02,0.0123996227604522,1.0,0.54
corrected_historical_evaluation,M2,Chicago,2026-09-20,KXHIGHCHI-26SEP20,1,2.0,YES,0.92,0.01,0.0199811474032531,1.0,0.0699999999999999
corrected_historical_evaluation,M2,Denver,2026-09-20,KXHIGHDEN-26SEP20,1,6.0,NO,0.86,0.01,0.1010726148060429,1.0,0.13
corrected_historical_evaluation,M2,NYC,2026-09-20,KXHIGHNY-26SEP20,0,,NO_TRADE,0.0,0.0,0.0,,0.0
corrected_historical_evaluation,M2,Chicago,2026-09-21,KXHIGHCHI-26SEP21,1,3.0,NO,0.83,0.01,0.0428048922254934,0.0,-0.84
corrected_historical_evaluation,M2,Denver,2026-09-21,KXHIGHDEN-26SEP21,1,3.0,NO,0.93,0.01,0.0214876244727562,1.0,0.06
corrected_historical_evaluation,M2,NYC,2026-09-21,KXHIGHNY-26SEP21,1,3.0,NO,0.81,0.02,0.0264276436992576,1.0,0.1699999999999999
corrected_historical_evaluation,M2,Chicago,2026-09-22,KXHIGHCHI-26SEP22,1,2.0,YES,0.52,0.02,0.0621895815293627,0.0,-0.54
corrected_historical_evaluation,M2,Denver,2026-09-22,KXHIGHDEN-26SEP22,1,6.0,NO,0.96,0.01,0.0234976208828162,1.0,0.03
corrected_historical_evaluation,M2,NYC,2026-09-22,KXHIGHNY-26SEP22,1,3.0,NO,0.52,0.02,0.0493039195710425,1.0,0.4599999999999999
corrected_historical_evaluation,M2,Chicago,2026-09-23,KXHIGHCHI-26SEP23,1,3.0,NO,0.49,0.02,0.0228306867766486,0.0,-0.51
corrected_historical_evaluation,M2,Denver,2026-09-23,KXHIGHDEN-26SEP23,1,1.0,YES,0.64,0.02,0.0573334974999495,1.0,0.3399999999999999
corrected_historical_evaluation,M2,NYC,2026-09-23,KXHIGHNY-26SEP23,1,3.0,NO,0.5,0.02,0.030165067765183,0.0,-0.52
corrected_historical_evaluation,M2,Chicago,2026-09-24,KXHIGHCHI-26SEP24,1,3.0,NO,0.52,0.02,0.057674349579883,0.0,-0.54
corrected_historical_evaluation,M2,Denver,2026-09-24,KXHIGHDEN-26SEP24,1,6.0,NO,0.26,0.02,0.245701903319988,1.0,0.72
corrected_historical_evaluation,M2,NYC,2026-09-24,KXHIGHNY-26SEP24,1,2.0,YES,0.6,0.02,0.0511557511772989,1.0,0.38
corrected_historical_evaluation,M2,Chicago,2026-09-25,KXHIGHCHI-26SEP25,1,3.0,NO,0.48,0.02,0.116466782083916,1.0,0.5
corrected_historical_evaluation,M2,Denver,2026-09-25,KXHIGHDEN-26SEP25,1,3.0,NO,0.6,0.02,0.0378895622099256,1.0,0.38
corrected_historical_evaluation,M2,NYC,2026-09-25,KXHIGHNY-26SEP25,1,3.0,NO,0.48,0.02,0.0158983056057555,0.0,-0.5
corrected_historical_evaluation,M2,Chicago,2026-09-26,KXHIGHCHI-26SEP26,1,3.0,NO,0.4599999999999999,0.02,0.0224001648961283,0.0,-0.48
corrected_historical_evaluation,M2,Denver,2026-09-26,KXHIGHDEN-26SEP26,1,3.0,NO,0.49,0.02,0.043332698963894,0.0,-0.51
corrected_historical_evaluation,M2,NYC,2026-09-26,KXHIGHNY-26SEP26,1,2.0,NO,0.9,0.01,0.0019905139184333,1.0,0.0899999999999999
corrected_historical_evaluation,M2,Chicago,2026-09-27,KXHIGHCHI-26SEP27,1,3.0,NO,0.49,0.02,0.0739590049687093,1.0,0.49
corrected_historical_evaluation,M2,Denver,2026-09-27,KXHIGHDEN-26SEP27,1,4.0,YES,0.32,0.02,0.0430909406775171,0.0,-0.34
corrected_historical_evaluation,M2,NYC,2026-09-27,KXHIGHNY-26SEP27,1,3.0,NO,0.85,0.01,0.0485273710166841,1.0,0.14
corrected_historical_evaluation,M2,Chicago,2026-09-28,KXHIGHCHI-26SEP28,1,3.0,NO,0.5900000000000001,0.02,0.0801674069195783,1.0,0.3899999999999999
corrected_historical_evaluation,M2,Denver,2026-09-28,KXHIGHDEN-26SEP28,1,1.0,YES,0.64,0.02,0.0373041958547655,1.0,0.3399999999999999
corrected_historical_evaluation,M2,NYC,2026-09-28,KXHIGHNY-26SEP28,1,2.0,NO,0.76,0.02,0.0012602893376142,1.0,0.22
