event_date_local,numerator,denominator,events
2026-08-14,0.006988611590696491,0.0919660258379429,4
2026-08-15,0.0264895388531863,0.23368779617081759,5
2026-08-16,0.000755894232878416,0.07429207208112079,3
2026-08-17,0.042898320968673104,0.134294850190475,4
2026-08-18,-0.026163976085866972,0.14504028351212,3
2026-08-19,-0.003349576411927121,0.2719715913691575,3
2026-08-20,0.015262987759606857,0.1303663932696799,3
2026-08-21,-0.0007301896964936943,0.0736095441818455,3
2026-08-22,0.04671440056301339,0.3087414972627845,6
2026-08-23,-0.01113135135369299,0.31913361884157454,3
2026-08-24,-0.06698623342408958,0.4514079454246544,5
2026-08-25,-0.011639040523489689,0.38729477540946533,6
2026-08-26,-0.033088454156314506,0.1417224621379333,2
2026-08-27,-0.0019208499384017474,0.2160630797804049,3
2026-08-28,0.0,0.0,0
2026-08-29,-0.0033602382968503045,0.132773384471905,2
2026-08-30,0.005053004636452315,0.1571321624614122,4
2026-08-31,-0.17221224143778122,0.27955577751040933,6
2026-09-01,-0.003974314064483989,0.0439403684596727,2
2026-09-02,-0.013372109449074722,0.2362439857786064,6
2026-09-03,-0.0058185510197839765,0.0356483710394007,1
2026-09-04,0.06031322986392663,0.2295222718376912,6
2026-09-05,0.0528850771177756,0.3166964724799061,7
2026-09-06,0.02642029462430389,0.0561293588803206,2
2026-09-07,0.014104106021247613,0.16498111661692919,2
2026-09-08,-0.0263880885326038,0.1556478999138243,3
2026-09-09,-0.005174572109196767,0.0862077156316085,2
2026-09-10,-0.005503345426181126,0.1835056365868623,3
2026-09-11,-0.0080679728573672,0.2400665532017326,5
2026-09-12,0.0063837833979247215,0.1330145448123252,4
2026-09-13,-0.007704625050322868,0.1666211438856373,5
2026-09-14,-0.052995907845949104,0.2556090646810624,3
2026-09-15,0.00132449711092353,0.1298565667786804,4
2026-09-16,0.028084141773911803,0.09764702004473641,4
2026-09-17,0.06828597613986832,0.1415681182483172,3
2026-09-18,-0.0296320963315648,0.1995482031569109,3
2026-09-19,-0.007090890887734354,0.052398730820157696,3
2026-09-20,0.018732345607566356,0.3727577660394327,7
2026-09-21,0.01374096026261138,0.3155971937863447,5
2026-09-22,-0.0158378174738785,0.2406696095093233,2
2026-09-23,-0.032290902018837844,0.3897917038834165,5
2026-09-24,-0.008063567803004596,0.6449861194292299,3
2026-09-25,-0.03105245256215711,0.4365386215820981,6
2026-09-26,0.004386547746884307,0.3231637982991909,6
2026-09-27,-0.023029964365408953,0.7342096441013061,7
2026-09-28,-0.1301315580288385,0.3447150479347989,5
