event_date_local,numerator,denominator,events,denominator_share
2026-08-14,0.008827081897923975,0.0919660258379429,4,0.008949301255549234
2026-08-15,0.027842157612668544,0.23368779617081759,5,0.022740381229077695
2026-08-16,-0.0023861147522721343,0.07429207208112079,3,0.007229432041833679
2026-08-17,0.038146614727933396,0.134294850190475,4,0.01306835932588013
2026-08-18,-0.02935591913049944,0.14504028351212,3,0.014114007640468312
2026-08-19,-0.009088903412675344,0.2719715913691575,3,0.026465813673439552
2026-08-20,0.01946956414189906,0.1303663932696799,3,0.012686077454576979
2026-08-21,-0.001204318065301034,0.0736095441818455,3,0.007163014604195402
2026-08-22,0.04911902839503137,0.3087414972627845,6,0.030043928112788294
2026-08-23,-0.005101705716864772,0.31913361884157454,3,0.031055195326365286
2026-08-24,-0.0624981545923639,0.4514079454246544,5,0.04392693558241204
2026-08-25,-0.010973528772616108,0.38729477540946533,6,0.03768802216100104
2026-08-26,-0.029163426908105305,0.1417224621379333,2,0.013791147293735281
2026-08-27,-0.0002619977429559172,0.2160630797804049,3,0.02102530335021665
2026-08-28,0.0,0.0,0,0.0
2026-08-29,-0.0019383832358483791,0.132773384471905,2,0.012920304052844118
2026-08-30,0.002226300813981863,0.1571321624614122,4,0.015290679856940275
2026-08-31,-0.16809232972803043,0.27955577751040933,6,0.027203838024691025
2026-09-01,-0.004075989645656882,0.0439403684596727,2,0.004275878956848493
2026-09-02,-0.008619563184653619,0.2362439857786064,6,0.022989126465788448
2026-09-03,-0.0038616092966652395,0.0356483710394007,1,0.0034689768182803284
2026-09-04,0.06467900074294171,0.2295222718376912,6,0.022335030102889435
2026-09-05,0.04757379708928436,0.3166964724799061,7,0.03081803430091367
2026-09-06,0.01929850679549491,0.0561293588803206,2,0.005462001182762672
2026-09-07,0.016042593736762315,0.16498111661692919,2,0.016054469034940573
2026-09-08,-0.025698584643698164,0.1556478999138243,3,0.015146244859780564
2026-09-09,-0.0033282352556457963,0.0862077156316085,2,0.008388954624390044
2026-09-10,-0.0018105070172473748,0.1835056365868623,3,0.017857107654092166
2026-09-11,-0.01019170567851456,0.2400665532017326,5,0.02336110412957797
2026-09-12,0.00807972769617052,0.1330145448123252,4,0.012943771594445994
2026-09-13,-0.007855907419230054,0.1666211438856373,5,0.01621406164494253
2026-09-14,-0.05192148940791197,0.2556090646810624,3,0.024873560672404548
2026-09-15,0.00046450164478547846,0.1298565667786804,4,0.012636465754881986
2026-09-16,0.02768868186347402,0.09764702004473641,4,0.009502124193415592
2026-09-17,0.07266613656293694,0.1415681182483172,3,0.013776127943355155
2026-09-18,-0.03135848618837136,0.1995482031569109,3,0.019418225032378778
2026-09-19,-0.0049103436732537,0.052398730820157696,3,0.0050989702256390625
2026-09-20,0.014520178061136306,0.3727577660394327,7,0.03627341198271182
2026-09-21,0.01291560227778596,0.3155971937863447,5,0.03071106244796198
2026-09-22,-0.011031172655678365,0.2406696095093233,2,0.023419788111206128
2026-09-23,-0.030592276939311963,0.3897917038834165,5,0.03793100064053569
2026-09-24,-0.008099701849906223,0.6449861194292299,3,0.06276421141206233
2026-09-25,-0.031132189903909466,0.4365386215820981,6,0.04247998756741523
2026-09-26,-0.001494826572057576,0.3231637982991909,6,0.031447375914267287
2026-09-27,-0.04036248789003468,0.7342096441013061,7,0.07144663727636344
2026-09-28,-0.12230257099526466,0.3447150479347989,5,0.03354454846973318
