statistic,beta,block_days,ci_lower,ci_upper,bootstrap_reps
primary_normalized_later_window,-0.0281377485926665,1,-0.07969536958963896,0.0217844957787825,10000
primary_normalized_later_window,-0.0281377485926665,3,-0.07276015099968985,0.03359750661691064,10000
primary_normalized_later_window,-0.0281377485926665,7,-0.07177622859842403,0.033097355357728925,10000
raw_midpoint_later_window,-0.02898768311643762,1,-0.08295630879681282,0.021467542796989817,10000
raw_midpoint_later_window,-0.02898768311643762,3,-0.0742609861543233,0.033623533364117636,10000
raw_midpoint_later_window,-0.02898768311643762,7,-0.07616478598054555,0.032719950770037615,10000
pre_publication_placebo,-0.018514098484138423,1,-0.058723527002481124,0.019674364966910957,10000
pre_publication_placebo,-0.018514098484138423,3,-0.06127072772671731,0.01472114805116861,10000
pre_publication_placebo,-0.018514098484138423,7,-0.055854652312326954,0.011236879806505631,10000
