event_date_local,city,event_ticker,revision_sequence,transition,projection_numerator,projection_denominator,directional_dot_positive,directional_dot_zero
2026-08-14,Chicago,KXHIGHCHI-26AUG14,1,prev18Z->00Z,0.008028837098078887,0.0313574738460237,True,False
2026-08-14,Chicago,KXHIGHCHI-26AUG14,3,06Z->12Z,0.020248949975065624,0.0313574738460237,True,False
2026-08-14,Denver,KXHIGHDEN-26AUG14,2,00Z->06Z,0.0008311477210091083,0.0154154985470517,True,False
2026-08-14,Denver,KXHIGHDEN-26AUG14,3,06Z->12Z,-0.001531677788716439,0.0138355795988438,False,False
2026-08-15,Chicago,KXHIGHCHI-26AUG15,1,prev18Z->00Z,0.002412972708003351,0.0305030713260317,True,False
2026-08-15,Chicago,KXHIGHCHI-26AUG15,3,06Z->12Z,-0.028479986875095377,0.0541418696360564,False,False
2026-08-15,Denver,KXHIGHDEN-26AUG15,1,prev18Z->00Z,-0.0003205581031600665,0.0301047888608289,False,False
2026-08-15,Denver,KXHIGHDEN-26AUG15,3,06Z->12Z,0.006226031794091969,0.0313574738460237,True,False
2026-08-15,NYC,KXHIGHNY-26AUG15,3,06Z->12Z,0.008336209843309399,0.0875805925018769,True,False
2026-08-16,Chicago,KXHIGHCHI-26AUG16,3,06Z->12Z,-0.002705484952074109,0.0305853775459479,False,False
2026-08-16,Denver,KXHIGHDEN-26AUG16,1,prev18Z->00Z,0.0011023369051136353,0.013601905674344,True,False
2026-08-17,Chicago,KXHIGHCHI-26AUG17,1,prev18Z->00Z,0.005301987493641743,0.0356483710394007,True,False
2026-08-17,Chicago,KXHIGHCHI-26AUG17,3,06Z->12Z,0.0050778810709343975,0.0456576028039799,True,False
2026-08-17,Denver,KXHIGHDEN-26AUG17,1,prev18Z->00Z,0.00012297946767992723,0.0305853775459479,True,False
2026-08-17,NYC,KXHIGHNY-26AUG17,2,00Z->06Z,-0.0013716241773397819,0.0224034988011465,False,False
2026-08-18,Chicago,KXHIGHCHI-26AUG18,2,00Z->06Z,-0.006703024420790324,0.0452408110720837,False,False
2026-08-18,NYC,KXHIGHNY-26AUG18,1,prev18Z->00Z,0.00582221073134029,0.0456576028039799,True,False
2026-08-18,NYC,KXHIGHNY-26AUG18,3,06Z->12Z,0.013624779737249902,0.0541418696360564,True,False
2026-08-19,Denver,KXHIGHDEN-26AUG19,1,prev18Z->00Z,0.0012691264603633561,0.0409669045595247,True,False
2026-08-19,Denver,KXHIGHDEN-26AUG19,3,06Z->12Z,-0.0005385904083101696,0.0409669045595247,False,False
2026-08-19,NYC,KXHIGHNY-26AUG19,2,00Z->06Z,0.029060566614205044,0.1900377822501081,True,False
2026-08-20,Chicago,KXHIGHCHI-26AUG20,1,prev18Z->00Z,7.295070216880194e-05,0.0313574738460237,True,False
2026-08-20,Chicago,KXHIGHCHI-26AUG20,3,06Z->12Z,0.00767586138051218,0.0894928252125105,True,False
2026-08-21,Chicago,KXHIGHCHI-26AUG21,2,00Z->06Z,-0.00026638461988759844,0.0313574738460237,False,False
2026-08-21,Denver,KXHIGHDEN-26AUG21,1,prev18Z->00Z,0.0014071693126984836,0.0305853775459479,True,False
2026-08-21,NYC,KXHIGHNY-26AUG21,3,06Z->12Z,0.009745334664561813,0.0116666927898739,True,False
2026-08-22,Chicago,KXHIGHCHI-26AUG22,1,prev18Z->00Z,0.0019831943919042055,0.1112306476215845,True,False
2026-08-22,Chicago,KXHIGHCHI-26AUG22,2,00Z->06Z,-0.04912362912948352,0.1112306476215845,False,False
2026-08-22,Denver,KXHIGHDEN-26AUG22,1,prev18Z->00Z,0.0006905546049319717,0.013601905674344,True,False
2026-08-22,Denver,KXHIGHDEN-26AUG22,3,06Z->12Z,-0.00807512332935514,0.013601905674344,False,False
2026-08-22,NYC,KXHIGHNY-26AUG22,2,00Z->06Z,0.008734283046727355,0.0138355795988438,True,False
2026-08-22,NYC,KXHIGHNY-26AUG22,3,06Z->12Z,-0.013966315256334344,0.0452408110720837,False,False
2026-08-23,Chicago,KXHIGHCHI-26AUG23,2,00Z->06Z,-0.0006620654102876518,0.1417426239010869,False,False
2026-08-23,Chicago,KXHIGHCHI-26AUG23,3,06Z->12Z,0.007767288069772444,0.1417426239010869,True,False
2026-08-23,Denver,KXHIGHDEN-26AUG23,2,00Z->06Z,-0.001622246779026017,0.0356483710394007,False,False
2026-08-24,Chicago,KXHIGHCHI-26AUG24,1,prev18Z->00Z,-0.0055110196497028235,0.0305853775459479,False,False
2026-08-24,Chicago,KXHIGHCHI-26AUG24,3,06Z->12Z,-0.002789119095626384,0.0875805925018769,False,False
2026-08-24,Denver,KXHIGHDEN-26AUG24,3,06Z->12Z,-0.01038113381513156,0.087580592501877,False,False
2026-08-24,NYC,KXHIGHNY-26AUG24,2,00Z->06Z,0.012339600251592014,0.0971250134325043,True,False
2026-08-24,NYC,KXHIGHNY-26AUG24,3,06Z->12Z,0.04250075602817106,0.1485363694424483,True,False
2026-08-25,Chicago,KXHIGHCHI-26AUG25,2,00Z->06Z,-0.004740774033895812,0.1417426239010869,False,False
2026-08-25,Chicago,KXHIGHCHI-26AUG25,3,06Z->12Z,0.0006105024290160212,0.1417426239010869,True,False
2026-08-25,Denver,KXHIGHDEN-26AUG25,1,prev18Z->00Z,0.00390908228933521,0.0169589879918168,True,False
2026-08-25,Denver,KXHIGHDEN-26AUG25,2,00Z->06Z,0.00010432280270575425,0.0205964684057474,True,False
2026-08-25,Denver,KXHIGHDEN-26AUG25,3,06Z->12Z,0.00048671524964001675,0.0205964684057474,True,False
2026-08-25,NYC,KXHIGHNY-26AUG25,2,00Z->06Z,0.009873326794511311,0.0456576028039799,True,False
2026-08-26,Chicago,KXHIGHCHI-26AUG26,3,06Z->12Z,0.0011845705420741538,0.0875805925018769,True,False
2026-08-26,Denver,KXHIGHDEN-26AUG26,1,prev18Z->00Z,-0.0018381062999287966,0.0541418696360564,False,False
2026-08-27,Chicago,KXHIGHCHI-26AUG27,1,prev18Z->00Z,0.0047229756379467995,0.0875805925018769,True,False
2026-08-27,Denver,KXHIGHDEN-26AUG27,3,06Z->12Z,-0.006330881394856911,0.0313574738460237,False,False
2026-08-27,NYC,KXHIGHNY-26AUG27,3,06Z->12Z,-0.05677860500212266,0.0971250134325043,False,False
2026-08-29,Chicago,KXHIGHCHI-26AUG29,1,prev18Z->00Z,0.0016077134435298157,0.0356483710394007,True,False
2026-08-29,NYC,KXHIGHNY-26AUG29,1,prev18Z->00Z,-0.0008082724459126211,0.0971250134325043,False,False
2026-08-30,Denver,KXHIGHDEN-26AUG30,2,00Z->06Z,0.0017736999619197835,0.0452408110720837,True,False
2026-08-30,Denver,KXHIGHDEN-26AUG30,3,06Z->12Z,-0.009759540708518744,0.0305853775459479,False,False
2026-08-30,NYC,KXHIGHNY-26AUG30,1,prev18Z->00Z,0.006673049835383216,0.0356483710394007,True,False
2026-08-30,NYC,KXHIGHNY-26AUG30,2,00Z->06Z,-0.0010616185904023614,0.0456576028039799,False,False
2026-08-31,Chicago,KXHIGHCHI-26AUG31,3,06Z->12Z,-0.022790960460662382,0.0498771561254765,False,False
2026-08-31,Denver,KXHIGHDEN-26AUG31,2,00Z->06Z,0.0001417936937270502,0.0356483710394007,True,False
2026-08-31,Denver,KXHIGHDEN-26AUG31,3,06Z->12Z,0.001397794779475907,0.0313574738460237,True,False
2026-08-31,NYC,KXHIGHNY-26AUG31,2,00Z->06Z,-0.006036175423303846,0.1242892636154272,False,False
2026-08-31,NYC,KXHIGHNY-26AUG31,3,06Z->12Z,-0.025579757438178804,0.0296797836768207,False,False
2026-09-01,Chicago,KXHIGHCHI-26SEP01,2,00Z->06Z,-0.0030313308010145945,0.0138355795988438,False,False
2026-09-01,Chicago,KXHIGHCHI-26SEP01,3,06Z->12Z,-0.017029987617874394,0.0301047888608289,False,False
2026-09-02,Chicago,KXHIGHCHI-26SEP02,1,prev18Z->00Z,-0.0002775150661024587,0.0356483710394007,False,False
2026-09-02,Chicago,KXHIGHCHI-26SEP02,2,00Z->06Z,-0.003124638011005278,0.0356483710394007,False,False
2026-09-02,Chicago,KXHIGHCHI-26SEP02,3,06Z->12Z,-0.0035777703342217463,0.0356483710394007,False,False
2026-09-02,Denver,KXHIGHDEN-26SEP02,3,06Z->12Z,-0.005012933786987529,0.0894928252125105,False,False
2026-09-02,NYC,KXHIGHNY-26SEP02,1,prev18Z->00Z,0.0003579104315387841,0.0174025486467473,True,False
2026-09-02,NYC,KXHIGHNY-26SEP02,2,00Z->06Z,0.00012324748180057385,0.0224034988011465,True,False
2026-09-03,NYC,KXHIGHNY-26SEP03,3,06Z->12Z,-0.00783636733160378,0.0356483710394007,False,False
2026-09-04,Chicago,KXHIGHCHI-26SEP04,1,prev18Z->00Z,-0.0012221089023777328,0.0154154985470517,False,False
2026-09-04,Chicago,KXHIGHCHI-26SEP04,2,00Z->06Z,0.001079631783690793,0.012661320819594,True,False
2026-09-04,Chicago,KXHIGHCHI-26SEP04,3,06Z->12Z,0.005661580192684337,0.0507818721666392,True,False
2026-09-04,Denver,KXHIGHDEN-26SEP04,1,prev18Z->00Z,-0.001468378917226633,0.0305853775459479,False,False
2026-09-04,Denver,KXHIGHDEN-26SEP04,3,06Z->12Z,-1.7764990912737255e-05,0.0305853775459479,False,False
2026-09-04,NYC,KXHIGHNY-26SEP04,3,06Z->12Z,0.030411334283058485,0.0894928252125105,True,False
2026-09-05,Chicago,KXHIGHCHI-26SEP05,1,prev18Z->00Z,0.0020987018052805893,0.0205964684057474,True,False
2026-09-05,Chicago,KXHIGHCHI-26SEP05,3,06Z->12Z,0.026444607016247835,0.0571834005162029,True,False
2026-09-05,Denver,KXHIGHDEN-26SEP05,1,prev18Z->00Z,0.00019667772369681425,0.0154154985470517,True,False
2026-09-05,Denver,KXHIGHDEN-26SEP05,2,00Z->06Z,-0.0013885640240443031,0.0154154985470517,False,False
2026-09-05,Denver,KXHIGHDEN-26SEP05,3,06Z->12Z,0.0031679747780035384,0.0138355795988438,True,False
2026-09-05,NYC,KXHIGHNY-26SEP05,2,00Z->06Z,0.0025070161069594373,0.0971250134325043,True,False
2026-09-05,NYC,KXHIGHNY-26SEP05,3,06Z->12Z,-0.029385235857378872,0.0971250134325043,False,False
2026-09-06,Denver,KXHIGHDEN-26SEP06,1,prev18Z->00Z,0.00234278383712342,0.0286230090146462,True,False
2026-09-06,NYC,KXHIGHNY-26SEP06,3,06Z->12Z,0.004499266244271715,0.0275063498656744,True,False
2026-09-07,Denver,KXHIGHDEN-26SEP07,2,00Z->06Z,0.00325268411680906,0.0537504689953447,True,False
2026-09-08,Chicago,KXHIGHCHI-26SEP08,1,prev18Z->00Z,0.0010038628419194004,0.0374819298659995,True,False
2026-09-08,Denver,KXHIGHDEN-26SEP08,2,00Z->06Z,-0.002007618124677087,0.0305853775459479,False,False
2026-09-08,NYC,KXHIGHNY-26SEP08,3,06Z->12Z,0.009032795788188795,0.0875805925018769,True,False
2026-09-09,Chicago,KXHIGHCHI-26SEP09,2,00Z->06Z,-0.0019647933904166142,0.0409669045595248,False,False
2026-09-09,Denver,KXHIGHDEN-26SEP09,2,00Z->06Z,0.0019972007965696837,0.0452408110720837,True,False
2026-09-10,Chicago,KXHIGHCHI-26SEP10,1,prev18Z->00Z,0.0061979433774059945,0.0305853775459479,True,False
2026-09-10,NYC,KXHIGHNY-26SEP10,1,prev18Z->00Z,0.008877155552363878,0.0653396665390375,True,False
2026-09-10,NYC,KXHIGHNY-26SEP10,3,06Z->12Z,-0.006332687936164423,0.0875805925018769,False,False
2026-09-11,Chicago,KXHIGHCHI-26SEP11,1,prev18Z->00Z,-0.00021743187945586357,0.0305853775459479,False,False
2026-09-11,Chicago,KXHIGHCHI-26SEP11,2,00Z->06Z,-0.0022370112138051673,0.0305853775459479,False,False
2026-09-11,Denver,KXHIGHDEN-26SEP11,3,06Z->12Z,-0.0005669341220179442,0.087580592501877,False,False
2026-09-11,NYC,KXHIGHNY-26SEP11,2,00Z->06Z,0.0022806996719117395,0.0456576028039799,True,False
2026-09-12,Chicago,KXHIGHCHI-26SEP12,3,06Z->12Z,-0.00023199885637802025,0.0313574738460237,False,False
2026-09-12,Denver,KXHIGHDEN-26SEP12,1,prev18Z->00Z,0.0005514624258183044,0.0301047888608289,True,False
2026-09-12,Denver,KXHIGHDEN-26SEP12,2,00Z->06Z,0.004057030397111763,0.0409669045595247,True,False
2026-09-12,NYC,KXHIGHNY-26SEP12,3,06Z->12Z,0.003137977664858358,0.0305853775459479,True,False
2026-09-13,Chicago,KXHIGHCHI-26SEP13,2,00Z->06Z,0.0017070368225348613,0.0452408110720837,True,False
2026-09-13,Denver,KXHIGHDEN-26SEP13,1,prev18Z->00Z,0.000306620659161143,0.0305853775459479,True,False
2026-09-13,Denver,KXHIGHDEN-26SEP13,3,06Z->12Z,-0.0018914964008001846,0.0305853775459479,False,False
2026-09-13,NYC,KXHIGHNY-26SEP13,1,prev18Z->00Z,0.0016075397602193916,0.0301047888608289,True,False
2026-09-13,NYC,KXHIGHNY-26SEP13,3,06Z->12Z,0.010256345299582699,0.0301047888608289,True,False
2026-09-14,Denver,KXHIGHDEN-26SEP14,3,06Z->12Z,-0.008937737190932596,0.0356483710394007,False,False
2026-09-14,NYC,KXHIGHNY-26SEP14,2,00Z->06Z,-0.014950983840202912,0.1317976896645275,False,False
2026-09-14,NYC,KXHIGHNY-26SEP14,3,06Z->12Z,-0.05408415982234957,0.0881630039771342,False,False
2026-09-15,Chicago,KXHIGHCHI-26SEP15,1,prev18Z->00Z,-0.0005506884675131011,0.0105751203589841,False,False
2026-09-15,Chicago,KXHIGHCHI-26SEP15,2,00Z->06Z,-0.002638722827701035,0.0101615599107504,False,False
2026-09-15,Denver,KXHIGHDEN-26SEP15,2,00Z->06Z,0.00037966815746839975,0.0734715154695452,True,False
2026-09-15,NYC,KXHIGHNY-26SEP15,2,00Z->06Z,0.01045346878932669,0.0356483710394007,True,False
2026-09-16,Chicago,KXHIGHCHI-26SEP16,2,00Z->06Z,0.012818830894803452,0.012661320819594,True,False
2026-09-16,Chicago,KXHIGHCHI-26SEP16,3,06Z->12Z,-0.006068026060279475,0.0409669045595247,False,False
2026-09-16,Denver,KXHIGHDEN-26SEP16,2,00Z->06Z,0.00024083003630069925,0.012661320819594,True,False
2026-09-16,NYC,KXHIGHNY-26SEP16,1,prev18Z->00Z,0.0015732072856322614,0.0313574738460237,True,False
2026-09-17,Denver,KXHIGHDEN-26SEP17,1,prev18Z->00Z,-0.0008594669930375726,0.0205738268240667,False,False
2026-09-17,Denver,KXHIGHDEN-26SEP17,3,06Z->12Z,0.0016988091324800097,0.0853459203848498,True,False
2026-09-17,NYC,KXHIGHNY-26SEP17,3,06Z->12Z,0.013506883048964835,0.0356483710394007,True,False
2026-09-18,Chicago,KXHIGHCHI-26SEP18,3,06Z->12Z,-0.010258219408352226,0.0313574738460237,False,False
2026-09-18,Denver,KXHIGHDEN-26SEP18,3,06Z->12Z,-0.0013329970441151929,0.0541418696360564,False,False
2026-09-18,NYC,KXHIGHNY-26SEP18,1,prev18Z->00Z,0.0024570563135129066,0.1140488596748308,True,False
2026-09-19,Chicago,KXHIGHCHI-26SEP19,1,prev18Z->00Z,0.0003213747083982222,0.0027312662119144,True,False
2026-09-19,Chicago,KXHIGHCHI-26SEP19,3,06Z->12Z,-0.00047378246781600085,0.0044266535361596,False,False
2026-09-19,Denver,KXHIGHDEN-26SEP19,3,06Z->12Z,0.003415864615615889,0.0452408110720837,True,False
2026-09-20,Chicago,KXHIGHCHI-26SEP20,1,prev18Z->00Z,-0.021682702680738172,0.1317976896645275,False,False
2026-09-20,Chicago,KXHIGHCHI-26SEP20,2,00Z->06Z,-0.05700486916251628,0.0456576028039799,False,False
2026-09-20,Chicago,KXHIGHCHI-26SEP20,3,06Z->12Z,-0.005269830471597222,0.0456576028039799,False,False
2026-09-20,Denver,KXHIGHDEN-26SEP20,1,prev18Z->00Z,-0.0007480628095740565,0.0409669045595247,False,False
2026-09-20,Denver,KXHIGHDEN-26SEP20,3,06Z->12Z,0.0012902121221222175,0.0653396665390375,True,False
2026-09-20,NYC,KXHIGHNY-26SEP20,2,00Z->06Z,-0.0016084807495659922,0.0209348008672367,False,False
2026-09-20,NYC,KXHIGHNY-26SEP20,3,06Z->12Z,0.00718317715288196,0.0224034988011465,True,False
2026-09-21,Denver,KXHIGHDEN-26SEP21,1,prev18Z->00Z,-2.5816548202871673e-06,0.087580592501877,False,False
2026-09-21,Denver,KXHIGHDEN-26SEP21,2,00Z->06Z,-0.0076752354975952244,0.087580592501877,False,False
2026-09-21,Denver,KXHIGHDEN-26SEP21,3,06Z->12Z,0.012430303909411923,0.0313574738460237,True,False
2026-09-21,NYC,KXHIGHNY-26SEP21,2,00Z->06Z,0.0005366573220796799,0.0138355795988438,True,False
2026-09-21,NYC,KXHIGHNY-26SEP21,3,06Z->12Z,-0.00017240083543286738,0.0952429553377232,False,False
2026-09-22,Chicago,KXHIGHCHI-26SEP22,3,06Z->12Z,-0.012176811748194875,0.1227799029684473,False,False
2026-09-22,NYC,KXHIGHNY-26SEP22,3,06Z->12Z,0.025267706112033304,0.117889706540876,True,False
2026-09-23,Chicago,KXHIGHCHI-26SEP23,1,prev18Z->00Z,0.009592746678172157,0.0305853775459479,True,False
2026-09-23,Chicago,KXHIGHCHI-26SEP23,3,06Z->12Z,0.00013920166548530817,0.1006508500138209,True,False
2026-09-23,Denver,KXHIGHDEN-26SEP23,2,00Z->06Z,0.0012657303299901436,0.0313574738460237,True,False
2026-09-23,Denver,KXHIGHDEN-26SEP23,3,06Z->12Z,0.0038190269502232973,0.113599001238812,True,False
2026-09-23,NYC,KXHIGHNY-26SEP23,3,06Z->12Z,0.02367716661987817,0.113599001238812,True,False
2026-09-24,Chicago,KXHIGHCHI-26SEP24,3,06Z->12Z,-0.06439609078127519,0.4555032156823242,False,False
2026-09-24,Denver,KXHIGHDEN-26SEP24,3,06Z->12Z,-0.0023015818112282404,0.135732434751561,False,False
2026-09-24,NYC,KXHIGHNY-26SEP24,3,06Z->12Z,-0.033010097649111086,0.0537504689953447,False,False
2026-09-25,Chicago,KXHIGHCHI-26SEP25,3,06Z->12Z,-0.048242345349450926,0.2925983044736482,False,False
2026-09-25,Denver,KXHIGHDEN-26SEP25,2,00Z->06Z,0.00028241179283760003,0.0286230090146462,True,False
2026-09-25,Denver,KXHIGHDEN-26SEP25,3,06Z->12Z,-0.005103476053643488,0.0305853775459479,False,False
2026-09-25,NYC,KXHIGHNY-26SEP25,1,prev18Z->00Z,0.0006327521059040843,0.0182943757858386,True,False
2026-09-25,NYC,KXHIGHNY-26SEP25,2,00Z->06Z,3.567440819413612e-05,0.0254706502024925,True,False
2026-09-25,NYC,KXHIGHNY-26SEP25,3,06Z->12Z,0.015246162270712016,0.0409669045595247,True,False
2026-09-26,Chicago,KXHIGHCHI-26SEP26,1,prev18Z->00Z,-0.0010444974471764748,0.0301047888608289,False,False
2026-09-26,Chicago,KXHIGHCHI-26SEP26,2,00Z->06Z,0.005221102880777975,0.0301047888608289,True,False
2026-09-26,Chicago,KXHIGHCHI-26SEP26,3,06Z->12Z,0.0054701759583992825,0.0313574738460237,True,False
2026-09-26,Denver,KXHIGHDEN-26SEP26,3,06Z->12Z,-0.021195754157269514,0.1481133453391428,False,False
2026-09-26,NYC,KXHIGHNY-26SEP26,2,00Z->06Z,0.0006050449287799338,0.0209348008672367,True,False
2026-09-26,NYC,KXHIGHNY-26SEP26,3,06Z->12Z,-0.015112313567664666,0.0625486005251299,False,False
2026-09-27,Chicago,KXHIGHCHI-26SEP27,1,prev18Z->00Z,-0.011293851629914854,0.0894928252125105,False,False
2026-09-27,Chicago,KXHIGHCHI-26SEP27,2,00Z->06Z,0.0016337364631442836,0.0894928252125105,True,False
2026-09-27,Chicago,KXHIGHCHI-26SEP27,3,06Z->12Z,0.014864515931810653,0.1112306476215845,True,False
2026-09-27,Denver,KXHIGHDEN-26SEP27,1,prev18Z->00Z,0.00023577576917982706,0.0313574738460237,True,False
2026-09-27,Denver,KXHIGHDEN-26SEP27,2,00Z->06Z,0.015905728208578673,0.1417426239010869,True,False
2026-09-27,Denver,KXHIGHDEN-26SEP27,3,06Z->12Z,0.008238697910977779,0.1481133453391427,True,False
2026-09-27,NYC,KXHIGHNY-26SEP27,3,06Z->12Z,-0.008708052327751879,0.1227799029684473,False,False
2026-09-28,Chicago,KXHIGHCHI-26SEP28,3,06Z->12Z,0.015636044538864347,0.2150786577906064,True,False
2026-09-28,Denver,KXHIGHDEN-26SEP28,2,00Z->06Z,0.002431666882872021,0.0154154985470517,True,False
2026-09-28,Denver,KXHIGHDEN-26SEP28,3,06Z->12Z,0.004550309699616657,0.0254706502024925,True,False
2026-09-28,NYC,KXHIGHNY-26SEP28,2,00Z->06Z,-0.004450891069848072,0.0205964684057474,False,False
2026-09-28,NYC,KXHIGHNY-26SEP28,3,06Z->12Z,0.004408824868477797,0.0681537729889009,True,False
