event_date_local,city,transition,new_publication_time_utc,pre_snapshot_utc,post1_snapshot_utc,post2_snapshot_utc,pre_offset_minutes,post1_offset_minutes,post2_offset_minutes
2026-08-14,Chicago,prev18Z->00Z,2026-08-14 01:17:02+00:00,2026-08-14 01:00:00+00:00,2026-08-14 03:00:00+00:00,2026-08-14 04:00:00+00:00,-17.033333333333335,102.96666666666667,162.96666666666667
2026-08-14,Chicago,06Z->12Z,2026-08-14 13:34:06+00:00,2026-08-14 13:00:00+00:00,2026-08-14 15:00:00+00:00,2026-08-14 16:00:00+00:00,-34.1,85.9,145.9
2026-08-14,Denver,00Z->06Z,2026-08-14 06:55:29+00:00,2026-08-14 06:00:00+00:00,2026-08-14 08:00:00+00:00,2026-08-14 09:00:00+00:00,-55.483333333333334,64.51666666666667,124.51666666666667
2026-08-14,Denver,06Z->12Z,2026-08-14 13:34:06+00:00,2026-08-14 13:00:00+00:00,2026-08-14 15:00:00+00:00,2026-08-14 16:00:00+00:00,-34.1,85.9,145.9
2026-08-15,Chicago,prev18Z->00Z,2026-08-15 01:18:20+00:00,2026-08-15 01:00:00+00:00,2026-08-15 03:00:00+00:00,2026-08-15 04:00:00+00:00,-18.333333333333332,101.66666666666667,161.66666666666666
2026-08-15,Chicago,06Z->12Z,2026-08-15 13:39:19+00:00,2026-08-15 13:00:00+00:00,2026-08-15 15:00:00+00:00,2026-08-15 16:00:00+00:00,-39.31666666666667,80.68333333333334,140.68333333333334
2026-08-15,Denver,prev18Z->00Z,2026-08-15 01:18:20+00:00,2026-08-15 01:00:00+00:00,2026-08-15 03:00:00+00:00,2026-08-15 04:00:00+00:00,-18.333333333333332,101.66666666666667,161.66666666666666
2026-08-15,Denver,06Z->12Z,2026-08-15 13:39:19+00:00,2026-08-15 13:00:00+00:00,2026-08-15 15:00:00+00:00,2026-08-15 16:00:00+00:00,-39.31666666666667,80.68333333333334,140.68333333333334
2026-08-15,NYC,06Z->12Z,2026-08-15 13:39:19+00:00,2026-08-15 13:00:00+00:00,2026-08-15 15:00:00+00:00,2026-08-15 16:00:00+00:00,-39.31666666666667,80.68333333333334,140.68333333333334
2026-08-16,Chicago,06Z->12Z,2026-08-16 13:39:34+00:00,2026-08-16 13:00:00+00:00,2026-08-16 15:00:00+00:00,2026-08-16 16:00:00+00:00,-39.56666666666667,80.43333333333334,140.43333333333334
2026-08-16,Denver,prev18Z->00Z,2026-08-16 01:17:56+00:00,2026-08-16 01:00:00+00:00,2026-08-16 03:00:00+00:00,2026-08-16 04:00:00+00:00,-17.933333333333334,102.06666666666666,162.06666666666666
2026-08-16,NYC,prev18Z->00Z,2026-08-16 01:17:56+00:00,2026-08-16 01:00:00+00:00,2026-08-16 03:00:00+00:00,2026-08-16 04:00:00+00:00,-17.933333333333334,102.06666666666666,162.06666666666666
2026-08-17,Chicago,prev18Z->00Z,2026-08-17 01:18:05+00:00,2026-08-17 01:00:00+00:00,2026-08-17 03:00:00+00:00,2026-08-17 04:00:00+00:00,-18.083333333333332,101.91666666666667,161.91666666666666
2026-08-17,Chicago,06Z->12Z,2026-08-17 13:41:11+00:00,2026-08-17 13:00:00+00:00,2026-08-17 15:00:00+00:00,2026-08-17 16:00:00+00:00,-41.18333333333333,78.81666666666666,138.81666666666666
2026-08-17,Denver,prev18Z->00Z,2026-08-17 01:18:05+00:00,2026-08-17 01:00:00+00:00,2026-08-17 03:00:00+00:00,2026-08-17 04:00:00+00:00,-18.083333333333332,101.91666666666667,161.91666666666666
2026-08-17,NYC,00Z->06Z,2026-08-17 06:43:51+00:00,2026-08-17 06:00:00+00:00,2026-08-17 08:00:00+00:00,2026-08-17 09:00:00+00:00,-43.85,76.15,136.15
2026-08-18,Chicago,00Z->06Z,2026-08-18 06:56:19+00:00,2026-08-18 06:00:00+00:00,2026-08-18 08:00:00+00:00,2026-08-18 09:00:00+00:00,-56.31666666666667,63.68333333333333,123.68333333333334
2026-08-18,NYC,prev18Z->00Z,2026-08-18 01:42:47+00:00,2026-08-18 01:00:00+00:00,2026-08-18 03:00:00+00:00,2026-08-18 04:00:00+00:00,-42.78333333333333,77.21666666666667,137.21666666666667
2026-08-18,NYC,06Z->12Z,2026-08-18 13:37:39+00:00,2026-08-18 13:00:00+00:00,2026-08-18 15:00:00+00:00,2026-08-18 16:00:00+00:00,-37.65,82.35,142.35
2026-08-19,Denver,prev18Z->00Z,2026-08-19 01:16:48+00:00,2026-08-19 01:00:00+00:00,2026-08-19 03:00:00+00:00,2026-08-19 04:00:00+00:00,-16.8,103.2,163.2
2026-08-19,Denver,06Z->12Z,2026-08-19 13:44:08+00:00,2026-08-19 13:00:00+00:00,2026-08-19 15:00:00+00:00,2026-08-19 16:00:00+00:00,-44.13333333333333,75.86666666666666,135.86666666666667
2026-08-19,NYC,00Z->06Z,2026-08-19 06:55:27+00:00,2026-08-19 06:00:00+00:00,2026-08-19 08:00:00+00:00,2026-08-19 09:00:00+00:00,-55.45,64.55,124.55
2026-08-20,Chicago,prev18Z->00Z,2026-08-20 01:18:53+00:00,2026-08-20 01:00:00+00:00,2026-08-20 03:00:00+00:00,2026-08-20 04:00:00+00:00,-18.883333333333333,101.11666666666666,161.11666666666667
2026-08-20,Chicago,06Z->12Z,2026-08-20 13:42:21+00:00,2026-08-20 13:00:00+00:00,2026-08-20 15:00:00+00:00,2026-08-20 16:00:00+00:00,-42.35,77.65,137.65
2026-08-20,NYC,prev18Z->00Z,2026-08-20 01:18:53+00:00,2026-08-20 01:00:00+00:00,2026-08-20 03:00:00+00:00,2026-08-20 04:00:00+00:00,-18.883333333333333,101.11666666666666,161.11666666666667
2026-08-21,Chicago,00Z->06Z,2026-08-21 06:45:47+00:00,2026-08-21 06:00:00+00:00,2026-08-21 08:00:00+00:00,2026-08-21 09:00:00+00:00,-45.78333333333333,74.21666666666667,134.21666666666667
2026-08-21,Denver,prev18Z->00Z,2026-08-21 01:18:25+00:00,2026-08-21 01:00:00+00:00,2026-08-21 03:00:00+00:00,2026-08-21 04:00:00+00:00,-18.416666666666668,101.58333333333333,161.58333333333334
2026-08-21,NYC,06Z->12Z,2026-08-21 13:44:39+00:00,2026-08-21 13:00:00+00:00,2026-08-21 15:00:00+00:00,2026-08-21 16:00:00+00:00,-44.65,75.35,135.35
2026-08-22,Chicago,prev18Z->00Z,2026-08-22 01:19:02+00:00,2026-08-22 01:00:00+00:00,2026-08-22 03:00:00+00:00,2026-08-22 04:00:00+00:00,-19.033333333333335,100.96666666666667,160.96666666666667
2026-08-22,Chicago,00Z->06Z,2026-08-22 06:48:52+00:00,2026-08-22 06:00:00+00:00,2026-08-22 08:00:00+00:00,2026-08-22 09:00:00+00:00,-48.86666666666667,71.13333333333334,131.13333333333333
2026-08-22,Denver,prev18Z->00Z,2026-08-22 01:19:02+00:00,2026-08-22 01:00:00+00:00,2026-08-22 03:00:00+00:00,2026-08-22 04:00:00+00:00,-19.033333333333335,100.96666666666667,160.96666666666667
2026-08-22,Denver,06Z->12Z,2026-08-22 13:40:40+00:00,2026-08-22 13:00:00+00:00,2026-08-22 15:00:00+00:00,2026-08-22 16:00:00+00:00,-40.666666666666664,79.33333333333333,139.33333333333334
2026-08-22,NYC,00Z->06Z,2026-08-22 06:48:52+00:00,2026-08-22 06:00:00+00:00,2026-08-22 08:00:00+00:00,2026-08-22 09:00:00+00:00,-48.86666666666667,71.13333333333334,131.13333333333333
2026-08-22,NYC,06Z->12Z,2026-08-22 13:40:40+00:00,2026-08-22 13:00:00+00:00,2026-08-22 15:00:00+00:00,2026-08-22 16:00:00+00:00,-40.666666666666664,79.33333333333333,139.33333333333334
2026-08-23,Chicago,00Z->06Z,2026-08-23 06:44:23+00:00,2026-08-23 06:00:00+00:00,2026-08-23 08:00:00+00:00,2026-08-23 09:00:00+00:00,-44.38333333333333,75.61666666666666,135.61666666666667
2026-08-23,Chicago,06Z->12Z,2026-08-23 13:43:16+00:00,2026-08-23 13:00:00+00:00,2026-08-23 15:00:00+00:00,2026-08-23 16:00:00+00:00,-43.266666666666666,76.73333333333333,136.73333333333332
2026-08-23,Denver,00Z->06Z,2026-08-23 06:44:23+00:00,2026-08-23 06:00:00+00:00,2026-08-23 08:00:00+00:00,2026-08-23 09:00:00+00:00,-44.38333333333333,75.61666666666666,135.61666666666667
2026-08-24,Chicago,prev18Z->00Z,2026-08-24 01:18:27+00:00,2026-08-24 01:00:00+00:00,2026-08-24 03:00:00+00:00,2026-08-24 04:00:00+00:00,-18.45,101.55,161.55
2026-08-24,Chicago,06Z->12Z,2026-08-24 13:40:12+00:00,2026-08-24 13:00:00+00:00,2026-08-24 15:00:00+00:00,2026-08-24 16:00:00+00:00,-40.2,79.8,139.8
2026-08-24,Denver,06Z->12Z,2026-08-24 13:40:12+00:00,2026-08-24 13:00:00+00:00,2026-08-24 15:00:00+00:00,2026-08-24 16:00:00+00:00,-40.2,79.8,139.8
2026-08-24,NYC,00Z->06Z,2026-08-24 06:47:47+00:00,2026-08-24 06:00:00+00:00,2026-08-24 08:00:00+00:00,2026-08-24 09:00:00+00:00,-47.78333333333333,72.21666666666667,132.21666666666667
2026-08-24,NYC,06Z->12Z,2026-08-24 13:40:12+00:00,2026-08-24 13:00:00+00:00,2026-08-24 15:00:00+00:00,2026-08-24 16:00:00+00:00,-40.2,79.8,139.8
2026-08-25,Chicago,00Z->06Z,2026-08-25 06:46:26+00:00,2026-08-25 06:00:00+00:00,2026-08-25 08:00:00+00:00,2026-08-25 09:00:00+00:00,-46.43333333333333,73.56666666666666,133.56666666666666
2026-08-25,Chicago,06Z->12Z,2026-08-25 13:39:21+00:00,2026-08-25 13:00:00+00:00,2026-08-25 15:00:00+00:00,2026-08-25 16:00:00+00:00,-39.35,80.65,140.65
2026-08-25,Denver,prev18Z->00Z,2026-08-25 01:18:39+00:00,2026-08-25 01:00:00+00:00,2026-08-25 03:00:00+00:00,2026-08-25 04:00:00+00:00,-18.65,101.35,161.35
2026-08-25,Denver,00Z->06Z,2026-08-25 06:46:26+00:00,2026-08-25 06:00:00+00:00,2026-08-25 08:00:00+00:00,2026-08-25 09:00:00+00:00,-46.43333333333333,73.56666666666666,133.56666666666666
2026-08-25,Denver,06Z->12Z,2026-08-25 13:39:21+00:00,2026-08-25 13:00:00+00:00,2026-08-25 15:00:00+00:00,2026-08-25 16:00:00+00:00,-39.35,80.65,140.65
2026-08-25,NYC,00Z->06Z,2026-08-25 06:46:26+00:00,2026-08-25 06:00:00+00:00,2026-08-25 08:00:00+00:00,2026-08-25 09:00:00+00:00,-46.43333333333333,73.56666666666666,133.56666666666666
2026-08-26,Chicago,06Z->12Z,2026-08-26 13:42:15+00:00,2026-08-26 13:00:00+00:00,2026-08-26 15:00:00+00:00,2026-08-26 16:00:00+00:00,-42.25,77.75,137.75
2026-08-26,Denver,prev18Z->00Z,2026-08-26 01:19:25+00:00,2026-08-26 01:00:00+00:00,2026-08-26 03:00:00+00:00,2026-08-26 04:00:00+00:00,-19.416666666666668,100.58333333333333,160.58333333333334
2026-08-27,Chicago,prev18Z->00Z,2026-08-27 01:14:23+00:00,2026-08-27 01:00:00+00:00,2026-08-27 03:00:00+00:00,2026-08-27 04:00:00+00:00,-14.383333333333333,105.61666666666666,165.61666666666667
2026-08-27,Denver,06Z->12Z,2026-08-27 13:42:10+00:00,2026-08-27 13:00:00+00:00,2026-08-27 15:00:00+00:00,2026-08-27 16:00:00+00:00,-42.166666666666664,77.83333333333333,137.83333333333334
2026-08-27,NYC,06Z->12Z,2026-08-27 13:42:10+00:00,2026-08-27 13:00:00+00:00,2026-08-27 15:00:00+00:00,2026-08-27 16:00:00+00:00,-42.166666666666664,77.83333333333333,137.83333333333334
2026-08-29,Chicago,prev18Z->00Z,2026-08-29 01:18:56+00:00,2026-08-29 01:00:00+00:00,2026-08-29 03:00:00+00:00,2026-08-29 04:00:00+00:00,-18.933333333333334,101.06666666666666,161.06666666666666
2026-08-29,NYC,prev18Z->00Z,2026-08-29 01:18:56+00:00,2026-08-29 01:00:00+00:00,2026-08-29 03:00:00+00:00,2026-08-29 04:00:00+00:00,-18.933333333333334,101.06666666666666,161.06666666666666
2026-08-30,Denver,00Z->06Z,2026-08-30 06:45:23+00:00,2026-08-30 06:00:00+00:00,2026-08-30 08:00:00+00:00,2026-08-30 09:00:00+00:00,-45.38333333333333,74.61666666666666,134.61666666666667
2026-08-30,Denver,06Z->12Z,2026-08-30 13:42:41+00:00,2026-08-30 13:00:00+00:00,2026-08-30 15:00:00+00:00,2026-08-30 16:00:00+00:00,-42.68333333333333,77.31666666666666,137.31666666666666
2026-08-30,NYC,prev18Z->00Z,2026-08-30 01:17:34+00:00,2026-08-30 01:00:00+00:00,2026-08-30 03:00:00+00:00,2026-08-30 04:00:00+00:00,-17.566666666666666,102.43333333333334,162.43333333333334
2026-08-30,NYC,00Z->06Z,2026-08-30 06:45:23+00:00,2026-08-30 06:00:00+00:00,2026-08-30 08:00:00+00:00,2026-08-30 09:00:00+00:00,-45.38333333333333,74.61666666666666,134.61666666666667
2026-08-31,Chicago,00Z->06Z,2026-08-31 06:49:06+00:00,2026-08-31 06:00:00+00:00,2026-08-31 08:00:00+00:00,2026-08-31 09:00:00+00:00,-49.1,70.9,130.9
2026-08-31,Chicago,06Z->12Z,2026-08-31 14:08:38+00:00,2026-08-31 14:00:00+00:00,2026-08-31 16:00:00+00:00,2026-08-31 17:00:00+00:00,-8.633333333333333,111.36666666666666,171.36666666666667
2026-08-31,Denver,00Z->06Z,2026-08-31 06:49:06+00:00,2026-08-31 06:00:00+00:00,2026-08-31 08:00:00+00:00,2026-08-31 09:00:00+00:00,-49.1,70.9,130.9
2026-08-31,Denver,06Z->12Z,2026-08-31 14:08:38+00:00,2026-08-31 14:00:00+00:00,2026-08-31 16:00:00+00:00,2026-08-31 17:00:00+00:00,-8.633333333333333,111.36666666666666,171.36666666666667
2026-08-31,NYC,00Z->06Z,2026-08-31 06:49:06+00:00,2026-08-31 06:00:00+00:00,2026-08-31 08:00:00+00:00,2026-08-31 09:00:00+00:00,-49.1,70.9,130.9
2026-08-31,NYC,06Z->12Z,2026-08-31 14:08:38+00:00,2026-08-31 14:00:00+00:00,2026-08-31 16:00:00+00:00,2026-08-31 17:00:00+00:00,-8.633333333333333,111.36666666666666,171.36666666666667
2026-09-01,Chicago,00Z->06Z,2026-09-01 06:51:02+00:00,2026-09-01 06:00:00+00:00,2026-09-01 08:00:00+00:00,2026-09-01 09:00:00+00:00,-51.03333333333333,68.96666666666667,128.96666666666667
2026-09-01,Chicago,06Z->12Z,2026-09-01 13:34:48+00:00,2026-09-01 13:00:00+00:00,2026-09-01 15:00:00+00:00,2026-09-01 16:00:00+00:00,-34.8,85.2,145.2
2026-09-02,Chicago,prev18Z->00Z,2026-09-02 01:19:43+00:00,2026-09-02 01:00:00+00:00,2026-09-02 03:00:00+00:00,2026-09-02 04:00:00+00:00,-19.716666666666665,100.28333333333333,160.28333333333333
2026-09-02,Chicago,00Z->06Z,2026-09-02 06:47:07+00:00,2026-09-02 06:00:00+00:00,2026-09-02 08:00:00+00:00,2026-09-02 09:00:00+00:00,-47.11666666666667,72.88333333333334,132.88333333333333
2026-09-02,Chicago,06Z->12Z,2026-09-02 13:39:50+00:00,2026-09-02 13:00:00+00:00,2026-09-02 15:00:00+00:00,2026-09-02 16:00:00+00:00,-39.833333333333336,80.16666666666667,140.16666666666666
2026-09-02,Denver,06Z->12Z,2026-09-02 13:39:50+00:00,2026-09-02 13:00:00+00:00,2026-09-02 15:00:00+00:00,2026-09-02 16:00:00+00:00,-39.833333333333336,80.16666666666667,140.16666666666666
2026-09-02,NYC,prev18Z->00Z,2026-09-02 01:19:43+00:00,2026-09-02 01:00:00+00:00,2026-09-02 03:00:00+00:00,2026-09-02 04:00:00+00:00,-19.716666666666665,100.28333333333333,160.28333333333333
2026-09-02,NYC,00Z->06Z,2026-09-02 06:47:07+00:00,2026-09-02 06:00:00+00:00,2026-09-02 08:00:00+00:00,2026-09-02 09:00:00+00:00,-47.11666666666667,72.88333333333334,132.88333333333333
2026-09-03,NYC,06Z->12Z,2026-09-03 13:30:58+00:00,2026-09-03 13:00:00+00:00,2026-09-03 15:00:00+00:00,2026-09-03 16:00:00+00:00,-30.966666666666665,89.03333333333333,149.03333333333333
2026-09-04,Chicago,prev18Z->00Z,2026-09-04 01:17:45+00:00,2026-09-04 01:00:00+00:00,2026-09-04 03:00:00+00:00,2026-09-04 04:00:00+00:00,-17.75,102.25,162.25
2026-09-04,Chicago,00Z->06Z,2026-09-04 06:49:26+00:00,2026-09-04 06:00:00+00:00,2026-09-04 08:00:00+00:00,2026-09-04 09:00:00+00:00,-49.43333333333333,70.56666666666666,130.56666666666666
2026-09-04,Chicago,06Z->12Z,2026-09-04 13:32:31+00:00,2026-09-04 13:00:00+00:00,2026-09-04 15:00:00+00:00,2026-09-04 16:00:00+00:00,-32.516666666666666,87.48333333333333,147.48333333333332
2026-09-04,Denver,prev18Z->00Z,2026-09-04 01:17:45+00:00,2026-09-04 01:00:00+00:00,2026-09-04 03:00:00+00:00,2026-09-04 04:00:00+00:00,-17.75,102.25,162.25
2026-09-04,Denver,06Z->12Z,2026-09-04 13:32:31+00:00,2026-09-04 13:00:00+00:00,2026-09-04 15:00:00+00:00,2026-09-04 16:00:00+00:00,-32.516666666666666,87.48333333333333,147.48333333333332
2026-09-04,NYC,06Z->12Z,2026-09-04 13:32:31+00:00,2026-09-04 13:00:00+00:00,2026-09-04 15:00:00+00:00,2026-09-04 16:00:00+00:00,-32.516666666666666,87.48333333333333,147.48333333333332
2026-09-05,Chicago,prev18Z->00Z,2026-09-05 01:19:09+00:00,2026-09-05 01:00:00+00:00,2026-09-05 03:00:00+00:00,2026-09-05 04:00:00+00:00,-19.15,100.85,160.85
2026-09-05,Chicago,06Z->12Z,2026-09-05 13:39:59+00:00,2026-09-05 13:00:00+00:00,2026-09-05 15:00:00+00:00,2026-09-05 16:00:00+00:00,-39.983333333333334,80.01666666666667,140.01666666666668
2026-09-05,Denver,prev18Z->00Z,2026-09-05 01:19:09+00:00,2026-09-05 01:00:00+00:00,2026-09-05 03:00:00+00:00,2026-09-05 04:00:00+00:00,-19.15,100.85,160.85
2026-09-05,Denver,00Z->06Z,2026-09-05 06:45:22+00:00,2026-09-05 06:00:00+00:00,2026-09-05 08:00:00+00:00,2026-09-05 09:00:00+00:00,-45.36666666666667,74.63333333333334,134.63333333333333
2026-09-05,Denver,06Z->12Z,2026-09-05 13:39:59+00:00,2026-09-05 13:00:00+00:00,2026-09-05 15:00:00+00:00,2026-09-05 16:00:00+00:00,-39.983333333333334,80.01666666666667,140.01666666666668
2026-09-05,NYC,00Z->06Z,2026-09-05 06:45:22+00:00,2026-09-05 06:00:00+00:00,2026-09-05 08:00:00+00:00,2026-09-05 09:00:00+00:00,-45.36666666666667,74.63333333333334,134.63333333333333
2026-09-05,NYC,06Z->12Z,2026-09-05 13:39:59+00:00,2026-09-05 13:00:00+00:00,2026-09-05 15:00:00+00:00,2026-09-05 16:00:00+00:00,-39.983333333333334,80.01666666666667,140.01666666666668
2026-09-06,Denver,prev18Z->00Z,2026-09-06 01:20:11+00:00,2026-09-06 01:00:00+00:00,2026-09-06 03:00:00+00:00,2026-09-06 04:00:00+00:00,-20.183333333333334,99.81666666666666,159.81666666666666
2026-09-06,NYC,06Z->12Z,2026-09-06 13:36:32+00:00,2026-09-06 13:00:00+00:00,2026-09-06 15:00:00+00:00,2026-09-06 16:00:00+00:00,-36.53333333333333,83.46666666666667,143.46666666666667
2026-09-07,Denver,00Z->06Z,2026-09-07 06:49:50+00:00,2026-09-07 06:00:00+00:00,2026-09-07 08:00:00+00:00,2026-09-07 09:00:00+00:00,-49.833333333333336,70.16666666666667,130.16666666666666
2026-09-07,NYC,prev18Z->00Z,2026-09-07 01:20:18+00:00,2026-09-07 01:00:00+00:00,2026-09-07 03:00:00+00:00,2026-09-07 04:00:00+00:00,-20.3,99.7,159.7
2026-09-08,Chicago,prev18Z->00Z,2026-09-08 01:18:58+00:00,2026-09-08 01:00:00+00:00,2026-09-08 03:00:00+00:00,2026-09-08 04:00:00+00:00,-18.966666666666665,101.03333333333333,161.03333333333333
2026-09-08,Denver,00Z->06Z,2026-09-08 06:48:02+00:00,2026-09-08 06:00:00+00:00,2026-09-08 08:00:00+00:00,2026-09-08 09:00:00+00:00,-48.03333333333333,71.96666666666667,131.96666666666667
2026-09-08,NYC,06Z->12Z,2026-09-08 13:37:25+00:00,2026-09-08 13:00:00+00:00,2026-09-08 15:00:00+00:00,2026-09-08 16:00:00+00:00,-37.416666666666664,82.58333333333333,142.58333333333334
2026-09-09,Chicago,00Z->06Z,2026-09-09 06:45:10+00:00,2026-09-09 06:00:00+00:00,2026-09-09 08:00:00+00:00,2026-09-09 09:00:00+00:00,-45.166666666666664,74.83333333333333,134.83333333333334
2026-09-09,Denver,00Z->06Z,2026-09-09 06:45:10+00:00,2026-09-09 06:00:00+00:00,2026-09-09 08:00:00+00:00,2026-09-09 09:00:00+00:00,-45.166666666666664,74.83333333333333,134.83333333333334
2026-09-10,Chicago,prev18Z->00Z,2026-09-10 01:17:27+00:00,2026-09-10 01:00:00+00:00,2026-09-10 03:00:00+00:00,2026-09-10 04:00:00+00:00,-17.45,102.55,162.55
2026-09-10,NYC,prev18Z->00Z,2026-09-10 01:17:27+00:00,2026-09-10 01:00:00+00:00,2026-09-10 03:00:00+00:00,2026-09-10 04:00:00+00:00,-17.45,102.55,162.55
2026-09-10,NYC,06Z->12Z,2026-09-10 13:30:46+00:00,2026-09-10 13:00:00+00:00,2026-09-10 15:00:00+00:00,2026-09-10 16:00:00+00:00,-30.766666666666666,89.23333333333333,149.23333333333332
2026-09-11,Chicago,prev18Z->00Z,2026-09-11 01:16:21+00:00,2026-09-11 01:00:00+00:00,2026-09-11 03:00:00+00:00,2026-09-11 04:00:00+00:00,-16.35,103.65,163.65
2026-09-11,Chicago,00Z->06Z,2026-09-11 06:45:54+00:00,2026-09-11 06:00:00+00:00,2026-09-11 08:00:00+00:00,2026-09-11 09:00:00+00:00,-45.9,74.1,134.1
2026-09-11,Denver,06Z->12Z,2026-09-11 13:33:52+00:00,2026-09-11 13:00:00+00:00,2026-09-11 15:00:00+00:00,2026-09-11 16:00:00+00:00,-33.86666666666667,86.13333333333334,146.13333333333333
2026-09-11,NYC,prev18Z->00Z,2026-09-11 01:16:21+00:00,2026-09-11 01:00:00+00:00,2026-09-11 03:00:00+00:00,2026-09-11 04:00:00+00:00,-16.35,103.65,163.65
2026-09-11,NYC,00Z->06Z,2026-09-11 06:45:54+00:00,2026-09-11 06:00:00+00:00,2026-09-11 08:00:00+00:00,2026-09-11 09:00:00+00:00,-45.9,74.1,134.1
2026-09-12,Chicago,06Z->12Z,2026-09-12 13:41:46+00:00,2026-09-12 13:00:00+00:00,2026-09-12 15:00:00+00:00,2026-09-12 16:00:00+00:00,-41.766666666666666,78.23333333333333,138.23333333333332
2026-09-12,Denver,prev18Z->00Z,2026-09-12 01:17:45+00:00,2026-09-12 01:00:00+00:00,2026-09-12 03:00:00+00:00,2026-09-12 04:00:00+00:00,-17.75,102.25,162.25
2026-09-12,Denver,00Z->06Z,2026-09-12 06:48:07+00:00,2026-09-12 06:00:00+00:00,2026-09-12 08:00:00+00:00,2026-09-12 09:00:00+00:00,-48.11666666666667,71.88333333333334,131.88333333333333
2026-09-12,NYC,06Z->12Z,2026-09-12 13:41:46+00:00,2026-09-12 13:00:00+00:00,2026-09-12 15:00:00+00:00,2026-09-12 16:00:00+00:00,-41.766666666666666,78.23333333333333,138.23333333333332
2026-09-13,Chicago,00Z->06Z,2026-09-13 07:10:26+00:00,2026-09-13 07:00:00+00:00,2026-09-13 09:00:00+00:00,2026-09-13 10:00:00+00:00,-10.433333333333334,109.56666666666666,169.56666666666666
2026-09-13,Denver,prev18Z->00Z,2026-09-13 01:23:31+00:00,2026-09-13 01:00:00+00:00,2026-09-13 03:00:00+00:00,2026-09-13 04:00:00+00:00,-23.516666666666666,96.48333333333333,156.48333333333332
2026-09-13,Denver,06Z->12Z,2026-09-13 13:34:06+00:00,2026-09-13 13:00:00+00:00,2026-09-13 15:00:00+00:00,2026-09-13 16:00:00+00:00,-34.1,85.9,145.9
2026-09-13,NYC,prev18Z->00Z,2026-09-13 01:23:31+00:00,2026-09-13 01:00:00+00:00,2026-09-13 03:00:00+00:00,2026-09-13 04:00:00+00:00,-23.516666666666666,96.48333333333333,156.48333333333332
2026-09-13,NYC,06Z->12Z,2026-09-13 13:34:06+00:00,2026-09-13 13:00:00+00:00,2026-09-13 15:00:00+00:00,2026-09-13 16:00:00+00:00,-34.1,85.9,145.9
2026-09-14,Denver,06Z->12Z,2026-09-14 13:38:03+00:00,2026-09-14 13:00:00+00:00,2026-09-14 15:00:00+00:00,2026-09-14 16:00:00+00:00,-38.05,81.95,141.95
2026-09-14,NYC,00Z->06Z,2026-09-14 07:03:47+00:00,2026-09-14 07:00:00+00:00,2026-09-14 09:00:00+00:00,2026-09-14 10:00:00+00:00,-3.783333333333333,116.21666666666667,176.21666666666667
2026-09-14,NYC,06Z->12Z,2026-09-14 13:38:03+00:00,2026-09-14 13:00:00+00:00,2026-09-14 15:00:00+00:00,2026-09-14 16:00:00+00:00,-38.05,81.95,141.95
2026-09-15,Chicago,prev18Z->00Z,2026-09-15 01:18:37+00:00,2026-09-15 01:00:00+00:00,2026-09-15 03:00:00+00:00,2026-09-15 04:00:00+00:00,-18.616666666666667,101.38333333333334,161.38333333333333
2026-09-15,Chicago,00Z->06Z,2026-09-15 06:44:15+00:00,2026-09-15 06:00:00+00:00,2026-09-15 08:00:00+00:00,2026-09-15 09:00:00+00:00,-44.25,75.75,135.75
2026-09-15,Denver,00Z->06Z,2026-09-15 06:44:15+00:00,2026-09-15 06:00:00+00:00,2026-09-15 08:00:00+00:00,2026-09-15 09:00:00+00:00,-44.25,75.75,135.75
2026-09-15,NYC,00Z->06Z,2026-09-15 06:44:15+00:00,2026-09-15 06:00:00+00:00,2026-09-15 08:00:00+00:00,2026-09-15 09:00:00+00:00,-44.25,75.75,135.75
2026-09-16,Chicago,00Z->06Z,2026-09-16 06:47:10+00:00,2026-09-16 06:00:00+00:00,2026-09-16 08:00:00+00:00,2026-09-16 09:00:00+00:00,-47.166666666666664,72.83333333333333,132.83333333333334
2026-09-16,Chicago,06Z->12Z,2026-09-16 13:25:15+00:00,2026-09-16 13:00:00+00:00,2026-09-16 15:00:00+00:00,2026-09-16 16:00:00+00:00,-25.25,94.75,154.75
2026-09-16,Denver,00Z->06Z,2026-09-16 06:47:10+00:00,2026-09-16 06:00:00+00:00,2026-09-16 08:00:00+00:00,2026-09-16 09:00:00+00:00,-47.166666666666664,72.83333333333333,132.83333333333334
2026-09-16,NYC,prev18Z->00Z,2026-09-16 01:16:35+00:00,2026-09-16 01:00:00+00:00,2026-09-16 03:00:00+00:00,2026-09-16 04:00:00+00:00,-16.583333333333332,103.41666666666667,163.41666666666666
2026-09-17,Denver,prev18Z->00Z,2026-09-17 01:19:31+00:00,2026-09-17 01:00:00+00:00,2026-09-17 03:00:00+00:00,2026-09-17 04:00:00+00:00,-19.516666666666666,100.48333333333333,160.48333333333332
2026-09-17,Denver,06Z->12Z,2026-09-17 13:33:20+00:00,2026-09-17 13:00:00+00:00,2026-09-17 15:00:00+00:00,2026-09-17 16:00:00+00:00,-33.333333333333336,86.66666666666667,146.66666666666666
2026-09-17,NYC,06Z->12Z,2026-09-17 13:33:20+00:00,2026-09-17 13:00:00+00:00,2026-09-17 15:00:00+00:00,2026-09-17 16:00:00+00:00,-33.333333333333336,86.66666666666667,146.66666666666666
2026-09-18,Chicago,06Z->12Z,2026-09-18 13:35:42+00:00,2026-09-18 13:00:00+00:00,2026-09-18 15:00:00+00:00,2026-09-18 16:00:00+00:00,-35.7,84.3,144.3
2026-09-18,Denver,06Z->12Z,2026-09-18 13:35:42+00:00,2026-09-18 13:00:00+00:00,2026-09-18 15:00:00+00:00,2026-09-18 16:00:00+00:00,-35.7,84.3,144.3
2026-09-18,NYC,prev18Z->00Z,2026-09-18 01:16:40+00:00,2026-09-18 01:00:00+00:00,2026-09-18 03:00:00+00:00,2026-09-18 04:00:00+00:00,-16.666666666666668,103.33333333333333,163.33333333333334
2026-09-19,Chicago,prev18Z->00Z,2026-09-19 01:16:32+00:00,2026-09-19 01:00:00+00:00,2026-09-19 03:00:00+00:00,2026-09-19 04:00:00+00:00,-16.533333333333335,103.46666666666667,163.46666666666667
2026-09-19,Chicago,06Z->12Z,2026-09-19 13:21:07+00:00,2026-09-19 13:00:00+00:00,2026-09-19 15:00:00+00:00,2026-09-19 16:00:00+00:00,-21.116666666666667,98.88333333333334,158.88333333333333
2026-09-19,Denver,06Z->12Z,2026-09-19 13:21:07+00:00,2026-09-19 13:00:00+00:00,2026-09-19 15:00:00+00:00,2026-09-19 16:00:00+00:00,-21.116666666666667,98.88333333333334,158.88333333333333
2026-09-20,Chicago,prev18Z->00Z,2026-09-20 01:20:30+00:00,2026-09-20 01:00:00+00:00,2026-09-20 03:00:00+00:00,2026-09-20 04:00:00+00:00,-20.5,99.5,159.5
2026-09-20,Chicago,00Z->06Z,2026-09-20 06:45:45+00:00,2026-09-20 06:00:00+00:00,2026-09-20 08:00:00+00:00,2026-09-20 09:00:00+00:00,-45.75,74.25,134.25
2026-09-20,Chicago,06Z->12Z,2026-09-20 13:25:06+00:00,2026-09-20 13:00:00+00:00,2026-09-20 15:00:00+00:00,2026-09-20 16:00:00+00:00,-25.1,94.9,154.9
2026-09-20,Denver,prev18Z->00Z,2026-09-20 01:20:30+00:00,2026-09-20 01:00:00+00:00,2026-09-20 03:00:00+00:00,2026-09-20 04:00:00+00:00,-20.5,99.5,159.5
2026-09-20,Denver,06Z->12Z,2026-09-20 13:25:06+00:00,2026-09-20 13:00:00+00:00,2026-09-20 15:00:00+00:00,2026-09-20 16:00:00+00:00,-25.1,94.9,154.9
2026-09-20,NYC,00Z->06Z,2026-09-20 06:45:45+00:00,2026-09-20 06:00:00+00:00,2026-09-20 08:00:00+00:00,2026-09-20 09:00:00+00:00,-45.75,74.25,134.25
2026-09-20,NYC,06Z->12Z,2026-09-20 13:25:06+00:00,2026-09-20 13:00:00+00:00,2026-09-20 15:00:00+00:00,2026-09-20 16:00:00+00:00,-25.1,94.9,154.9
2026-09-21,Denver,prev18Z->00Z,2026-09-21 01:17:55+00:00,2026-09-21 01:00:00+00:00,2026-09-21 03:00:00+00:00,2026-09-21 04:00:00+00:00,-17.916666666666668,102.08333333333333,162.08333333333334
2026-09-21,Denver,00Z->06Z,2026-09-21 06:56:03+00:00,2026-09-21 06:00:00+00:00,2026-09-21 08:00:00+00:00,2026-09-21 09:00:00+00:00,-56.05,63.95,123.95
2026-09-21,Denver,06Z->12Z,2026-09-21 13:24:06+00:00,2026-09-21 13:00:00+00:00,2026-09-21 15:00:00+00:00,2026-09-21 16:00:00+00:00,-24.1,95.9,155.9
2026-09-21,NYC,00Z->06Z,2026-09-21 06:56:03+00:00,2026-09-21 06:00:00+00:00,2026-09-21 08:00:00+00:00,2026-09-21 09:00:00+00:00,-56.05,63.95,123.95
2026-09-21,NYC,06Z->12Z,2026-09-21 13:24:06+00:00,2026-09-21 13:00:00+00:00,2026-09-21 15:00:00+00:00,2026-09-21 16:00:00+00:00,-24.1,95.9,155.9
2026-09-22,Chicago,06Z->12Z,2026-09-22 13:31:54+00:00,2026-09-22 13:00:00+00:00,2026-09-22 15:00:00+00:00,2026-09-22 16:00:00+00:00,-31.9,88.1,148.1
2026-09-22,NYC,06Z->12Z,2026-09-22 13:31:54+00:00,2026-09-22 13:00:00+00:00,2026-09-22 15:00:00+00:00,2026-09-22 16:00:00+00:00,-31.9,88.1,148.1
2026-09-23,Chicago,prev18Z->00Z,2026-09-23 01:18:36+00:00,2026-09-23 01:00:00+00:00,2026-09-23 03:00:00+00:00,2026-09-23 04:00:00+00:00,-18.6,101.4,161.4
2026-09-23,Chicago,06Z->12Z,2026-09-23 13:35:02+00:00,2026-09-23 13:00:00+00:00,2026-09-23 15:00:00+00:00,2026-09-23 16:00:00+00:00,-35.03333333333333,84.96666666666667,144.96666666666667
2026-09-23,Denver,00Z->06Z,2026-09-23 06:46:11+00:00,2026-09-23 06:00:00+00:00,2026-09-23 08:00:00+00:00,2026-09-23 09:00:00+00:00,-46.18333333333333,73.81666666666666,133.81666666666666
2026-09-23,Denver,06Z->12Z,2026-09-23 13:35:02+00:00,2026-09-23 13:00:00+00:00,2026-09-23 15:00:00+00:00,2026-09-23 16:00:00+00:00,-35.03333333333333,84.96666666666667,144.96666666666667
2026-09-23,NYC,06Z->12Z,2026-09-23 13:35:02+00:00,2026-09-23 13:00:00+00:00,2026-09-23 15:00:00+00:00,2026-09-23 16:00:00+00:00,-35.03333333333333,84.96666666666667,144.96666666666667
2026-09-24,Chicago,06Z->12Z,2026-09-24 16:10:11+00:00,2026-09-24 16:00:00+00:00,2026-09-24 18:00:00+00:00,2026-09-24 19:00:00+00:00,-10.183333333333334,109.81666666666666,169.81666666666666
2026-09-24,Denver,06Z->12Z,2026-09-24 16:10:11+00:00,2026-09-24 16:00:00+00:00,2026-09-24 18:00:00+00:00,2026-09-24 19:00:00+00:00,-10.183333333333334,109.81666666666666,169.81666666666666
2026-09-24,NYC,06Z->12Z,2026-09-24 16:10:11+00:00,2026-09-24 16:00:00+00:00,2026-09-24 18:00:00+00:00,2026-09-24 19:00:00+00:00,-10.183333333333334,109.81666666666666,169.81666666666666
2026-09-25,Chicago,06Z->12Z,2026-09-25 13:17:46+00:00,2026-09-25 13:00:00+00:00,2026-09-25 15:00:00+00:00,2026-09-25 16:00:00+00:00,-17.766666666666666,102.23333333333333,162.23333333333332
2026-09-25,Denver,00Z->06Z,2026-09-25 06:42:42+00:00,2026-09-25 06:00:00+00:00,2026-09-25 08:00:00+00:00,2026-09-25 09:00:00+00:00,-42.7,77.3,137.3
2026-09-25,Denver,06Z->12Z,2026-09-25 13:17:46+00:00,2026-09-25 13:00:00+00:00,2026-09-25 15:00:00+00:00,2026-09-25 16:00:00+00:00,-17.766666666666666,102.23333333333333,162.23333333333332
2026-09-25,NYC,prev18Z->00Z,2026-09-25 01:18:04+00:00,2026-09-25 01:00:00+00:00,2026-09-25 03:00:00+00:00,2026-09-25 04:00:00+00:00,-18.066666666666666,101.93333333333334,161.93333333333334
2026-09-25,NYC,00Z->06Z,2026-09-25 06:42:42+00:00,2026-09-25 06:00:00+00:00,2026-09-25 08:00:00+00:00,2026-09-25 09:00:00+00:00,-42.7,77.3,137.3
2026-09-25,NYC,06Z->12Z,2026-09-25 13:17:46+00:00,2026-09-25 13:00:00+00:00,2026-09-25 15:00:00+00:00,2026-09-25 16:00:00+00:00,-17.766666666666666,102.23333333333333,162.23333333333332
2026-09-26,Chicago,prev18Z->00Z,2026-09-26 01:16:28+00:00,2026-09-26 01:00:00+00:00,2026-09-26 03:00:00+00:00,2026-09-26 04:00:00+00:00,-16.466666666666665,103.53333333333333,163.53333333333333
2026-09-26,Chicago,00Z->06Z,2026-09-26 06:47:47+00:00,2026-09-26 06:00:00+00:00,2026-09-26 08:00:00+00:00,2026-09-26 09:00:00+00:00,-47.78333333333333,72.21666666666667,132.21666666666667
2026-09-26,Chicago,06Z->12Z,2026-09-26 13:42:51+00:00,2026-09-26 13:00:00+00:00,2026-09-26 15:00:00+00:00,2026-09-26 16:00:00+00:00,-42.85,77.15,137.15
2026-09-26,Denver,06Z->12Z,2026-09-26 13:42:51+00:00,2026-09-26 13:00:00+00:00,2026-09-26 15:00:00+00:00,2026-09-26 16:00:00+00:00,-42.85,77.15,137.15
2026-09-26,NYC,00Z->06Z,2026-09-26 06:47:47+00:00,2026-09-26 06:00:00+00:00,2026-09-26 08:00:00+00:00,2026-09-26 09:00:00+00:00,-47.78333333333333,72.21666666666667,132.21666666666667
2026-09-26,NYC,06Z->12Z,2026-09-26 13:42:51+00:00,2026-09-26 13:00:00+00:00,2026-09-26 15:00:00+00:00,2026-09-26 16:00:00+00:00,-42.85,77.15,137.15
2026-09-27,Chicago,prev18Z->00Z,2026-09-27 01:26:03+00:00,2026-09-27 01:00:00+00:00,2026-09-27 03:00:00+00:00,2026-09-27 04:00:00+00:00,-26.05,93.95,153.95
2026-09-27,Chicago,00Z->06Z,2026-09-27 06:56:04+00:00,2026-09-27 06:00:00+00:00,2026-09-27 08:00:00+00:00,2026-09-27 09:00:00+00:00,-56.06666666666667,63.93333333333333,123.93333333333334
2026-09-27,Chicago,06Z->12Z,2026-09-27 13:29:36+00:00,2026-09-27 13:00:00+00:00,2026-09-27 15:00:00+00:00,2026-09-27 16:00:00+00:00,-29.6,90.4,150.4
2026-09-27,Denver,prev18Z->00Z,2026-09-27 01:26:03+00:00,2026-09-27 01:00:00+00:00,2026-09-27 03:00:00+00:00,2026-09-27 04:00:00+00:00,-26.05,93.95,153.95
2026-09-27,Denver,00Z->06Z,2026-09-27 06:56:04+00:00,2026-09-27 06:00:00+00:00,2026-09-27 08:00:00+00:00,2026-09-27 09:00:00+00:00,-56.06666666666667,63.93333333333333,123.93333333333334
2026-09-27,Denver,06Z->12Z,2026-09-27 13:29:36+00:00,2026-09-27 13:00:00+00:00,2026-09-27 15:00:00+00:00,2026-09-27 16:00:00+00:00,-29.6,90.4,150.4
2026-09-27,NYC,06Z->12Z,2026-09-27 13:29:36+00:00,2026-09-27 13:00:00+00:00,2026-09-27 15:00:00+00:00,2026-09-27 16:00:00+00:00,-29.6,90.4,150.4
2026-09-28,Chicago,06Z->12Z,2026-09-28 13:28:51+00:00,2026-09-28 13:00:00+00:00,2026-09-28 15:00:00+00:00,2026-09-28 16:00:00+00:00,-28.85,91.15,151.15
2026-09-28,Denver,00Z->06Z,2026-09-28 06:45:15+00:00,2026-09-28 06:00:00+00:00,2026-09-28 08:00:00+00:00,2026-09-28 09:00:00+00:00,-45.25,74.75,134.75
2026-09-28,Denver,06Z->12Z,2026-09-28 13:28:51+00:00,2026-09-28 13:00:00+00:00,2026-09-28 15:00:00+00:00,2026-09-28 16:00:00+00:00,-28.85,91.15,151.15
2026-09-28,NYC,00Z->06Z,2026-09-28 06:45:15+00:00,2026-09-28 06:00:00+00:00,2026-09-28 08:00:00+00:00,2026-09-28 09:00:00+00:00,-45.25,74.75,134.75
2026-09-28,NYC,06Z->12Z,2026-09-28 13:28:51+00:00,2026-09-28 13:00:00+00:00,2026-09-28 15:00:00+00:00,2026-09-28 16:00:00+00:00,-28.85,91.15,151.15
