event_date_local,city,event_ticker,revision_sequence,transition,placebo_start_utc,pre_snapshot_utc,placebo_complete_six,placebo_row_count,placebo_market_count
2026-08-14,Chicago,KXHIGHCHI-26AUG14,1,prev18Z->00Z,2026-08-14T00:00:00+00:00,2026-08-14T01:00:00+00:00,True,6,6
2026-08-14,Chicago,KXHIGHCHI-26AUG14,3,06Z->12Z,2026-08-14T12:00:00+00:00,2026-08-14T13:00:00+00:00,True,6,6
2026-08-14,Denver,KXHIGHDEN-26AUG14,2,00Z->06Z,2026-08-14T05:00:00+00:00,2026-08-14T06:00:00+00:00,True,6,6
2026-08-14,Denver,KXHIGHDEN-26AUG14,3,06Z->12Z,2026-08-14T12:00:00+00:00,2026-08-14T13:00:00+00:00,True,6,6
2026-08-15,Chicago,KXHIGHCHI-26AUG15,1,prev18Z->00Z,2026-08-15T00:00:00+00:00,2026-08-15T01:00:00+00:00,True,6,6
2026-08-15,Chicago,KXHIGHCHI-26AUG15,3,06Z->12Z,2026-08-15T12:00:00+00:00,2026-08-15T13:00:00+00:00,True,6,6
2026-08-15,Denver,KXHIGHDEN-26AUG15,1,prev18Z->00Z,2026-08-15T00:00:00+00:00,2026-08-15T01:00:00+00:00,True,6,6
2026-08-15,Denver,KXHIGHDEN-26AUG15,3,06Z->12Z,2026-08-15T12:00:00+00:00,2026-08-15T13:00:00+00:00,True,6,6
2026-08-15,NYC,KXHIGHNY-26AUG15,3,06Z->12Z,2026-08-15T12:00:00+00:00,2026-08-15T13:00:00+00:00,True,6,6
2026-08-16,Chicago,KXHIGHCHI-26AUG16,3,06Z->12Z,2026-08-16T12:00:00+00:00,2026-08-16T13:00:00+00:00,True,6,6
2026-08-16,Denver,KXHIGHDEN-26AUG16,1,prev18Z->00Z,2026-08-16T00:00:00+00:00,2026-08-16T01:00:00+00:00,True,6,6
2026-08-16,NYC,KXHIGHNY-26AUG16,1,prev18Z->00Z,2026-08-16T00:00:00+00:00,2026-08-16T01:00:00+00:00,False,5,5
2026-08-17,Chicago,KXHIGHCHI-26AUG17,1,prev18Z->00Z,2026-08-17T00:00:00+00:00,2026-08-17T01:00:00+00:00,True,6,6
2026-08-17,Chicago,KXHIGHCHI-26AUG17,3,06Z->12Z,2026-08-17T12:00:00+00:00,2026-08-17T13:00:00+00:00,True,6,6
2026-08-17,Denver,KXHIGHDEN-26AUG17,1,prev18Z->00Z,2026-08-17T00:00:00+00:00,2026-08-17T01:00:00+00:00,True,6,6
2026-08-17,NYC,KXHIGHNY-26AUG17,2,00Z->06Z,2026-08-17T05:00:00+00:00,2026-08-17T06:00:00+00:00,True,6,6
2026-08-18,Chicago,KXHIGHCHI-26AUG18,2,00Z->06Z,2026-08-18T05:00:00+00:00,2026-08-18T06:00:00+00:00,True,6,6
2026-08-18,NYC,KXHIGHNY-26AUG18,1,prev18Z->00Z,2026-08-18T00:00:00+00:00,2026-08-18T01:00:00+00:00,True,6,6
2026-08-18,NYC,KXHIGHNY-26AUG18,3,06Z->12Z,2026-08-18T12:00:00+00:00,2026-08-18T13:00:00+00:00,True,6,6
2026-08-19,Denver,KXHIGHDEN-26AUG19,1,prev18Z->00Z,2026-08-19T00:00:00+00:00,2026-08-19T01:00:00+00:00,True,6,6
2026-08-19,Denver,KXHIGHDEN-26AUG19,3,06Z->12Z,2026-08-19T12:00:00+00:00,2026-08-19T13:00:00+00:00,True,6,6
2026-08-19,NYC,KXHIGHNY-26AUG19,2,00Z->06Z,2026-08-19T05:00:00+00:00,2026-08-19T06:00:00+00:00,True,6,6
2026-08-20,Chicago,KXHIGHCHI-26AUG20,1,prev18Z->00Z,2026-08-20T00:00:00+00:00,2026-08-20T01:00:00+00:00,True,6,6
2026-08-20,Chicago,KXHIGHCHI-26AUG20,3,06Z->12Z,2026-08-20T12:00:00+00:00,2026-08-20T13:00:00+00:00,True,6,6
2026-08-20,NYC,KXHIGHNY-26AUG20,1,prev18Z->00Z,2026-08-20T00:00:00+00:00,2026-08-20T01:00:00+00:00,False,5,5
2026-08-21,Chicago,KXHIGHCHI-26AUG21,2,00Z->06Z,2026-08-21T05:00:00+00:00,2026-08-21T06:00:00+00:00,True,6,6
2026-08-21,Denver,KXHIGHDEN-26AUG21,1,prev18Z->00Z,2026-08-21T00:00:00+00:00,2026-08-21T01:00:00+00:00,True,6,6
2026-08-21,NYC,KXHIGHNY-26AUG21,3,06Z->12Z,2026-08-21T12:00:00+00:00,2026-08-21T13:00:00+00:00,True,6,6
2026-08-22,Chicago,KXHIGHCHI-26AUG22,1,prev18Z->00Z,2026-08-22T00:00:00+00:00,2026-08-22T01:00:00+00:00,True,6,6
2026-08-22,Chicago,KXHIGHCHI-26AUG22,2,00Z->06Z,2026-08-22T05:00:00+00:00,2026-08-22T06:00:00+00:00,True,6,6
2026-08-22,Denver,KXHIGHDEN-26AUG22,1,prev18Z->00Z,2026-08-22T00:00:00+00:00,2026-08-22T01:00:00+00:00,True,6,6
2026-08-22,Denver,KXHIGHDEN-26AUG22,3,06Z->12Z,2026-08-22T12:00:00+00:00,2026-08-22T13:00:00+00:00,True,6,6
2026-08-22,NYC,KXHIGHNY-26AUG22,2,00Z->06Z,2026-08-22T05:00:00+00:00,2026-08-22T06:00:00+00:00,True,6,6
2026-08-22,NYC,KXHIGHNY-26AUG22,3,06Z->12Z,2026-08-22T12:00:00+00:00,2026-08-22T13:00:00+00:00,True,6,6
2026-08-23,Chicago,KXHIGHCHI-26AUG23,2,00Z->06Z,2026-08-23T05:00:00+00:00,2026-08-23T06:00:00+00:00,True,6,6
2026-08-23,Chicago,KXHIGHCHI-26AUG23,3,06Z->12Z,2026-08-23T12:00:00+00:00,2026-08-23T13:00:00+00:00,True,6,6
2026-08-23,Denver,KXHIGHDEN-26AUG23,2,00Z->06Z,2026-08-23T05:00:00+00:00,2026-08-23T06:00:00+00:00,True,6,6
2026-08-24,Chicago,KXHIGHCHI-26AUG24,1,prev18Z->00Z,2026-08-24T00:00:00+00:00,2026-08-24T01:00:00+00:00,True,6,6
2026-08-24,Chicago,KXHIGHCHI-26AUG24,3,06Z->12Z,2026-08-24T12:00:00+00:00,2026-08-24T13:00:00+00:00,True,6,6
2026-08-24,Denver,KXHIGHDEN-26AUG24,3,06Z->12Z,2026-08-24T12:00:00+00:00,2026-08-24T13:00:00+00:00,True,6,6
2026-08-24,NYC,KXHIGHNY-26AUG24,2,00Z->06Z,2026-08-24T05:00:00+00:00,2026-08-24T06:00:00+00:00,True,6,6
2026-08-24,NYC,KXHIGHNY-26AUG24,3,06Z->12Z,2026-08-24T12:00:00+00:00,2026-08-24T13:00:00+00:00,True,6,6
2026-08-25,Chicago,KXHIGHCHI-26AUG25,2,00Z->06Z,2026-08-25T05:00:00+00:00,2026-08-25T06:00:00+00:00,True,6,6
2026-08-25,Chicago,KXHIGHCHI-26AUG25,3,06Z->12Z,2026-08-25T12:00:00+00:00,2026-08-25T13:00:00+00:00,True,6,6
2026-08-25,Denver,KXHIGHDEN-26AUG25,1,prev18Z->00Z,2026-08-25T00:00:00+00:00,2026-08-25T01:00:00+00:00,True,6,6
2026-08-25,Denver,KXHIGHDEN-26AUG25,2,00Z->06Z,2026-08-25T05:00:00+00:00,2026-08-25T06:00:00+00:00,True,6,6
2026-08-25,Denver,KXHIGHDEN-26AUG25,3,06Z->12Z,2026-08-25T12:00:00+00:00,2026-08-25T13:00:00+00:00,True,6,6
2026-08-25,NYC,KXHIGHNY-26AUG25,2,00Z->06Z,2026-08-25T05:00:00+00:00,2026-08-25T06:00:00+00:00,True,6,6
2026-08-26,Chicago,KXHIGHCHI-26AUG26,3,06Z->12Z,2026-08-26T12:00:00+00:00,2026-08-26T13:00:00+00:00,True,6,6
2026-08-26,Denver,KXHIGHDEN-26AUG26,1,prev18Z->00Z,2026-08-26T00:00:00+00:00,2026-08-26T01:00:00+00:00,True,6,6
2026-08-27,Chicago,KXHIGHCHI-26AUG27,1,prev18Z->00Z,2026-08-27T00:00:00+00:00,2026-08-27T01:00:00+00:00,True,6,6
2026-08-27,Denver,KXHIGHDEN-26AUG27,3,06Z->12Z,2026-08-27T12:00:00+00:00,2026-08-27T13:00:00+00:00,True,6,6
2026-08-27,NYC,KXHIGHNY-26AUG27,3,06Z->12Z,2026-08-27T12:00:00+00:00,2026-08-27T13:00:00+00:00,True,6,6
2026-08-29,Chicago,KXHIGHCHI-26AUG29,1,prev18Z->00Z,2026-08-29T00:00:00+00:00,2026-08-29T01:00:00+00:00,True,6,6
2026-08-29,NYC,KXHIGHNY-26AUG29,1,prev18Z->00Z,2026-08-29T00:00:00+00:00,2026-08-29T01:00:00+00:00,True,6,6
2026-08-30,Denver,KXHIGHDEN-26AUG30,2,00Z->06Z,2026-08-30T05:00:00+00:00,2026-08-30T06:00:00+00:00,True,6,6
2026-08-30,Denver,KXHIGHDEN-26AUG30,3,06Z->12Z,2026-08-30T12:00:00+00:00,2026-08-30T13:00:00+00:00,True,6,6
2026-08-30,NYC,KXHIGHNY-26AUG30,1,prev18Z->00Z,2026-08-30T00:00:00+00:00,2026-08-30T01:00:00+00:00,True,6,6
2026-08-30,NYC,KXHIGHNY-26AUG30,2,00Z->06Z,2026-08-30T05:00:00+00:00,2026-08-30T06:00:00+00:00,True,6,6
2026-08-31,Chicago,KXHIGHCHI-26AUG31,2,00Z->06Z,2026-08-31T05:00:00+00:00,2026-08-31T06:00:00+00:00,False,5,5
2026-08-31,Chicago,KXHIGHCHI-26AUG31,3,06Z->12Z,2026-08-31T13:00:00+00:00,2026-08-31T14:00:00+00:00,True,6,6
2026-08-31,Denver,KXHIGHDEN-26AUG31,2,00Z->06Z,2026-08-31T05:00:00+00:00,2026-08-31T06:00:00+00:00,True,6,6
2026-08-31,Denver,KXHIGHDEN-26AUG31,3,06Z->12Z,2026-08-31T13:00:00+00:00,2026-08-31T14:00:00+00:00,True,6,6
2026-08-31,NYC,KXHIGHNY-26AUG31,2,00Z->06Z,2026-08-31T05:00:00+00:00,2026-08-31T06:00:00+00:00,True,6,6
2026-08-31,NYC,KXHIGHNY-26AUG31,3,06Z->12Z,2026-08-31T13:00:00+00:00,2026-08-31T14:00:00+00:00,True,6,6
2026-09-01,Chicago,KXHIGHCHI-26SEP01,2,00Z->06Z,2026-09-01T05:00:00+00:00,2026-09-01T06:00:00+00:00,True,6,6
2026-09-01,Chicago,KXHIGHCHI-26SEP01,3,06Z->12Z,2026-09-01T12:00:00+00:00,2026-09-01T13:00:00+00:00,True,6,6
2026-09-02,Chicago,KXHIGHCHI-26SEP02,1,prev18Z->00Z,2026-09-02T00:00:00+00:00,2026-09-02T01:00:00+00:00,True,6,6
2026-09-02,Chicago,KXHIGHCHI-26SEP02,2,00Z->06Z,2026-09-02T05:00:00+00:00,2026-09-02T06:00:00+00:00,True,6,6
2026-09-02,Chicago,KXHIGHCHI-26SEP02,3,06Z->12Z,2026-09-02T12:00:00+00:00,2026-09-02T13:00:00+00:00,True,6,6
2026-09-02,Denver,KXHIGHDEN-26SEP02,3,06Z->12Z,2026-09-02T12:00:00+00:00,2026-09-02T13:00:00+00:00,True,6,6
2026-09-02,NYC,KXHIGHNY-26SEP02,1,prev18Z->00Z,2026-09-02T00:00:00+00:00,2026-09-02T01:00:00+00:00,True,6,6
2026-09-02,NYC,KXHIGHNY-26SEP02,2,00Z->06Z,2026-09-02T05:00:00+00:00,2026-09-02T06:00:00+00:00,True,6,6
2026-09-03,NYC,KXHIGHNY-26SEP03,3,06Z->12Z,2026-09-03T12:00:00+00:00,2026-09-03T13:00:00+00:00,True,6,6
2026-09-04,Chicago,KXHIGHCHI-26SEP04,1,prev18Z->00Z,2026-09-04T00:00:00+00:00,2026-09-04T01:00:00+00:00,True,6,6
2026-09-04,Chicago,KXHIGHCHI-26SEP04,2,00Z->06Z,2026-09-04T05:00:00+00:00,2026-09-04T06:00:00+00:00,True,6,6
2026-09-04,Chicago,KXHIGHCHI-26SEP04,3,06Z->12Z,2026-09-04T12:00:00+00:00,2026-09-04T13:00:00+00:00,True,6,6
2026-09-04,Denver,KXHIGHDEN-26SEP04,1,prev18Z->00Z,2026-09-04T00:00:00+00:00,2026-09-04T01:00:00+00:00,True,6,6
2026-09-04,Denver,KXHIGHDEN-26SEP04,3,06Z->12Z,2026-09-04T12:00:00+00:00,2026-09-04T13:00:00+00:00,True,6,6
2026-09-04,NYC,KXHIGHNY-26SEP04,3,06Z->12Z,2026-09-04T12:00:00+00:00,2026-09-04T13:00:00+00:00,True,6,6
2026-09-05,Chicago,KXHIGHCHI-26SEP05,1,prev18Z->00Z,2026-09-05T00:00:00+00:00,2026-09-05T01:00:00+00:00,True,6,6
2026-09-05,Chicago,KXHIGHCHI-26SEP05,3,06Z->12Z,2026-09-05T12:00:00+00:00,2026-09-05T13:00:00+00:00,True,6,6
2026-09-05,Denver,KXHIGHDEN-26SEP05,1,prev18Z->00Z,2026-09-05T00:00:00+00:00,2026-09-05T01:00:00+00:00,True,6,6
2026-09-05,Denver,KXHIGHDEN-26SEP05,2,00Z->06Z,2026-09-05T05:00:00+00:00,2026-09-05T06:00:00+00:00,True,6,6
2026-09-05,Denver,KXHIGHDEN-26SEP05,3,06Z->12Z,2026-09-05T12:00:00+00:00,2026-09-05T13:00:00+00:00,True,6,6
2026-09-05,NYC,KXHIGHNY-26SEP05,2,00Z->06Z,2026-09-05T05:00:00+00:00,2026-09-05T06:00:00+00:00,True,6,6
2026-09-05,NYC,KXHIGHNY-26SEP05,3,06Z->12Z,2026-09-05T12:00:00+00:00,2026-09-05T13:00:00+00:00,True,6,6
2026-09-06,Denver,KXHIGHDEN-26SEP06,1,prev18Z->00Z,2026-09-06T00:00:00+00:00,2026-09-06T01:00:00+00:00,True,6,6
2026-09-06,NYC,KXHIGHNY-26SEP06,3,06Z->12Z,2026-09-06T12:00:00+00:00,2026-09-06T13:00:00+00:00,True,6,6
2026-09-07,Denver,KXHIGHDEN-26SEP07,2,00Z->06Z,2026-09-07T05:00:00+00:00,2026-09-07T06:00:00+00:00,True,6,6
2026-09-07,NYC,KXHIGHNY-26SEP07,1,prev18Z->00Z,2026-09-07T00:00:00+00:00,2026-09-07T01:00:00+00:00,False,5,5
2026-09-08,Chicago,KXHIGHCHI-26SEP08,1,prev18Z->00Z,2026-09-08T00:00:00+00:00,2026-09-08T01:00:00+00:00,True,6,6
2026-09-08,Denver,KXHIGHDEN-26SEP08,2,00Z->06Z,2026-09-08T05:00:00+00:00,2026-09-08T06:00:00+00:00,True,6,6
2026-09-08,NYC,KXHIGHNY-26SEP08,3,06Z->12Z,2026-09-08T12:00:00+00:00,2026-09-08T13:00:00+00:00,True,6,6
2026-09-09,Chicago,KXHIGHCHI-26SEP09,2,00Z->06Z,2026-09-09T05:00:00+00:00,2026-09-09T06:00:00+00:00,True,6,6
2026-09-09,Denver,KXHIGHDEN-26SEP09,2,00Z->06Z,2026-09-09T05:00:00+00:00,2026-09-09T06:00:00+00:00,True,6,6
2026-09-10,Chicago,KXHIGHCHI-26SEP10,1,prev18Z->00Z,2026-09-10T00:00:00+00:00,2026-09-10T01:00:00+00:00,True,6,6
2026-09-10,NYC,KXHIGHNY-26SEP10,1,prev18Z->00Z,2026-09-10T00:00:00+00:00,2026-09-10T01:00:00+00:00,True,6,6
2026-09-10,NYC,KXHIGHNY-26SEP10,3,06Z->12Z,2026-09-10T12:00:00+00:00,2026-09-10T13:00:00+00:00,True,6,6
2026-09-11,Chicago,KXHIGHCHI-26SEP11,1,prev18Z->00Z,2026-09-11T00:00:00+00:00,2026-09-11T01:00:00+00:00,True,6,6
2026-09-11,Chicago,KXHIGHCHI-26SEP11,2,00Z->06Z,2026-09-11T05:00:00+00:00,2026-09-11T06:00:00+00:00,True,6,6
2026-09-11,Denver,KXHIGHDEN-26SEP11,3,06Z->12Z,2026-09-11T12:00:00+00:00,2026-09-11T13:00:00+00:00,True,6,6
2026-09-11,NYC,KXHIGHNY-26SEP11,1,prev18Z->00Z,2026-09-11T00:00:00+00:00,2026-09-11T01:00:00+00:00,False,5,5
2026-09-11,NYC,KXHIGHNY-26SEP11,2,00Z->06Z,2026-09-11T05:00:00+00:00,2026-09-11T06:00:00+00:00,True,6,6
2026-09-12,Chicago,KXHIGHCHI-26SEP12,3,06Z->12Z,2026-09-12T12:00:00+00:00,2026-09-12T13:00:00+00:00,True,6,6
2026-09-12,Denver,KXHIGHDEN-26SEP12,1,prev18Z->00Z,2026-09-12T00:00:00+00:00,2026-09-12T01:00:00+00:00,True,6,6
2026-09-12,Denver,KXHIGHDEN-26SEP12,2,00Z->06Z,2026-09-12T05:00:00+00:00,2026-09-12T06:00:00+00:00,True,6,6
2026-09-12,NYC,KXHIGHNY-26SEP12,3,06Z->12Z,2026-09-12T12:00:00+00:00,2026-09-12T13:00:00+00:00,True,6,6
2026-09-13,Chicago,KXHIGHCHI-26SEP13,2,00Z->06Z,2026-09-13T06:00:00+00:00,2026-09-13T07:00:00+00:00,True,6,6
2026-09-13,Denver,KXHIGHDEN-26SEP13,1,prev18Z->00Z,2026-09-13T00:00:00+00:00,2026-09-13T01:00:00+00:00,True,6,6
2026-09-13,Denver,KXHIGHDEN-26SEP13,3,06Z->12Z,2026-09-13T12:00:00+00:00,2026-09-13T13:00:00+00:00,True,6,6
2026-09-13,NYC,KXHIGHNY-26SEP13,1,prev18Z->00Z,2026-09-13T00:00:00+00:00,2026-09-13T01:00:00+00:00,True,6,6
2026-09-13,NYC,KXHIGHNY-26SEP13,3,06Z->12Z,2026-09-13T12:00:00+00:00,2026-09-13T13:00:00+00:00,True,6,6
2026-09-14,Denver,KXHIGHDEN-26SEP14,3,06Z->12Z,2026-09-14T12:00:00+00:00,2026-09-14T13:00:00+00:00,True,6,6
2026-09-14,NYC,KXHIGHNY-26SEP14,2,00Z->06Z,2026-09-14T06:00:00+00:00,2026-09-14T07:00:00+00:00,True,6,6
2026-09-14,NYC,KXHIGHNY-26SEP14,3,06Z->12Z,2026-09-14T12:00:00+00:00,2026-09-14T13:00:00+00:00,True,6,6
2026-09-15,Chicago,KXHIGHCHI-26SEP15,1,prev18Z->00Z,2026-09-15T00:00:00+00:00,2026-09-15T01:00:00+00:00,True,6,6
2026-09-15,Chicago,KXHIGHCHI-26SEP15,2,00Z->06Z,2026-09-15T05:00:00+00:00,2026-09-15T06:00:00+00:00,True,6,6
2026-09-15,Denver,KXHIGHDEN-26SEP15,2,00Z->06Z,2026-09-15T05:00:00+00:00,2026-09-15T06:00:00+00:00,True,6,6
2026-09-15,NYC,KXHIGHNY-26SEP15,2,00Z->06Z,2026-09-15T05:00:00+00:00,2026-09-15T06:00:00+00:00,True,6,6
2026-09-16,Chicago,KXHIGHCHI-26SEP16,2,00Z->06Z,2026-09-16T05:00:00+00:00,2026-09-16T06:00:00+00:00,True,6,6
2026-09-16,Chicago,KXHIGHCHI-26SEP16,3,06Z->12Z,2026-09-16T12:00:00+00:00,2026-09-16T13:00:00+00:00,True,6,6
2026-09-16,Denver,KXHIGHDEN-26SEP16,2,00Z->06Z,2026-09-16T05:00:00+00:00,2026-09-16T06:00:00+00:00,True,6,6
2026-09-16,NYC,KXHIGHNY-26SEP16,1,prev18Z->00Z,2026-09-16T00:00:00+00:00,2026-09-16T01:00:00+00:00,True,6,6
2026-09-17,Denver,KXHIGHDEN-26SEP17,1,prev18Z->00Z,2026-09-17T00:00:00+00:00,2026-09-17T01:00:00+00:00,True,6,6
2026-09-17,Denver,KXHIGHDEN-26SEP17,3,06Z->12Z,2026-09-17T12:00:00+00:00,2026-09-17T13:00:00+00:00,True,6,6
2026-09-17,NYC,KXHIGHNY-26SEP17,3,06Z->12Z,2026-09-17T12:00:00+00:00,2026-09-17T13:00:00+00:00,True,6,6
2026-09-18,Chicago,KXHIGHCHI-26SEP18,3,06Z->12Z,2026-09-18T12:00:00+00:00,2026-09-18T13:00:00+00:00,True,6,6
2026-09-18,Denver,KXHIGHDEN-26SEP18,3,06Z->12Z,2026-09-18T12:00:00+00:00,2026-09-18T13:00:00+00:00,True,6,6
2026-09-18,NYC,KXHIGHNY-26SEP18,1,prev18Z->00Z,2026-09-18T00:00:00+00:00,2026-09-18T01:00:00+00:00,True,6,6
2026-09-19,Chicago,KXHIGHCHI-26SEP19,1,prev18Z->00Z,2026-09-19T00:00:00+00:00,2026-09-19T01:00:00+00:00,True,6,6
2026-09-19,Chicago,KXHIGHCHI-26SEP19,3,06Z->12Z,2026-09-19T12:00:00+00:00,2026-09-19T13:00:00+00:00,True,6,6
2026-09-19,Denver,KXHIGHDEN-26SEP19,3,06Z->12Z,2026-09-19T12:00:00+00:00,2026-09-19T13:00:00+00:00,True,6,6
2026-09-20,Chicago,KXHIGHCHI-26SEP20,1,prev18Z->00Z,2026-09-20T00:00:00+00:00,2026-09-20T01:00:00+00:00,True,6,6
2026-09-20,Chicago,KXHIGHCHI-26SEP20,2,00Z->06Z,2026-09-20T05:00:00+00:00,2026-09-20T06:00:00+00:00,True,6,6
2026-09-20,Chicago,KXHIGHCHI-26SEP20,3,06Z->12Z,2026-09-20T12:00:00+00:00,2026-09-20T13:00:00+00:00,True,6,6
2026-09-20,Denver,KXHIGHDEN-26SEP20,1,prev18Z->00Z,2026-09-20T00:00:00+00:00,2026-09-20T01:00:00+00:00,True,6,6
2026-09-20,Denver,KXHIGHDEN-26SEP20,3,06Z->12Z,2026-09-20T12:00:00+00:00,2026-09-20T13:00:00+00:00,True,6,6
2026-09-20,NYC,KXHIGHNY-26SEP20,2,00Z->06Z,2026-09-20T05:00:00+00:00,2026-09-20T06:00:00+00:00,True,6,6
2026-09-20,NYC,KXHIGHNY-26SEP20,3,06Z->12Z,2026-09-20T12:00:00+00:00,2026-09-20T13:00:00+00:00,True,6,6
2026-09-21,Denver,KXHIGHDEN-26SEP21,1,prev18Z->00Z,2026-09-21T00:00:00+00:00,2026-09-21T01:00:00+00:00,True,6,6
2026-09-21,Denver,KXHIGHDEN-26SEP21,2,00Z->06Z,2026-09-21T05:00:00+00:00,2026-09-21T06:00:00+00:00,True,6,6
2026-09-21,Denver,KXHIGHDEN-26SEP21,3,06Z->12Z,2026-09-21T12:00:00+00:00,2026-09-21T13:00:00+00:00,True,6,6
2026-09-21,NYC,KXHIGHNY-26SEP21,2,00Z->06Z,2026-09-21T05:00:00+00:00,2026-09-21T06:00:00+00:00,True,6,6
2026-09-21,NYC,KXHIGHNY-26SEP21,3,06Z->12Z,2026-09-21T12:00:00+00:00,2026-09-21T13:00:00+00:00,True,6,6
2026-09-22,Chicago,KXHIGHCHI-26SEP22,3,06Z->12Z,2026-09-22T12:00:00+00:00,2026-09-22T13:00:00+00:00,True,6,6
2026-09-22,NYC,KXHIGHNY-26SEP22,3,06Z->12Z,2026-09-22T12:00:00+00:00,2026-09-22T13:00:00+00:00,True,6,6
2026-09-23,Chicago,KXHIGHCHI-26SEP23,1,prev18Z->00Z,2026-09-23T00:00:00+00:00,2026-09-23T01:00:00+00:00,True,6,6
2026-09-23,Chicago,KXHIGHCHI-26SEP23,3,06Z->12Z,2026-09-23T12:00:00+00:00,2026-09-23T13:00:00+00:00,True,6,6
2026-09-23,Denver,KXHIGHDEN-26SEP23,2,00Z->06Z,2026-09-23T05:00:00+00:00,2026-09-23T06:00:00+00:00,True,6,6
2026-09-23,Denver,KXHIGHDEN-26SEP23,3,06Z->12Z,2026-09-23T12:00:00+00:00,2026-09-23T13:00:00+00:00,True,6,6
2026-09-23,NYC,KXHIGHNY-26SEP23,3,06Z->12Z,2026-09-23T12:00:00+00:00,2026-09-23T13:00:00+00:00,True,6,6
2026-09-24,Chicago,KXHIGHCHI-26SEP24,3,06Z->12Z,2026-09-24T15:00:00+00:00,2026-09-24T16:00:00+00:00,True,6,6
2026-09-24,Denver,KXHIGHDEN-26SEP24,3,06Z->12Z,2026-09-24T15:00:00+00:00,2026-09-24T16:00:00+00:00,True,6,6
2026-09-24,NYC,KXHIGHNY-26SEP24,3,06Z->12Z,2026-09-24T15:00:00+00:00,2026-09-24T16:00:00+00:00,True,6,6
2026-09-25,Chicago,KXHIGHCHI-26SEP25,3,06Z->12Z,2026-09-25T12:00:00+00:00,2026-09-25T13:00:00+00:00,True,6,6
2026-09-25,Denver,KXHIGHDEN-26SEP25,2,00Z->06Z,2026-09-25T05:00:00+00:00,2026-09-25T06:00:00+00:00,True,6,6
2026-09-25,Denver,KXHIGHDEN-26SEP25,3,06Z->12Z,2026-09-25T12:00:00+00:00,2026-09-25T13:00:00+00:00,True,6,6
2026-09-25,NYC,KXHIGHNY-26SEP25,1,prev18Z->00Z,2026-09-25T00:00:00+00:00,2026-09-25T01:00:00+00:00,True,6,6
2026-09-25,NYC,KXHIGHNY-26SEP25,2,00Z->06Z,2026-09-25T05:00:00+00:00,2026-09-25T06:00:00+00:00,True,6,6
2026-09-25,NYC,KXHIGHNY-26SEP25,3,06Z->12Z,2026-09-25T12:00:00+00:00,2026-09-25T13:00:00+00:00,True,6,6
2026-09-26,Chicago,KXHIGHCHI-26SEP26,1,prev18Z->00Z,2026-09-26T00:00:00+00:00,2026-09-26T01:00:00+00:00,True,6,6
2026-09-26,Chicago,KXHIGHCHI-26SEP26,2,00Z->06Z,2026-09-26T05:00:00+00:00,2026-09-26T06:00:00+00:00,True,6,6
2026-09-26,Chicago,KXHIGHCHI-26SEP26,3,06Z->12Z,2026-09-26T12:00:00+00:00,2026-09-26T13:00:00+00:00,True,6,6
2026-09-26,Denver,KXHIGHDEN-26SEP26,3,06Z->12Z,2026-09-26T12:00:00+00:00,2026-09-26T13:00:00+00:00,True,6,6
2026-09-26,NYC,KXHIGHNY-26SEP26,2,00Z->06Z,2026-09-26T05:00:00+00:00,2026-09-26T06:00:00+00:00,True,6,6
2026-09-26,NYC,KXHIGHNY-26SEP26,3,06Z->12Z,2026-09-26T12:00:00+00:00,2026-09-26T13:00:00+00:00,True,6,6
2026-09-27,Chicago,KXHIGHCHI-26SEP27,1,prev18Z->00Z,2026-09-27T00:00:00+00:00,2026-09-27T01:00:00+00:00,True,6,6
2026-09-27,Chicago,KXHIGHCHI-26SEP27,2,00Z->06Z,2026-09-27T05:00:00+00:00,2026-09-27T06:00:00+00:00,True,6,6
2026-09-27,Chicago,KXHIGHCHI-26SEP27,3,06Z->12Z,2026-09-27T12:00:00+00:00,2026-09-27T13:00:00+00:00,True,6,6
2026-09-27,Denver,KXHIGHDEN-26SEP27,1,prev18Z->00Z,2026-09-27T00:00:00+00:00,2026-09-27T01:00:00+00:00,True,6,6
2026-09-27,Denver,KXHIGHDEN-26SEP27,2,00Z->06Z,2026-09-27T05:00:00+00:00,2026-09-27T06:00:00+00:00,True,6,6
2026-09-27,Denver,KXHIGHDEN-26SEP27,3,06Z->12Z,2026-09-27T12:00:00+00:00,2026-09-27T13:00:00+00:00,True,6,6
2026-09-27,NYC,KXHIGHNY-26SEP27,3,06Z->12Z,2026-09-27T12:00:00+00:00,2026-09-27T13:00:00+00:00,True,6,6
2026-09-28,Chicago,KXHIGHCHI-26SEP28,3,06Z->12Z,2026-09-28T12:00:00+00:00,2026-09-28T13:00:00+00:00,True,6,6
2026-09-28,Denver,KXHIGHDEN-26SEP28,2,00Z->06Z,2026-09-28T05:00:00+00:00,2026-09-28T06:00:00+00:00,True,6,6
2026-09-28,Denver,KXHIGHDEN-26SEP28,3,06Z->12Z,2026-09-28T12:00:00+00:00,2026-09-28T13:00:00+00:00,True,6,6
2026-09-28,NYC,KXHIGHNY-26SEP28,2,00Z->06Z,2026-09-28T05:00:00+00:00,2026-09-28T06:00:00+00:00,True,6,6
2026-09-28,NYC,KXHIGHNY-26SEP28,3,06Z->12Z,2026-09-28T12:00:00+00:00,2026-09-28T13:00:00+00:00,True,6,6
