event_date_local,city,transition,delta_txn,delta_xnd,pre_snapshot_utc,post1_snapshot_utc,post2_snapshot_utc,initial_market_l1,residual_market_l1,pre_distribution,post1_distribution,post2_distribution
2026-08-14,Chicago,prev18Z->00Z,1.0,0.0,2026-08-14T01:00:00+00:00,2026-08-14T03:00:00+00:00,2026-08-14T04:00:00+00:00,0.23999999999999994,0.025000000000000022,"[0.0849999999999999, 0.29, 0.415, 0.1699999999999999, 0.015, 0.065]","[0.075, 0.275, 0.355, 0.305, 0.015, 0.045]","[0.08, 0.265, 0.355, 0.295, 0.015, 0.045]"
2026-08-14,Chicago,06Z->12Z,-1.0,0.0,2026-08-14T13:00:00+00:00,2026-08-14T15:00:00+00:00,2026-08-14T16:00:00+00:00,0.2549999999999998,0.17499999999999982,"[0.06, 0.345, 0.455, 0.1149999999999999, 0.005, 0.045]","[0.1649999999999999, 0.295, 0.455, 0.055, 0.015, 0.015]","[0.14, 0.335, 0.405, 0.0849999999999999, 0.005, 0.035]"
2026-08-14,Denver,00Z->06Z,0.0,-1.0,2026-08-14T06:00:00+00:00,2026-08-14T08:00:00+00:00,2026-08-14T09:00:00+00:00,0.22499999999999995,0.25499999999999995,"[0.065, 0.205, 0.33, 0.245, 0.015, 0.185]","[0.045, 0.135, 0.33, 0.345, 0.015, 0.15]","[0.025, 0.195, 0.36, 0.305, 0.015, 0.045]"
2026-08-14,Denver,06Z->12Z,-1.0,0.0,2026-08-14T13:00:00+00:00,2026-08-14T15:00:00+00:00,2026-08-14T16:00:00+00:00,0.2849999999999998,0.12500000000000017,"[0.025, 0.11, 0.425, 0.375, 0.005, 0.055]","[0.04, 0.125, 0.285, 0.4599999999999999, 0.005, 0.0849999999999999]","[0.03, 0.075, 0.285, 0.48, 0.01, 0.125]"
2026-08-15,Chicago,prev18Z->00Z,-1.0,1.0,2026-08-15T01:00:00+00:00,2026-08-15T03:00:00+00:00,2026-08-15T04:00:00+00:00,0.11000000000000003,0.04000000000000001,"[0.315, 0.255, 0.075, 0.015, 0.35, 0.005]","[0.315, 0.235, 0.07, 0.015, 0.43, 0.01]","[0.315, 0.215, 0.06, 0.015, 0.42, 0.01]"
2026-08-15,Chicago,06Z->12Z,1.0,0.0,2026-08-15T13:00:00+00:00,2026-08-15T15:00:00+00:00,2026-08-15T16:00:00+00:00,0.03500000000000003,0.06500000000000004,"[0.265, 0.065, 0.025, 0.005, 0.665, 0.005]","[0.25, 0.065, 0.025, 0.005, 0.645, 0.005]","[0.28, 0.055, 0.015, 0.005, 0.63, 0.005]"
2026-08-15,Denver,prev18Z->00Z,0.0,-1.0,2026-08-15T01:00:00+00:00,2026-08-15T03:00:00+00:00,2026-08-15T04:00:00+00:00,0.0750000000000001,0.0749999999999999,"[0.02, 0.035, 0.285, 0.42, 0.015, 0.245]","[0.025, 0.035, 0.265, 0.445, 0.025, 0.2299999999999999]","[0.045, 0.045, 0.26, 0.445, 0.055, 0.22]"
2026-08-15,Denver,06Z->12Z,-1.0,0.0,2026-08-15T13:00:00+00:00,2026-08-15T15:00:00+00:00,2026-08-15T16:00:00+00:00,0.17999999999999994,0.135,"[0.025, 0.1649999999999999, 0.32, 0.365, 0.005, 0.13]","[0.025, 0.145, 0.275, 0.445, 0.015, 0.105]","[0.035, 0.175, 0.265, 0.38, 0.015, 0.125]"
2026-08-15,NYC,06Z->12Z,0.0,-1.0,2026-08-15T13:00:00+00:00,2026-08-15T15:00:00+00:00,2026-08-15T16:00:00+00:00,0.040000000000000036,0.11500000000000002,"[0.315, 0.505, 0.155, 0.015, 0.02, 0.005]","[0.33, 0.515, 0.145, 0.015, 0.015, 0.005]","[0.27, 0.545, 0.135, 0.02, 0.025, 0.005]"
2026-08-16,Chicago,06Z->12Z,1.0,0.0,2026-08-16T13:00:00+00:00,2026-08-16T15:00:00+00:00,2026-08-16T16:00:00+00:00,0.19000000000000009,0.07999999999999993,"[0.095, 0.325, 0.5, 0.06, 0.005, 0.005]","[0.105, 0.42, 0.4599999999999999, 0.025, 0.01, 0.01]","[0.1, 0.43, 0.42, 0.05, 0.01, 0.01]"
2026-08-16,Denver,prev18Z->00Z,0.0,-1.0,2026-08-16T01:00:00+00:00,2026-08-16T03:00:00+00:00,2026-08-16T04:00:00+00:00,0.06000000000000004,0.07500000000000011,"[0.125, 0.35, 0.335, 0.105, 0.055, 0.02]","[0.12, 0.3399999999999999, 0.345, 0.135, 0.055, 0.015]","[0.13, 0.345, 0.385, 0.115, 0.055, 0.015]"
2026-08-16,NYC,prev18Z->00Z,0.0,1.0,2026-08-16T01:00:00+00:00,2026-08-16T03:00:00+00:00,2026-08-16T04:00:00+00:00,0.075,0.035000000000000045,"[0.335, 0.445, 0.155, 0.015, 0.11, 0.005]","[0.325, 0.475, 0.145, 0.02, 0.09, 0.005]","[0.325, 0.4649999999999999, 0.135, 0.02, 0.075, 0.005]"
2026-08-17,Chicago,prev18Z->00Z,-1.0,0.0,2026-08-17T01:00:00+00:00,2026-08-17T03:00:00+00:00,2026-08-17T04:00:00+00:00,0.06500000000000002,0.07499999999999983,"[0.45, 0.355, 0.06, 0.015, 0.175, 0.015]","[0.415, 0.355, 0.0849999999999999, 0.015, 0.1699999999999999, 0.015]","[0.445, 0.345, 0.07, 0.02, 0.155, 0.015]"
2026-08-17,Chicago,06Z->12Z,-1.0,0.0,2026-08-17T13:00:00+00:00,2026-08-17T15:00:00+00:00,2026-08-17T16:00:00+00:00,0.2899999999999999,0.395,"[0.555, 0.095, 0.005, 0.005, 0.365, 0.005]","[0.62, 0.155, 0.015, 0.005, 0.215, 0.01]","[0.515, 0.09, 0.005, 0.005, 0.425, 0.005]"
2026-08-17,Denver,prev18Z->00Z,1.0,0.0,2026-08-17T01:00:00+00:00,2026-08-17T03:00:00+00:00,2026-08-17T04:00:00+00:00,0.01999999999999999,0.1950000000000001,"[0.015, 0.045, 0.355, 0.485, 0.015, 0.135]","[0.015, 0.045, 0.355, 0.495, 0.015, 0.145]","[0.015, 0.04, 0.295, 0.4649999999999999, 0.015, 0.245]"
2026-08-17,NYC,00Z->06Z,1.0,0.0,2026-08-17T06:00:00+00:00,2026-08-17T08:00:00+00:00,2026-08-17T09:00:00+00:00,0.029999999999999912,0.035,"[0.2249999999999999, 0.025, 0.005, 0.005, 0.775, 0.005]","[0.215, 0.02, 0.005, 0.005, 0.79, 0.005]","[0.19, 0.025, 0.005, 0.005, 0.785, 0.005]"
2026-08-18,Chicago,00Z->06Z,1.0,-1.0,2026-08-18T06:00:00+00:00,2026-08-18T08:00:00+00:00,2026-08-18T09:00:00+00:00,0.04500000000000002,0.049999999999999975,"[0.055, 0.295, 0.56, 0.095, 0.015, 0.015]","[0.035, 0.315, 0.555, 0.095, 0.015, 0.015]","[0.045, 0.345, 0.545, 0.095, 0.015, 0.015]"
2026-08-18,NYC,prev18Z->00Z,-1.0,0.0,2026-08-18T01:00:00+00:00,2026-08-18T03:00:00+00:00,2026-08-18T04:00:00+00:00,0.12,0.034999999999999906,"[0.345, 0.06, 0.015, 0.005, 0.62, 0.005]","[0.33, 0.12, 0.015, 0.005, 0.575, 0.005]","[0.3349999999999999, 0.105, 0.015, 0.005, 0.59, 0.005]"
2026-08-18,NYC,06Z->12Z,-1.0,0.0,2026-08-18T13:00:00+00:00,2026-08-18T15:00:00+00:00,2026-08-18T16:00:00+00:00,0.22499999999999998,0.21499999999999997,"[0.2, 0.055, 0.005, 0.005, 0.74, 0.005]","[0.14, 0.005, 0.005, 0.005, 0.855, 0.005]","[0.245, 0.01, 0.005, 0.005, 0.75, 0.005]"
2026-08-19,Denver,prev18Z->00Z,-1.0,1.0,2026-08-19T01:00:00+00:00,2026-08-19T03:00:00+00:00,2026-08-19T04:00:00+00:00,0.08000000000000007,0.010000000000000005,"[0.025, 0.155, 0.535, 0.255, 0.025, 0.065]","[0.025, 0.155, 0.475, 0.265, 0.015, 0.065]","[0.02, 0.155, 0.475, 0.26, 0.015, 0.065]"
2026-08-19,Denver,06Z->12Z,1.0,-1.0,2026-08-19T13:00:00+00:00,2026-08-19T15:00:00+00:00,2026-08-19T16:00:00+00:00,0.05000000000000003,0.09500000000000004,"[0.015, 0.075, 0.535, 0.36, 0.005, 0.015]","[0.015, 0.1, 0.545, 0.375, 0.005, 0.015]","[0.025, 0.11, 0.505, 0.39, 0.025, 0.015]"
2026-08-19,NYC,00Z->06Z,1.0,-1.0,2026-08-19T06:00:00+00:00,2026-08-19T08:00:00+00:00,2026-08-19T09:00:00+00:00,0.06,0.08000000000000011,"[0.58, 0.305, 0.02, 0.005, 0.125, 0.005]","[0.605, 0.28, 0.015, 0.005, 0.12, 0.005]","[0.585, 0.33, 0.02, 0.005, 0.1149999999999999, 0.005]"
2026-08-20,Chicago,prev18Z->00Z,-1.0,0.0,2026-08-20T01:00:00+00:00,2026-08-20T03:00:00+00:00,2026-08-20T04:00:00+00:00,0.04000000000000002,0.04000000000000003,"[0.175, 0.475, 0.265, 0.035, 0.065, 0.015]","[0.175, 0.485, 0.275, 0.035, 0.045, 0.015]","[0.185, 0.485, 0.255, 0.025, 0.045, 0.015]"
2026-08-20,Chicago,06Z->12Z,0.0,-1.0,2026-08-20T13:00:00+00:00,2026-08-20T15:00:00+00:00,2026-08-20T16:00:00+00:00,0.05,0.09000000000000002,"[0.215, 0.635, 0.145, 0.015, 0.02, 0.005]","[0.215, 0.655, 0.13, 0.015, 0.005, 0.005]","[0.18, 0.685, 0.115, 0.005, 0.005, 0.005]"
2026-08-20,NYC,prev18Z->00Z,1.0,0.0,2026-08-20T01:00:00+00:00,2026-08-20T03:00:00+00:00,2026-08-20T04:00:00+00:00,0.16,0.14000000000000007,"[0.185, 0.41, 0.275, 0.125, 0.055, 0.005]","[0.155, 0.4, 0.355, 0.1149999999999999, 0.025, 0.005]","[0.12, 0.395, 0.32, 0.18, 0.025, 0.005]"
2026-08-21,Chicago,00Z->06Z,1.0,0.0,2026-08-21T06:00:00+00:00,2026-08-21T08:00:00+00:00,2026-08-21T09:00:00+00:00,0.06999999999999992,0.10499999999999998,"[0.195, 0.475, 0.325, 0.045, 0.015, 0.015]","[0.19, 0.455, 0.345, 0.03, 0.025, 0.015]","[0.175, 0.5, 0.305, 0.035, 0.025, 0.015]"
2026-08-21,Denver,prev18Z->00Z,-1.0,0.0,2026-08-21T01:00:00+00:00,2026-08-21T03:00:00+00:00,2026-08-21T04:00:00+00:00,0.02000000000000001,0.05000000000000003,"[0.165, 0.04, 0.295, 0.515, 0.025, 0.015]","[0.165, 0.035, 0.3, 0.505, 0.025, 0.015]","[0.165, 0.045, 0.295, 0.54, 0.025, 0.015]"
2026-08-21,NYC,06Z->12Z,-1.0,0.0,2026-08-21T13:00:00+00:00,2026-08-21T15:00:00+00:00,2026-08-21T16:00:00+00:00,0.22499999999999995,0.07999999999999999,"[0.435, 0.15, 0.035, 0.005, 0.385, 0.005]","[0.395, 0.085, 0.01, 0.005, 0.48, 0.005]","[0.42, 0.07, 0.005, 0.005, 0.515, 0.005]"
2026-08-22,Chicago,prev18Z->00Z,1.0,0.0,2026-08-22T01:00:00+00:00,2026-08-22T03:00:00+00:00,2026-08-22T04:00:00+00:00,0.10000000000000019,0.05999999999999996,"[0.125, 0.495, 0.275, 0.045, 0.055, 0.015]","[0.1149999999999999, 0.4649999999999999, 0.335, 0.045, 0.055, 0.015]","[0.125, 0.455, 0.355, 0.045, 0.035, 0.015]"
2026-08-22,Chicago,00Z->06Z,-1.0,0.0,2026-08-22T06:00:00+00:00,2026-08-22T08:00:00+00:00,2026-08-22T09:00:00+00:00,0.054999999999999924,0.020000000000000004,"[0.0849999999999999, 0.365, 0.495, 0.035, 0.035, 0.015]","[0.08, 0.39, 0.505, 0.02, 0.035, 0.015]","[0.095, 0.395, 0.505, 0.02, 0.035, 0.015]"
2026-08-22,Denver,prev18Z->00Z,0.0,-1.0,2026-08-22T01:00:00+00:00,2026-08-22T03:00:00+00:00,2026-08-22T04:00:00+00:00,0.07999999999999988,0.13499999999999998,"[0.105, 0.22, 0.335, 0.205, 0.025, 0.1699999999999999]","[0.12, 0.245, 0.335, 0.205, 0.035, 0.14]","[0.105, 0.215, 0.335, 0.185, 0.025, 0.2]"
2026-08-22,Denver,06Z->12Z,0.0,1.0,2026-08-22T13:00:00+00:00,2026-08-22T15:00:00+00:00,2026-08-22T16:00:00+00:00,0.044999999999999964,0.05999999999999998,"[0.055, 0.105, 0.325, 0.41, 0.025, 0.0849999999999999]","[0.055, 0.135, 0.325, 0.405, 0.015, 0.0849999999999999]","[0.045, 0.1149999999999999, 0.3299999999999999, 0.43, 0.015, 0.0849999999999999]"
2026-08-22,NYC,00Z->06Z,1.0,0.0,2026-08-22T06:00:00+00:00,2026-08-22T08:00:00+00:00,2026-08-22T09:00:00+00:00,0.1149999999999999,0.10500000000000001,"[0.1, 0.45, 0.35, 0.0849999999999999, 0.015, 0.015]","[0.105, 0.505, 0.365, 0.045, 0.015, 0.015]","[0.115, 0.48, 0.415, 0.045, 0.005, 0.005]"
2026-08-22,NYC,06Z->12Z,1.0,-1.0,2026-08-22T13:00:00+00:00,2026-08-22T15:00:00+00:00,2026-08-22T16:00:00+00:00,0.28,0.405,"[0.4, 0.455, 0.15, 0.015, 0.02, 0.005]","[0.255, 0.52, 0.205, 0.025, 0.015, 0.005]","[0.07, 0.5, 0.395, 0.025, 0.005, 0.005]"
2026-08-23,Chicago,00Z->06Z,-1.0,1.0,2026-08-23T06:00:00+00:00,2026-08-23T08:00:00+00:00,2026-08-23T09:00:00+00:00,0.2999999999999999,0.04500000000000003,"[0.0849999999999999, 0.42, 0.44, 0.045, 0.035, 0.015]","[0.035, 0.355, 0.585, 0.025, 0.015, 0.015]","[0.025, 0.365, 0.61, 0.025, 0.015, 0.015]"
2026-08-23,Chicago,06Z->12Z,1.0,-1.0,2026-08-23T13:00:00+00:00,2026-08-23T15:00:00+00:00,2026-08-23T16:00:00+00:00,0.035000000000000024,0.06000000000000001,"[0.015, 0.315, 0.625, 0.045, 0.005, 0.005]","[0.015, 0.325, 0.61, 0.055, 0.005, 0.005]","[0.03, 0.335, 0.605, 0.025, 0.005, 0.005]"
2026-08-23,Denver,00Z->06Z,-1.0,0.0,2026-08-23T06:00:00+00:00,2026-08-23T08:00:00+00:00,2026-08-23T09:00:00+00:00,0.1800000000000001,0.05999999999999987,"[0.035, 0.105, 0.405, 0.3399999999999999, 0.015, 0.16]","[0.035, 0.065, 0.32, 0.39, 0.015, 0.165]","[0.03, 0.075, 0.315, 0.425, 0.015, 0.1699999999999999]"
2026-08-24,Chicago,prev18Z->00Z,-1.0,0.0,2026-08-24T01:00:00+00:00,2026-08-24T03:00:00+00:00,2026-08-24T04:00:00+00:00,0.13500000000000006,0.07499999999999993,"[0.075, 0.355, 0.415, 0.13, 0.03, 0.025]","[0.075, 0.39, 0.435, 0.065, 0.025, 0.015]","[0.09, 0.41, 0.405, 0.065, 0.035, 0.015]"
2026-08-24,Chicago,06Z->12Z,0.0,-1.0,2026-08-24T13:00:00+00:00,2026-08-24T15:00:00+00:00,2026-08-24T16:00:00+00:00,0.24999999999999997,0.07500000000000004,"[0.09, 0.505, 0.375, 0.02, 0.015, 0.005]","[0.02, 0.45, 0.47, 0.045, 0.01, 0.005]","[0.04, 0.415, 0.475, 0.055, 0.005, 0.005]"
2026-08-24,Denver,06Z->12Z,0.0,1.0,2026-08-24T13:00:00+00:00,2026-08-24T15:00:00+00:00,2026-08-24T16:00:00+00:00,0.23999999999999985,0.1300000000000001,"[0.005, 0.0849999999999999, 0.575, 0.315, 0.005, 0.02]","[0.02, 0.065, 0.475, 0.415, 0.01, 0.02]","[0.005, 0.065, 0.4599999999999999, 0.505, 0.005, 0.015]"
2026-08-24,NYC,00Z->06Z,0.0,-1.0,2026-08-24T06:00:00+00:00,2026-08-24T08:00:00+00:00,2026-08-24T09:00:00+00:00,0.054999999999999966,0.04500000000000008,"[0.405, 0.505, 0.05, 0.005, 0.055, 0.005]","[0.415, 0.49, 0.035, 0.01, 0.065, 0.005]","[0.42, 0.4649999999999999, 0.05, 0.01, 0.065, 0.005]"
2026-08-24,NYC,06Z->12Z,1.0,1.0,2026-08-24T13:00:00+00:00,2026-08-24T15:00:00+00:00,2026-08-24T16:00:00+00:00,0.21500000000000002,0.3700000000000001,"[0.255, 0.545, 0.135, 0.005, 0.015, 0.005]","[0.375, 0.555, 0.055, 0.005, 0.02, 0.005]","[0.55, 0.4, 0.025, 0.005, 0.03, 0.005]"
2026-08-25,Chicago,00Z->06Z,-1.0,1.0,2026-08-25T06:00:00+00:00,2026-08-25T08:00:00+00:00,2026-08-25T09:00:00+00:00,0.19499999999999998,0.035000000000000114,"[0.155, 0.5800000000000001, 0.28, 0.025, 0.025, 0.005]","[0.135, 0.645, 0.19, 0.015, 0.035, 0.005]","[0.135, 0.655, 0.1699999999999999, 0.015, 0.03, 0.005]"
2026-08-25,Chicago,06Z->12Z,1.0,-1.0,2026-08-25T13:00:00+00:00,2026-08-25T15:00:00+00:00,2026-08-25T16:00:00+00:00,0.20999999999999996,0.015000000000000013,"[0.135, 0.705, 0.135, 0.005, 0.01, 0.005]","[0.195, 0.62, 0.195, 0.005, 0.005, 0.005]","[0.195, 0.615, 0.185, 0.005, 0.005, 0.005]"
2026-08-25,Denver,prev18Z->00Z,1.0,0.0,2026-08-25T01:00:00+00:00,2026-08-25T03:00:00+00:00,2026-08-25T04:00:00+00:00,0.08499999999999998,0.09000000000000004,"[0.035, 0.165, 0.39, 0.335, 0.015, 0.1]","[0.03, 0.125, 0.375, 0.345, 0.015, 0.115]","[0.025, 0.16, 0.395, 0.355, 0.015, 0.095]"
2026-08-25,Denver,00Z->06Z,1.0,0.0,2026-08-25T06:00:00+00:00,2026-08-25T08:00:00+00:00,2026-08-25T09:00:00+00:00,0.18499999999999994,0.12000000000000001,"[0.02, 0.16, 0.385, 0.375, 0.015, 0.095]","[0.025, 0.075, 0.375, 0.4599999999999999, 0.015, 0.095]","[0.025, 0.115, 0.38, 0.395, 0.015, 0.0849999999999999]"
2026-08-25,Denver,06Z->12Z,-1.0,0.0,2026-08-25T13:00:00+00:00,2026-08-25T15:00:00+00:00,2026-08-25T16:00:00+00:00,0.07999999999999999,0.2050000000000001,"[0.02, 0.1, 0.4599999999999999, 0.365, 0.005, 0.065]","[0.04, 0.1149999999999999, 0.475, 0.345, 0.005, 0.055]","[0.045, 0.19, 0.48, 0.235, 0.01, 0.05]"
2026-08-25,NYC,00Z->06Z,-1.0,0.0,2026-08-25T06:00:00+00:00,2026-08-25T08:00:00+00:00,2026-08-25T09:00:00+00:00,0.10999999999999996,0.045000000000000026,"[0.35, 0.055, 0.015, 0.005, 0.59, 0.005]","[0.39, 0.08, 0.015, 0.005, 0.545, 0.005]","[0.385, 0.1, 0.015, 0.005, 0.525, 0.005]"
2026-08-26,Chicago,06Z->12Z,0.0,-1.0,2026-08-26T13:00:00+00:00,2026-08-26T15:00:00+00:00,2026-08-26T16:00:00+00:00,0.06500000000000003,0.31499999999999995,"[0.025, 0.355, 0.535, 0.095, 0.005, 0.005]","[0.035, 0.38, 0.525, 0.075, 0.005, 0.005]","[0.015, 0.215, 0.625, 0.105, 0.005, 0.005]"
2026-08-26,Denver,prev18Z->00Z,1.0,0.0,2026-08-26T01:00:00+00:00,2026-08-26T03:00:00+00:00,2026-08-26T04:00:00+00:00,0.0899999999999998,0.105,"[0.025, 0.05, 0.255, 0.295, 0.02, 0.445]","[0.0349999999999999, 0.075, 0.22, 0.3, 0.02, 0.4599999999999999]","[0.02, 0.055, 0.225, 0.285, 0.005, 0.495]"
2026-08-27,Chicago,prev18Z->00Z,0.0,-1.0,2026-08-27T01:00:00+00:00,2026-08-27T03:00:00+00:00,2026-08-27T04:00:00+00:00,0.17499999999999982,0.0299999999999999,"[0.14, 0.4649999999999999, 0.375, 0.05, 0.025, 0.005]","[0.08, 0.455, 0.4649999999999999, 0.045, 0.015, 0.005]","[0.075, 0.4649999999999999, 0.4649999999999999, 0.04, 0.005, 0.005]"
2026-08-27,Denver,06Z->12Z,1.0,0.0,2026-08-27T13:00:00+00:00,2026-08-27T15:00:00+00:00,2026-08-27T16:00:00+00:00,0.14500000000000018,0.0849999999999999,"[0.005, 0.13, 0.5, 0.345, 0.005, 0.025]","[0.025, 0.0849999999999999, 0.525, 0.385, 0.005, 0.04]","[0.02, 0.065, 0.505, 0.425, 0.005, 0.04]"
2026-08-27,NYC,06Z->12Z,0.0,-1.0,2026-08-27T13:00:00+00:00,2026-08-27T15:00:00+00:00,2026-08-27T16:00:00+00:00,0.215,0.065,"[0.37, 0.065, 0.005, 0.005, 0.595, 0.005]","[0.295, 0.03, 0.005, 0.005, 0.7, 0.005]","[0.27, 0.03, 0.005, 0.005, 0.74, 0.005]"
2026-08-29,Chicago,prev18Z->00Z,1.0,0.0,2026-08-29T01:00:00+00:00,2026-08-29T03:00:00+00:00,2026-08-29T04:00:00+00:00,0.014999999999999902,0.09000000000000004,"[0.265, 0.455, 0.205, 0.045, 0.065, 0.015]","[0.265, 0.4649999999999999, 0.205, 0.045, 0.07, 0.015]","[0.24, 0.4649999999999999, 0.225, 0.035, 0.045, 0.005]"
2026-08-29,NYC,prev18Z->00Z,0.0,1.0,2026-08-29T01:00:00+00:00,2026-08-29T03:00:00+00:00,2026-08-29T04:00:00+00:00,0.12999999999999995,0.06000000000000009,"[0.355, 0.07, 0.015, 0.005, 0.58, 0.005]","[0.39, 0.095, 0.03, 0.005, 0.525, 0.005]","[0.415, 0.0849999999999999, 0.025, 0.005, 0.505, 0.005]"
2026-08-30,Denver,00Z->06Z,-1.0,-1.0,2026-08-30T06:00:00+00:00,2026-08-30T08:00:00+00:00,2026-08-30T09:00:00+00:00,0.155,0.12499999999999989,"[0.235, 0.445, 0.215, 0.055, 0.1, 0.005]","[0.265, 0.405, 0.175, 0.035, 0.125, 0.005]","[0.265, 0.4449999999999999, 0.185, 0.025, 0.06, 0.005]"
2026-08-30,Denver,06Z->12Z,1.0,0.0,2026-08-30T13:00:00+00:00,2026-08-30T15:00:00+00:00,2026-08-30T16:00:00+00:00,0.355,0.1899999999999999,"[0.28, 0.48, 0.125, 0.01, 0.025, 0.005]","[0.155, 0.455, 0.32, 0.015, 0.02, 0.005]","[0.1699999999999999, 0.49, 0.21, 0.015, 0.05, 0.005]"
2026-08-30,NYC,prev18Z->00Z,-1.0,0.0,2026-08-30T01:00:00+00:00,2026-08-30T03:00:00+00:00,2026-08-30T04:00:00+00:00,0.06500000000000014,0.03500000000000003,"[0.27, 0.14, 0.025, 0.005, 0.615, 0.005]","[0.265, 0.1149999999999999, 0.015, 0.005, 0.59, 0.005]","[0.265, 0.1149999999999999, 0.015, 0.005, 0.625, 0.005]"
2026-08-30,NYC,00Z->06Z,-1.0,0.0,2026-08-30T06:00:00+00:00,2026-08-30T08:00:00+00:00,2026-08-30T09:00:00+00:00,0.05000000000000003,0.05000000000000003,"[0.315, 0.095, 0.025, 0.005, 0.62, 0.005]","[0.325, 0.08, 0.025, 0.005, 0.595, 0.005]","[0.31, 0.07, 0.025, 0.005, 0.62, 0.005]"
2026-08-31,Chicago,00Z->06Z,0.0,1.0,2026-08-31T06:00:00+00:00,2026-08-31T08:00:00+00:00,2026-08-31T09:00:00+00:00,0.10499999999999998,0.04000000000000002,"[0.355, 0.255, 0.065, 0.015, 0.345, 0.005]","[0.36, 0.315, 0.06, 0.015, 0.31, 0.005]","[0.36, 0.315, 0.045, 0.015, 0.335, 0.005]"
2026-08-31,Chicago,06Z->12Z,1.0,-1.0,2026-08-31T14:00:00+00:00,2026-08-31T16:00:00+00:00,2026-08-31T17:00:00+00:00,0.22000000000000008,0.5149999999999999,"[0.365, 0.275, 0.07, 0.005, 0.315, 0.005]","[0.345, 0.185, 0.05, 0.015, 0.395, 0.005]","[0.265, 0.055, 0.015, 0.005, 0.655, 0.005]"
2026-08-31,Denver,00Z->06Z,-1.0,0.0,2026-08-31T06:00:00+00:00,2026-08-31T08:00:00+00:00,2026-08-31T09:00:00+00:00,0.14,0.15000000000000005,"[0.055, 0.175, 0.475, 0.205, 0.015, 0.135]","[0.035, 0.11, 0.475, 0.26, 0.015, 0.135]","[0.035, 0.075, 0.4649999999999999, 0.355, 0.015, 0.125]"
2026-08-31,Denver,06Z->12Z,-1.0,0.0,2026-08-31T14:00:00+00:00,2026-08-31T16:00:00+00:00,2026-08-31T17:00:00+00:00,0.12500000000000006,0.09999999999999999,"[0.015, 0.04, 0.455, 0.435, 0.005, 0.105]","[0.015, 0.065, 0.415, 0.41, 0.005, 0.14]","[0.015, 0.08, 0.375, 0.41, 0.005, 0.095]"
2026-08-31,NYC,00Z->06Z,-2.0,1.0,2026-08-31T06:00:00+00:00,2026-08-31T08:00:00+00:00,2026-08-31T09:00:00+00:00,0.10499999999999995,0.09499999999999995,"[0.36, 0.09, 0.035, 0.015, 0.54, 0.005]","[0.345, 0.065, 0.025, 0.015, 0.595, 0.005]","[0.35, 0.095, 0.025, 0.015, 0.535, 0.005]"
2026-08-31,NYC,06Z->12Z,-1.0,1.0,2026-08-31T14:00:00+00:00,2026-08-31T16:00:00+00:00,2026-08-31T17:00:00+00:00,0.2300000000000001,0.835,"[0.43, 0.05, 0.015, 0.005, 0.53, 0.005]","[0.53, 0.055, 0.005, 0.005, 0.415, 0.005]","[0.77, 0.2299999999999999, 0.015, 0.005, 0.005, 0.005]"
2026-09-01,Chicago,00Z->06Z,1.0,0.0,2026-09-01T06:00:00+00:00,2026-09-01T08:00:00+00:00,2026-09-01T09:00:00+00:00,0.060000000000000116,0.04500000000000011,"[0.015, 0.04, 0.235, 0.365, 0.015, 0.395]","[0.02, 0.05, 0.2299999999999999, 0.375, 0.005, 0.375]","[0.015, 0.035, 0.235, 0.395, 0.005, 0.375]"
2026-09-01,Chicago,06Z->12Z,0.0,-1.0,2026-09-01T13:00:00+00:00,2026-09-01T15:00:00+00:00,2026-09-01T16:00:00+00:00,0.06000000000000005,0.13999999999999987,"[0.005, 0.025, 0.11, 0.37, 0.005, 0.51]","[0.005, 0.02, 0.105, 0.405, 0.005, 0.495]","[0.005, 0.03, 0.035, 0.4549999999999999, 0.005, 0.505]"
2026-09-02,Chicago,prev18Z->00Z,-1.0,0.0,2026-09-02T01:00:00+00:00,2026-09-02T03:00:00+00:00,2026-09-02T04:00:00+00:00,0.07000000000000009,0.029999999999999805,"[0.125, 0.455, 0.32, 0.045, 0.025, 0.025]","[0.1149999999999999, 0.455, 0.355, 0.05, 0.035, 0.015]","[0.105, 0.4649999999999999, 0.365, 0.05, 0.035, 0.015]"
2026-09-02,Chicago,00Z->06Z,1.0,0.0,2026-09-02T06:00:00+00:00,2026-09-02T08:00:00+00:00,2026-09-02T09:00:00+00:00,0.095,0.04500000000000012,"[0.1, 0.455, 0.355, 0.045, 0.035, 0.015]","[0.09, 0.515, 0.355, 0.03, 0.04, 0.01]","[0.0849999999999999, 0.52, 0.375, 0.035, 0.045, 0.005]"
2026-09-02,Chicago,06Z->12Z,-1.0,0.0,2026-09-02T13:00:00+00:00,2026-09-02T15:00:00+00:00,2026-09-02T16:00:00+00:00,0.32,0.08500000000000002,"[0.095, 0.53, 0.355, 0.025, 0.005, 0.005]","[0.14, 0.625, 0.205, 0.015, 0.025, 0.005]","[0.095, 0.63, 0.24, 0.015, 0.025, 0.005]"
2026-09-02,Denver,06Z->12Z,0.0,1.0,2026-09-02T13:00:00+00:00,2026-09-02T15:00:00+00:00,2026-09-02T16:00:00+00:00,0.22499999999999995,0.030000000000000006,"[0.255, 0.605, 0.095, 0.015, 0.025, 0.005]","[0.385, 0.56, 0.055, 0.015, 0.035, 0.005]","[0.385, 0.555, 0.075, 0.015, 0.03, 0.005]"
2026-09-02,NYC,prev18Z->00Z,0.0,1.0,2026-09-02T01:00:00+00:00,2026-09-02T03:00:00+00:00,2026-09-02T04:00:00+00:00,0.14999999999999997,0.13500000000000004,"[0.175, 0.025, 0.015, 0.015, 0.76, 0.005]","[0.215, 0.04, 0.025, 0.015, 0.675, 0.005]","[0.295, 0.045, 0.025, 0.015, 0.625, 0.005]"
2026-09-02,NYC,00Z->06Z,-1.0,0.0,2026-09-02T06:00:00+00:00,2026-09-02T08:00:00+00:00,2026-09-02T09:00:00+00:00,0.11999999999999991,0.065,"[0.285, 0.06, 0.025, 0.015, 0.645, 0.005]","[0.225, 0.055, 0.02, 0.015, 0.695, 0.005]","[0.19, 0.04, 0.025, 0.005, 0.695, 0.005]"
2026-09-03,NYC,06Z->12Z,1.0,0.0,2026-09-03T13:00:00+00:00,2026-09-03T15:00:00+00:00,2026-09-03T16:00:00+00:00,0.2,0.07500000000000004,"[0.525, 0.155, 0.04, 0.005, 0.305, 0.005]","[0.55, 0.225, 0.015, 0.005, 0.225, 0.005]","[0.555, 0.205, 0.025, 0.005, 0.265, 0.005]"
2026-09-04,Chicago,prev18Z->00Z,0.0,-1.0,2026-09-04T01:00:00+00:00,2026-09-04T03:00:00+00:00,2026-09-04T04:00:00+00:00,0.19499999999999998,0.07000000000000003,"[0.055, 0.24, 0.305, 0.245, 0.025, 0.1]","[0.04, 0.215, 0.395, 0.285, 0.025, 0.125]","[0.045, 0.19, 0.37, 0.29, 0.025, 0.135]"
2026-09-04,Chicago,00Z->06Z,1.0,0.0,2026-09-04T06:00:00+00:00,2026-09-04T08:00:00+00:00,2026-09-04T09:00:00+00:00,0.49,0.08500000000000003,"[0.045, 0.205, 0.325, 0.295, 0.025, 0.145]","[0.02, 0.105, 0.215, 0.44, 0.025, 0.255]","[0.015, 0.095, 0.255, 0.415, 0.025, 0.26]"
2026-09-04,Chicago,06Z->12Z,-2.0,0.0,2026-09-04T13:00:00+00:00,2026-09-04T15:00:00+00:00,2026-09-04T16:00:00+00:00,0.20500000000000007,0.935,"[0.05, 0.14, 0.265, 0.285, 0.025, 0.28]","[0.055, 0.125, 0.195, 0.375, 0.02, 0.26]","[0.045, 0.165, 0.595, 0.115, 0.045, 0.06]"
2026-09-04,Denver,prev18Z->00Z,-1.0,0.0,2026-09-04T01:00:00+00:00,2026-09-04T03:00:00+00:00,2026-09-04T04:00:00+00:00,0.06999999999999999,0.04999999999999999,"[0.02, 0.21, 0.505, 0.245, 0.015, 0.045]","[0.015, 0.205, 0.495, 0.285, 0.005, 0.045]","[0.015, 0.21, 0.505, 0.25, 0.005, 0.045]"
2026-09-04,Denver,06Z->12Z,1.0,0.0,2026-09-04T13:00:00+00:00,2026-09-04T15:00:00+00:00,2026-09-04T16:00:00+00:00,0.14,0.06999999999999987,"[0.02, 0.125, 0.565, 0.295, 0.005, 0.02]","[0.015, 0.07, 0.585, 0.35, 0.005, 0.015]","[0.015, 0.0849999999999999, 0.605, 0.325, 0.005, 0.025]"
2026-09-04,NYC,06Z->12Z,0.0,-1.0,2026-09-04T13:00:00+00:00,2026-09-04T15:00:00+00:00,2026-09-04T16:00:00+00:00,0.5049999999999999,0.31999999999999984,"[0.285, 0.56, 0.18, 0.005, 0.005, 0.005]","[0.035, 0.6, 0.395, 0.005, 0.005, 0.005]","[0.0849999999999999, 0.6799999999999999, 0.205, 0.005, 0.005, 0.005]"
2026-09-05,Chicago,prev18Z->00Z,-1.0,0.0,2026-09-05T01:00:00+00:00,2026-09-05T03:00:00+00:00,2026-09-05T04:00:00+00:00,0.14,0.51,"[0.28, 0.215, 0.075, 0.06, 0.375, 0.005]","[0.335, 0.195, 0.075, 0.015, 0.355, 0.005]","[0.225, 0.135, 0.015, 0.015, 0.635, 0.005]"
2026-09-05,Chicago,06Z->12Z,-1.0,-1.0,2026-09-05T13:00:00+00:00,2026-09-05T15:00:00+00:00,2026-09-05T16:00:00+00:00,0.1000000000000002,0.1700000000000001,"[0.52, 0.14, 0.03, 0.005, 0.3399999999999999, 0.005]","[0.525, 0.0849999999999999, 0.015, 0.005, 0.365, 0.005]","[0.525, 0.175, 0.015, 0.015, 0.295, 0.005]"
2026-09-05,Denver,prev18Z->00Z,0.0,1.0,2026-09-05T01:00:00+00:00,2026-09-05T03:00:00+00:00,2026-09-05T04:00:00+00:00,0.0999999999999999,0.08999999999999991,"[0.0849999999999999, 0.15, 0.445, 0.355, 0.015, 0.025]","[0.045, 0.14, 0.425, 0.365, 0.015, 0.045]","[0.035, 0.155, 0.4649999999999999, 0.345, 0.015, 0.04]"
2026-09-05,Denver,00Z->06Z,0.0,-1.0,2026-09-05T06:00:00+00:00,2026-09-05T08:00:00+00:00,2026-09-05T09:00:00+00:00,0.09999999999999987,0.09,"[0.035, 0.065, 0.395, 0.4649999999999999, 0.015, 0.0849999999999999]","[0.015, 0.055, 0.425, 0.4649999999999999, 0.015, 0.045]","[0.015, 0.065, 0.4549999999999999, 0.495, 0.015, 0.025]"
2026-09-05,Denver,06Z->12Z,1.0,0.0,2026-09-05T13:00:00+00:00,2026-09-05T15:00:00+00:00,2026-09-05T16:00:00+00:00,0.055000000000000035,0.015000000000000013,"[0.015, 0.035, 0.455, 0.515, 0.005, 0.025]","[0.015, 0.025, 0.435, 0.53, 0.005, 0.035]","[0.015, 0.025, 0.425, 0.535, 0.005, 0.035]"
2026-09-05,NYC,00Z->06Z,0.0,-1.0,2026-09-05T06:00:00+00:00,2026-09-05T08:00:00+00:00,2026-09-05T09:00:00+00:00,0.12000000000000013,0.07000000000000009,"[0.58, 0.19, 0.015, 0.005, 0.255, 0.005]","[0.605, 0.1149999999999999, 0.035, 0.005, 0.255, 0.005]","[0.605, 0.135, 0.025, 0.005, 0.295, 0.005]"
2026-09-05,NYC,06Z->12Z,0.0,1.0,2026-09-05T13:00:00+00:00,2026-09-05T15:00:00+00:00,2026-09-05T16:00:00+00:00,0.07,0.35000000000000003,"[0.65, 0.18, 0.005, 0.005, 0.175, 0.005]","[0.665, 0.195, 0.005, 0.005, 0.135, 0.005]","[0.635, 0.07, 0.005, 0.005, 0.33, 0.005]"
2026-09-06,Denver,prev18Z->00Z,0.0,-1.0,2026-09-06T01:00:00+00:00,2026-09-06T03:00:00+00:00,2026-09-06T04:00:00+00:00,0.08999999999999991,0.030000000000000165,"[0.155, 0.36, 0.445, 0.035, 0.07, 0.005]","[0.175, 0.345, 0.4599999999999999, 0.015, 0.05, 0.005]","[0.1649999999999999, 0.35, 0.475, 0.015, 0.05, 0.005]"
2026-09-06,NYC,06Z->12Z,0.0,-1.0,2026-09-06T13:00:00+00:00,2026-09-06T15:00:00+00:00,2026-09-06T16:00:00+00:00,0.225,0.6,"[0.375, 0.505, 0.1, 0.005, 0.045, 0.005]","[0.285, 0.59, 0.08, 0.005, 0.015, 0.005]","[0.625, 0.355, 0.055, 0.005, 0.015, 0.005]"
2026-09-07,Denver,00Z->06Z,-1.0,-1.0,2026-09-07T06:00:00+00:00,2026-09-07T08:00:00+00:00,2026-09-07T09:00:00+00:00,0.14000000000000004,0.19000000000000009,"[0.055, 0.275, 0.48, 0.235, 0.015, 0.015]","[0.055, 0.325, 0.4649999999999999, 0.16, 0.015, 0.015]","[0.055, 0.385, 0.49, 0.055, 0.015, 0.015]"
2026-09-07,NYC,prev18Z->00Z,1.0,0.0,2026-09-07T01:00:00+00:00,2026-09-07T03:00:00+00:00,2026-09-07T04:00:00+00:00,0.14500000000000005,0.02499999999999991,"[0.315, 0.505, 0.12, 0.03, 0.025, 0.005]","[0.265, 0.5700000000000001, 0.145, 0.025, 0.025, 0.005]","[0.265, 0.595, 0.145, 0.025, 0.025, 0.005]"
2026-09-08,Chicago,prev18Z->00Z,-1.0,-1.0,2026-09-08T01:00:00+00:00,2026-09-08T03:00:00+00:00,2026-09-08T04:00:00+00:00,0.030000000000000138,0.13500000000000004,"[0.455, 0.255, 0.035, 0.015, 0.255, 0.005]","[0.4549999999999999, 0.265, 0.035, 0.015, 0.235, 0.005]","[0.475, 0.305, 0.035, 0.015, 0.16, 0.005]"
2026-09-08,Denver,00Z->06Z,-1.0,0.0,2026-09-08T06:00:00+00:00,2026-09-08T08:00:00+00:00,2026-09-08T09:00:00+00:00,0.10000000000000012,0.07999999999999993,"[0.075, 0.33, 0.51, 0.105, 0.025, 0.015]","[0.08, 0.365, 0.475, 0.0849999999999999, 0.02, 0.015]","[0.075, 0.395, 0.485, 0.05, 0.02, 0.015]"
2026-09-08,NYC,06Z->12Z,0.0,-1.0,2026-09-08T13:00:00+00:00,2026-09-08T15:00:00+00:00,2026-09-08T16:00:00+00:00,0.15499999999999997,0.27,"[0.595, 0.33, 0.025, 0.005, 0.095, 0.005]","[0.49, 0.375, 0.02, 0.005, 0.095, 0.005]","[0.635, 0.305, 0.03, 0.005, 0.05, 0.005]"
2026-09-09,Chicago,00Z->06Z,-1.0,-1.0,2026-09-09T06:00:00+00:00,2026-09-09T08:00:00+00:00,2026-09-09T09:00:00+00:00,0.05000000000000004,0.010000000000000009,"[0.395, 0.305, 0.055, 0.025, 0.235, 0.005]","[0.385, 0.335, 0.055, 0.015, 0.235, 0.005]","[0.385, 0.325, 0.055, 0.015, 0.235, 0.005]"
2026-09-09,Denver,00Z->06Z,-1.0,-1.0,2026-09-09T06:00:00+00:00,2026-09-09T08:00:00+00:00,2026-09-09T09:00:00+00:00,0.18500000000000005,0.055000000000000035,"[0.035, 0.3399999999999999, 0.515, 0.135, 0.015, 0.015]","[0.035, 0.385, 0.565, 0.045, 0.015, 0.015]","[0.045, 0.35, 0.575, 0.045, 0.015, 0.015]"
2026-09-10,Chicago,prev18Z->00Z,1.0,0.0,2026-09-10T01:00:00+00:00,2026-09-10T03:00:00+00:00,2026-09-10T04:00:00+00:00,0.545,0.08000000000000004,"[0.065, 0.345, 0.56, 0.065, 0.015, 0.015]","[0.025, 0.1149999999999999, 0.69, 0.15, 0.005, 0.065]","[0.015, 0.125, 0.65, 0.16, 0.005, 0.055]"
2026-09-10,NYC,prev18Z->00Z,1.0,-1.0,2026-09-10T01:00:00+00:00,2026-09-10T03:00:00+00:00,2026-09-10T04:00:00+00:00,0.21000000000000005,0.05499999999999996,"[0.395, 0.345, 0.055, 0.015, 0.225, 0.005]","[0.405, 0.455, 0.035, 0.015, 0.155, 0.005]","[0.41, 0.44, 0.04, 0.015, 0.125, 0.005]"
2026-09-10,NYC,06Z->12Z,0.0,-1.0,2026-09-10T13:00:00+00:00,2026-09-10T15:00:00+00:00,2026-09-10T16:00:00+00:00,0.20499999999999996,0.07999999999999999,"[0.53, 0.375, 0.035, 0.025, 0.075, 0.005]","[0.61, 0.295, 0.03, 0.005, 0.095, 0.005]","[0.64, 0.275, 0.025, 0.005, 0.07, 0.005]"
2026-09-11,Chicago,prev18Z->00Z,-1.0,0.0,2026-09-11T01:00:00+00:00,2026-09-11T03:00:00+00:00,2026-09-11T04:00:00+00:00,0.07499999999999998,0.15500000000000003,"[0.075, 0.19, 0.475, 0.225, 0.015, 0.055]","[0.065, 0.205, 0.495, 0.235, 0.015, 0.035]","[0.055, 0.16, 0.475, 0.305, 0.005, 0.035]"
2026-09-11,Chicago,00Z->06Z,1.0,0.0,2026-09-11T06:00:00+00:00,2026-09-11T08:00:00+00:00,2026-09-11T09:00:00+00:00,0.44,0.095,"[0.055, 0.145, 0.435, 0.385, 0.005, 0.025]","[0.025, 0.095, 0.585, 0.215, 0.035, 0.035]","[0.025, 0.125, 0.61, 0.195, 0.045, 0.025]"
2026-09-11,Denver,06Z->12Z,0.0,-1.0,2026-09-11T13:00:00+00:00,2026-09-11T15:00:00+00:00,2026-09-11T16:00:00+00:00,0.08000000000000004,0.0699999999999999,"[0.025, 0.305, 0.62, 0.045, 0.005, 0.015]","[0.055, 0.325, 0.59, 0.045, 0.005, 0.015]","[0.055, 0.36, 0.555, 0.045, 0.005, 0.015]"
2026-09-11,NYC,prev18Z->00Z,-1.0,0.0,2026-09-11T01:00:00+00:00,2026-09-11T03:00:00+00:00,2026-09-11T04:00:00+00:00,0.14500000000000007,0.06500000000000002,"[0.515, 0.215, 0.06, 0.015, 0.225, 0.005]","[0.475, 0.275, 0.075, 0.015, 0.195, 0.005]","[0.48, 0.25, 0.06, 0.015, 0.215, 0.005]"
2026-09-11,NYC,00Z->06Z,1.0,0.0,2026-09-11T06:00:00+00:00,2026-09-11T08:00:00+00:00,2026-09-11T09:00:00+00:00,0.20500000000000015,0.04999999999999995,"[0.4649999999999999, 0.265, 0.065, 0.015, 0.245, 0.005]","[0.555, 0.275, 0.025, 0.015, 0.18, 0.005]","[0.555, 0.29, 0.025, 0.005, 0.155, 0.005]"
2026-09-12,Chicago,06Z->12Z,1.0,0.0,2026-09-12T13:00:00+00:00,2026-09-12T15:00:00+00:00,2026-09-12T16:00:00+00:00,0.25999999999999995,0.07499999999999993,"[0.15, 0.5700000000000001, 0.235, 0.015, 0.035, 0.005]","[0.21, 0.64, 0.125, 0.005, 0.025, 0.005]","[0.2249999999999999, 0.61, 0.125, 0.015, 0.045, 0.005]"
2026-09-12,Denver,prev18Z->00Z,0.0,-1.0,2026-09-12T01:00:00+00:00,2026-09-12T03:00:00+00:00,2026-09-12T04:00:00+00:00,0.07999999999999997,0.20000000000000007,"[0.175, 0.275, 0.345, 0.075, 0.175, 0.015]","[0.175, 0.29, 0.345, 0.035, 0.2, 0.015]","[0.1699999999999999, 0.365, 0.27, 0.035, 0.155, 0.015]"
2026-09-12,Denver,00Z->06Z,-1.0,1.0,2026-09-12T06:00:00+00:00,2026-09-12T08:00:00+00:00,2026-09-12T09:00:00+00:00,0.17500000000000016,0.049999999999999996,"[0.115, 0.61, 0.18, 0.015, 0.12, 0.015]","[0.0849999999999999, 0.595, 0.225, 0.035, 0.055, 0.015]","[0.09, 0.5700000000000001, 0.24, 0.035, 0.05, 0.015]"
2026-09-12,NYC,06Z->12Z,-1.0,0.0,2026-09-12T13:00:00+00:00,2026-09-12T15:00:00+00:00,2026-09-12T16:00:00+00:00,0.5399999999999999,0.23000000000000004,"[0.305, 0.53, 0.165, 0.015, 0.015, 0.005]","[0.045, 0.61, 0.345, 0.025, 0.005, 0.005]","[0.0849999999999999, 0.675, 0.2299999999999999, 0.015, 0.005, 0.005]"
2026-09-13,Chicago,00Z->06Z,-1.0,-1.0,2026-09-13T07:00:00+00:00,2026-09-13T09:00:00+00:00,2026-09-13T10:00:00+00:00,0.24499999999999988,0.10500000000000008,"[0.005, 0.435, 0.395, 0.135, 0.005, 0.06]","[0.005, 0.49, 0.4599999999999999, 0.055, 0.005, 0.015]","[0.005, 0.43, 0.495, 0.055, 0.005, 0.005]"
2026-09-13,Denver,prev18Z->00Z,-1.0,0.0,2026-09-13T01:00:00+00:00,2026-09-13T03:00:00+00:00,2026-09-13T04:00:00+00:00,0.07500000000000005,0.07500000000000005,"[0.09, 0.365, 0.4649999999999999, 0.075, 0.06, 0.015]","[0.065, 0.365, 0.475, 0.065, 0.03, 0.015]","[0.065, 0.365, 0.535, 0.065, 0.015, 0.015]"
2026-09-13,Denver,06Z->12Z,1.0,0.0,2026-09-13T13:00:00+00:00,2026-09-13T15:00:00+00:00,2026-09-13T16:00:00+00:00,0.09000000000000002,0.14000000000000007,"[0.03, 0.155, 0.64, 0.165, 0.015, 0.025]","[0.025, 0.14, 0.6, 0.135, 0.015, 0.025]","[0.035, 0.195, 0.645, 0.105, 0.015, 0.025]"
2026-09-13,NYC,prev18Z->00Z,0.0,-1.0,2026-09-13T01:00:00+00:00,2026-09-13T03:00:00+00:00,2026-09-13T04:00:00+00:00,0.09499999999999995,0.13,"[0.425, 0.255, 0.055, 0.025, 0.265, 0.005]","[0.39, 0.27, 0.075, 0.025, 0.29, 0.005]","[0.425, 0.235, 0.095, 0.025, 0.25, 0.005]"
2026-09-13,NYC,06Z->12Z,0.0,1.0,2026-09-13T13:00:00+00:00,2026-09-13T15:00:00+00:00,2026-09-13T16:00:00+00:00,0.54,0.08499999999999991,"[0.51, 0.155, 0.025, 0.015, 0.335, 0.005]","[0.31, 0.11, 0.015, 0.005, 0.61, 0.005]","[0.265, 0.1149999999999999, 0.015, 0.005, 0.645, 0.005]"
2026-09-14,Denver,06Z->12Z,1.0,0.0,2026-09-14T13:00:00+00:00,2026-09-14T15:00:00+00:00,2026-09-14T16:00:00+00:00,0.095,0.045000000000000005,"[0.015, 0.1149999999999999, 0.48, 0.405, 0.005, 0.045]","[0.03, 0.11, 0.4649999999999999, 0.36, 0.01, 0.035]","[0.025, 0.13, 0.4649999999999999, 0.37, 0.005, 0.04]"
2026-09-14,NYC,00Z->06Z,-1.0,-1.0,2026-09-14T07:00:00+00:00,2026-09-14T09:00:00+00:00,2026-09-14T10:00:00+00:00,0.14000000000000007,0.0749999999999999,"[0.785, 0.195, 0.04, 0.005, 0.005, 0.005]","[0.7, 0.245, 0.045, 0.005, 0.005, 0.005]","[0.685, 0.3, 0.04, 0.005, 0.005, 0.005]"
2026-09-14,NYC,06Z->12Z,0.0,1.0,2026-09-14T13:00:00+00:00,2026-09-14T15:00:00+00:00,2026-09-14T16:00:00+00:00,0.1800000000000001,0.19,"[0.805, 0.2, 0.025, 0.005, 0.005, 0.005]","[0.71, 0.275, 0.015, 0.005, 0.005, 0.005]","[0.815, 0.19, 0.015, 0.005, 0.005, 0.005]"
2026-09-15,Chicago,prev18Z->00Z,1.0,0.0,2026-09-15T01:00:00+00:00,2026-09-15T03:00:00+00:00,2026-09-15T04:00:00+00:00,0.14,0.039999999999999994,"[0.145, 0.255, 0.315, 0.205, 0.035, 0.025]","[0.165, 0.315, 0.305, 0.155, 0.035, 0.025]","[0.165, 0.315, 0.305, 0.155, 0.055, 0.045]"
2026-09-15,Chicago,00Z->06Z,0.0,-1.0,2026-09-15T06:00:00+00:00,2026-09-15T08:00:00+00:00,2026-09-15T09:00:00+00:00,0.3100000000000001,0.06999999999999998,"[0.145, 0.33, 0.305, 0.1149999999999999, 0.075, 0.065]","[0.095, 0.225, 0.395, 0.125, 0.13, 0.065]","[0.105, 0.225, 0.425, 0.125, 0.11, 0.055]"
2026-09-15,Denver,00Z->06Z,-2.0,0.0,2026-09-15T06:00:00+00:00,2026-09-15T08:00:00+00:00,2026-09-15T09:00:00+00:00,0.14500000000000013,0.07,"[0.12, 0.24, 0.365, 0.19, 0.05, 0.04]","[0.1149999999999999, 0.28, 0.325, 0.24, 0.045, 0.035]","[0.1149999999999999, 0.275, 0.315, 0.295, 0.045, 0.035]"
2026-09-15,NYC,00Z->06Z,1.0,0.0,2026-09-15T06:00:00+00:00,2026-09-15T08:00:00+00:00,2026-09-15T09:00:00+00:00,0.30500000000000005,0.04000000000000002,"[0.155, 0.585, 0.235, 0.025, 0.045, 0.005]","[0.295, 0.595, 0.12, 0.015, 0.015, 0.005]","[0.285, 0.61, 0.105, 0.015, 0.015, 0.005]"
2026-09-16,Chicago,00Z->06Z,1.0,0.0,2026-09-16T06:00:00+00:00,2026-09-16T08:00:00+00:00,2026-09-16T09:00:00+00:00,0.2500000000000001,0.04000000000000001,"[0.01, 0.38, 0.3399999999999999, 0.1699999999999999, 0.005, 0.0849999999999999]","[0.005, 0.305, 0.445, 0.205, 0.005, 0.055]","[0.005, 0.335, 0.445, 0.195, 0.005, 0.055]"
2026-09-16,Chicago,06Z->12Z,1.0,-1.0,2026-09-16T13:00:00+00:00,2026-09-16T15:00:00+00:00,2026-09-16T16:00:00+00:00,0.055000000000000035,0.37499999999999994,"[0.005, 0.7, 0.27, 0.035, 0.005, 0.005]","[0.005, 0.715, 0.25, 0.015, 0.005, 0.005]","[0.005, 0.525, 0.435, 0.015, 0.005, 0.005]"
2026-09-16,Denver,00Z->06Z,1.0,0.0,2026-09-16T06:00:00+00:00,2026-09-16T08:00:00+00:00,2026-09-16T09:00:00+00:00,0.16500000000000004,0.07500000000000004,"[0.035, 0.215, 0.475, 0.215, 0.015, 0.065]","[0.025, 0.13, 0.525, 0.215, 0.015, 0.045]","[0.025, 0.125, 0.515, 0.275, 0.015, 0.045]"
2026-09-16,NYC,prev18Z->00Z,-1.0,0.0,2026-09-16T01:00:00+00:00,2026-09-16T03:00:00+00:00,2026-09-16T04:00:00+00:00,0.24000000000000016,0.050000000000000024,"[0.0849999999999999, 0.355, 0.505, 0.065, 0.015, 0.015]","[0.095, 0.475, 0.415, 0.055, 0.005, 0.015]","[0.095, 0.4649999999999999, 0.395, 0.075, 0.005, 0.015]"
2026-09-17,Denver,prev18Z->00Z,-1.0,0.0,2026-09-17T01:00:00+00:00,2026-09-17T03:00:00+00:00,2026-09-17T04:00:00+00:00,0.12000000000000005,0.09999999999999999,"[0.015, 0.045, 0.175, 0.295, 0.015, 0.47]","[0.015, 0.045, 0.175, 0.265, 0.015, 0.56]","[0.015, 0.055, 0.165, 0.285, 0.02, 0.505]"
2026-09-17,Denver,06Z->12Z,2.0,0.0,2026-09-17T13:00:00+00:00,2026-09-17T15:00:00+00:00,2026-09-17T16:00:00+00:00,0.040000000000000015,0.2,"[0.015, 0.035, 0.105, 0.255, 0.005, 0.635]","[0.015, 0.025, 0.095, 0.275, 0.005, 0.635]","[0.005, 0.015, 0.06, 0.205, 0.005, 0.71]"
2026-09-17,NYC,06Z->12Z,1.0,0.0,2026-09-17T13:00:00+00:00,2026-09-17T15:00:00+00:00,2026-09-17T16:00:00+00:00,0.3849999999999999,0.35999999999999993,"[0.525, 0.32, 0.055, 0.005, 0.1149999999999999, 0.005]","[0.355, 0.4649999999999999, 0.095, 0.005, 0.0849999999999999, 0.005]","[0.255, 0.58, 0.16, 0.005, 0.005, 0.005]"
2026-09-18,Chicago,06Z->12Z,1.0,0.0,2026-09-18T13:00:00+00:00,2026-09-18T15:00:00+00:00,2026-09-18T16:00:00+00:00,0.31000000000000005,0.4750000000000001,"[0.325, 0.515, 0.15, 0.015, 0.025, 0.005]","[0.15, 0.545, 0.225, 0.025, 0.005, 0.005]","[0.415, 0.495, 0.065, 0.025, 0.005, 0.005]"
2026-09-18,Denver,06Z->12Z,1.0,0.0,2026-09-18T13:00:00+00:00,2026-09-18T15:00:00+00:00,2026-09-18T16:00:00+00:00,0.055000000000000035,0.25,"[0.015, 0.07, 0.435, 0.435, 0.015, 0.045]","[0.015, 0.045, 0.445, 0.455, 0.015, 0.045]","[0.015, 0.095, 0.505, 0.325, 0.015, 0.035]"
2026-09-18,NYC,prev18Z->00Z,1.0,0.0,2026-09-18T01:00:00+00:00,2026-09-18T03:00:00+00:00,2026-09-18T04:00:00+00:00,0.2599999999999999,0.07499999999999991,"[0.565, 0.215, 0.015, 0.005, 0.235, 0.005]","[0.525, 0.325, 0.045, 0.005, 0.155, 0.005]","[0.535, 0.3399999999999999, 0.045, 0.005, 0.105, 0.005]"
2026-09-19,Chicago,prev18Z->00Z,0.0,-1.0,2026-09-19T01:00:00+00:00,2026-09-19T03:00:00+00:00,2026-09-19T04:00:00+00:00,0.14999999999999997,0.049999999999999926,"[0.205, 0.375, 0.215, 0.075, 0.095, 0.075]","[0.205, 0.375, 0.285, 0.075, 0.055, 0.035]","[0.205, 0.365, 0.3, 0.0849999999999999, 0.07, 0.035]"
2026-09-19,Chicago,06Z->12Z,0.0,-1.0,2026-09-19T13:00:00+00:00,2026-09-19T15:00:00+00:00,2026-09-19T16:00:00+00:00,0.6450000000000001,0.12499999999999989,"[0.1, 0.245, 0.37, 0.175, 0.065, 0.045]","[0.195, 0.39, 0.15, 0.08, 0.14, 0.03]","[0.2299999999999999, 0.395, 0.155, 0.04, 0.175, 0.025]"
2026-09-19,Denver,06Z->12Z,1.0,-1.0,2026-09-19T13:00:00+00:00,2026-09-19T15:00:00+00:00,2026-09-19T16:00:00+00:00,0.38000000000000006,0.12000000000000005,"[0.06, 0.155, 0.435, 0.245, 0.025, 0.045]","[0.035, 0.1149999999999999, 0.345, 0.4499999999999999, 0.015, 0.055]","[0.04, 0.13, 0.3399999999999999, 0.375, 0.015, 0.075]"
2026-09-20,Chicago,prev18Z->00Z,1.0,1.0,2026-09-20T01:00:00+00:00,2026-09-20T03:00:00+00:00,2026-09-20T04:00:00+00:00,0.23000000000000007,0.1,"[0.485, 0.305, 0.055, 0.015, 0.205, 0.005]","[0.515, 0.205, 0.035, 0.005, 0.275, 0.005]","[0.505, 0.18, 0.025, 0.005, 0.33, 0.005]"
2026-09-20,Chicago,00Z->06Z,-1.0,0.0,2026-09-20T06:00:00+00:00,2026-09-20T08:00:00+00:00,2026-09-20T09:00:00+00:00,0.06500000000000003,0.025000000000000012,"[0.765, 0.195, 0.025, 0.005, 0.035, 0.005]","[0.785, 0.18, 0.025, 0.005, 0.005, 0.005]","[0.785, 0.195, 0.025, 0.015, 0.005, 0.005]"
2026-09-20,Chicago,06Z->12Z,1.0,0.0,2026-09-20T13:00:00+00:00,2026-09-20T15:00:00+00:00,2026-09-20T16:00:00+00:00,0.019999999999999903,0.03500000000000001,"[0.915, 0.0849999999999999, 0.01, 0.005, 0.005, 0.005]","[0.905, 0.08, 0.005, 0.005, 0.005, 0.005]","[0.915, 0.1, 0.01, 0.005, 0.005, 0.005]"
2026-09-20,Denver,prev18Z->00Z,1.0,-1.0,2026-09-20T01:00:00+00:00,2026-09-20T03:00:00+00:00,2026-09-20T04:00:00+00:00,0.04000000000000012,0.035000000000000114,"[0.025, 0.065, 0.25, 0.385, 0.015, 0.335]","[0.025, 0.065, 0.2299999999999999, 0.405, 0.015, 0.335]","[0.025, 0.065, 0.24, 0.405, 0.015, 0.31]"
2026-09-20,Denver,06Z->12Z,1.0,1.0,2026-09-20T13:00:00+00:00,2026-09-20T15:00:00+00:00,2026-09-20T16:00:00+00:00,0.044999999999999804,0.11500000000000014,"[0.015, 0.065, 0.3399999999999999, 0.515, 0.005, 0.065]","[0.015, 0.065, 0.335, 0.535, 0.005, 0.0849999999999999]","[0.015, 0.065, 0.315, 0.5, 0.005, 0.145]"
2026-09-20,NYC,00Z->06Z,-1.0,-1.0,2026-09-20T06:00:00+00:00,2026-09-20T08:00:00+00:00,2026-09-20T09:00:00+00:00,0.05499999999999983,0.059999999999999915,"[0.1699999999999999, 0.015, 0.005, 0.005, 0.84, 0.005]","[0.16, 0.015, 0.005, 0.005, 0.795, 0.005]","[0.18, 0.015, 0.005, 0.005, 0.835, 0.005]"
2026-09-20,NYC,06Z->12Z,1.0,0.0,2026-09-20T13:00:00+00:00,2026-09-20T15:00:00+00:00,2026-09-20T16:00:00+00:00,0.08500000000000003,0.04000000000000002,"[0.165, 0.015, 0.005, 0.005, 0.845, 0.005]","[0.125, 0.005, 0.005, 0.005, 0.88, 0.005]","[0.135, 0.015, 0.005, 0.005, 0.86, 0.005]"
2026-09-21,Denver,prev18Z->00Z,0.0,-1.0,2026-09-21T01:00:00+00:00,2026-09-21T03:00:00+00:00,2026-09-21T04:00:00+00:00,0.10999999999999995,0.07499999999999987,"[0.025, 0.105, 0.495, 0.325, 0.015, 0.065]","[0.06, 0.1149999999999999, 0.485, 0.285, 0.03, 0.065]","[0.07, 0.105, 0.475, 0.265, 0.03, 0.04]"
2026-09-21,Denver,00Z->06Z,0.0,1.0,2026-09-21T06:00:00+00:00,2026-09-21T08:00:00+00:00,2026-09-21T09:00:00+00:00,0.11999999999999994,0.029999999999999992,"[0.06, 0.105, 0.525, 0.225, 0.045, 0.035]","[0.045, 0.16, 0.565, 0.215, 0.045, 0.035]","[0.04, 0.135, 0.565, 0.215, 0.045, 0.035]"
2026-09-21,Denver,06Z->12Z,1.0,0.0,2026-09-21T13:00:00+00:00,2026-09-21T15:00:00+00:00,2026-09-21T16:00:00+00:00,0.035,0.10500000000000002,"[0.015, 0.095, 0.63, 0.22, 0.005, 0.02]","[0.015, 0.09, 0.64, 0.235, 0.005, 0.015]","[0.015, 0.075, 0.62, 0.305, 0.005, 0.015]"
2026-09-21,NYC,00Z->06Z,1.0,0.0,2026-09-21T06:00:00+00:00,2026-09-21T08:00:00+00:00,2026-09-21T09:00:00+00:00,0.2099999999999999,0.28,"[0.015, 0.13, 0.505, 0.3399999999999999, 0.005, 0.045]","[0.015, 0.225, 0.5, 0.24, 0.005, 0.035]","[0.015, 0.165, 0.455, 0.395, 0.005, 0.015]"
2026-09-21,NYC,06Z->12Z,2.0,-1.0,2026-09-21T13:00:00+00:00,2026-09-21T15:00:00+00:00,2026-09-21T16:00:00+00:00,0.2700000000000001,0.15999999999999992,"[0.015, 0.225, 0.615, 0.155, 0.005, 0.015]","[0.005, 0.105, 0.685, 0.215, 0.005, 0.025]","[0.005, 0.05, 0.75, 0.195, 0.005, 0.005]"
2026-09-22,Chicago,06Z->12Z,2.0,0.0,2026-09-22T13:00:00+00:00,2026-09-22T15:00:00+00:00,2026-09-22T16:00:00+00:00,0.20499999999999996,0.08999999999999997,"[0.59, 0.225, 0.015, 0.005, 0.195, 0.005]","[0.515, 0.315, 0.015, 0.005, 0.155, 0.005]","[0.58, 0.295, 0.015, 0.005, 0.15, 0.005]"
2026-09-22,NYC,06Z->12Z,3.0,0.0,2026-09-22T13:00:00+00:00,2026-09-22T15:00:00+00:00,2026-09-22T16:00:00+00:00,0.19999999999999993,0.19000000000000017,"[0.195, 0.555, 0.24, 0.015, 0.035, 0.005]","[0.125, 0.575, 0.31, 0.025, 0.005, 0.005]","[0.0849999999999999, 0.66, 0.255, 0.015, 0.005, 0.005]"
2026-09-23,Chicago,prev18Z->00Z,-1.0,0.0,2026-09-23T01:00:00+00:00,2026-09-23T03:00:00+00:00,2026-09-23T04:00:00+00:00,0.1049999999999999,0.0650000000000001,"[0.185, 0.445, 0.225, 0.105, 0.035, 0.015]","[0.205, 0.4649999999999999, 0.225, 0.06, 0.055, 0.015]","[0.215, 0.495, 0.215, 0.055, 0.045, 0.015]"
2026-09-23,Chicago,06Z->12Z,2.0,1.0,2026-09-23T13:00:00+00:00,2026-09-23T15:00:00+00:00,2026-09-23T16:00:00+00:00,0.1600000000000001,0.355,"[0.225, 0.475, 0.245, 0.065, 0.035, 0.015]","[0.2, 0.525, 0.27, 0.045, 0.005, 0.005]","[0.24, 0.645, 0.105, 0.015, 0.005, 0.005]"
2026-09-23,Denver,00Z->06Z,-1.0,0.0,2026-09-23T06:00:00+00:00,2026-09-23T08:00:00+00:00,2026-09-23T09:00:00+00:00,0.22499999999999998,0.03999999999999991,"[0.375, 0.325, 0.08, 0.015, 0.235, 0.005]","[0.3299999999999999, 0.265, 0.0849999999999999, 0.015, 0.35, 0.005]","[0.3399999999999999, 0.275, 0.07, 0.015, 0.355, 0.005]"
2026-09-23,Denver,06Z->12Z,2.0,0.0,2026-09-23T13:00:00+00:00,2026-09-23T15:00:00+00:00,2026-09-23T16:00:00+00:00,0.06999999999999998,0.28,"[0.285, 0.175, 0.05, 0.015, 0.455, 0.005]","[0.31, 0.175, 0.025, 0.015, 0.475, 0.005]","[0.25, 0.12, 0.015, 0.015, 0.63, 0.005]"
2026-09-23,NYC,06Z->12Z,2.0,0.0,2026-09-23T13:00:00+00:00,2026-09-23T15:00:00+00:00,2026-09-23T16:00:00+00:00,0.08500000000000013,0.18999999999999984,"[0.365, 0.53, 0.125, 0.005, 0.025, 0.005]","[0.345, 0.545, 0.0849999999999999, 0.005, 0.015, 0.005]","[0.325, 0.655, 0.025, 0.005, 0.015, 0.005]"
2026-09-24,Chicago,06Z->12Z,3.0,-1.0,2026-09-24T16:00:00+00:00,2026-09-24T18:00:00+00:00,2026-09-24T19:00:00+00:00,1.275,0.2499999999999999,"[0.2, 0.605, 0.165, 0.005, 0.02, 0.005]","[0.005, 0.175, 0.665, 0.13, 0.005, 0.015]","[0.005, 0.13, 0.7949999999999999, 0.065, 0.005, 0.005]"
2026-09-24,Denver,06Z->12Z,3.0,-1.0,2026-09-24T16:00:00+00:00,2026-09-24T18:00:00+00:00,2026-09-24T19:00:00+00:00,0.14500000000000005,0.030000000000000027,"[0.005, 0.005, 0.035, 0.18, 0.005, 0.745]","[0.005, 0.005, 0.005, 0.265, 0.005, 0.715]","[0.005, 0.005, 0.005, 0.25, 0.005, 0.73]"
2026-09-24,NYC,06Z->12Z,1.0,-1.0,2026-09-24T16:00:00+00:00,2026-09-24T18:00:00+00:00,2026-09-24T19:00:00+00:00,0.12999999999999987,0.08000000000000002,"[0.63, 0.0849999999999999, 0.01, 0.005, 0.255, 0.005]","[0.705, 0.055, 0.005, 0.005, 0.235, 0.005]","[0.745, 0.05, 0.005, 0.005, 0.2, 0.005]"
2026-09-25,Chicago,06Z->12Z,2.0,-1.0,2026-09-25T13:00:00+00:00,2026-09-25T15:00:00+00:00,2026-09-25T16:00:00+00:00,0.10000000000000003,0.15499999999999997,"[0.265, 0.545, 0.165, 0.015, 0.025, 0.005]","[0.315, 0.525, 0.155, 0.025, 0.015, 0.005]","[0.285, 0.595, 0.125, 0.005, 0.01, 0.005]"
2026-09-25,Denver,00Z->06Z,0.0,-1.0,2026-09-25T06:00:00+00:00,2026-09-25T08:00:00+00:00,2026-09-25T09:00:00+00:00,0.09499999999999999,0.075,"[0.18, 0.385, 0.37, 0.055, 0.035, 0.045]","[0.165, 0.37, 0.415, 0.055, 0.015, 0.045]","[0.175, 0.36, 0.435, 0.035, 0.02, 0.035]"
2026-09-25,Denver,06Z->12Z,1.0,0.0,2026-09-25T13:00:00+00:00,2026-09-25T15:00:00+00:00,2026-09-25T16:00:00+00:00,0.12999999999999995,0.13000000000000014,"[0.105, 0.355, 0.405, 0.025, 0.065, 0.015]","[0.1699999999999999, 0.355, 0.355, 0.035, 0.07, 0.015]","[0.195, 0.405, 0.315, 0.03, 0.07, 0.005]"
2026-09-25,NYC,prev18Z->00Z,1.0,-1.0,2026-09-25T01:00:00+00:00,2026-09-25T03:00:00+00:00,2026-09-25T04:00:00+00:00,0.14000000000000012,0.02500000000000012,"[0.125, 0.285, 0.435, 0.105, 0.045, 0.005]","[0.1149999999999999, 0.305, 0.495, 0.075, 0.025, 0.005]","[0.125, 0.32, 0.495, 0.075, 0.025, 0.005]"
2026-09-25,NYC,00Z->06Z,1.0,-1.0,2026-09-25T06:00:00+00:00,2026-09-25T08:00:00+00:00,2026-09-25T09:00:00+00:00,0.35499999999999987,0.16000000000000014,"[0.1149999999999999, 0.315, 0.495, 0.0849999999999999, 0.025, 0.005]","[0.1149999999999999, 0.455, 0.335, 0.03, 0.025, 0.005]","[0.14, 0.495, 0.245, 0.035, 0.025, 0.005]"
2026-09-25,NYC,06Z->12Z,1.0,-1.0,2026-09-25T13:00:00+00:00,2026-09-25T15:00:00+00:00,2026-09-25T16:00:00+00:00,0.1700000000000001,0.13999999999999993,"[0.165, 0.475, 0.31, 0.045, 0.025, 0.005]","[0.105, 0.56, 0.315, 0.035, 0.015, 0.005]","[0.1, 0.62, 0.255, 0.04, 0.005, 0.005]"
2026-09-26,Chicago,prev18Z->00Z,0.0,1.0,2026-09-26T01:00:00+00:00,2026-09-26T03:00:00+00:00,2026-09-26T04:00:00+00:00,0.22499999999999998,0.085,"[0.06, 0.255, 0.445, 0.185, 0.045, 0.015]","[0.095, 0.345, 0.435, 0.105, 0.035, 0.015]","[0.105, 0.39, 0.405, 0.105, 0.035, 0.015]"
2026-09-26,Chicago,00Z->06Z,0.0,-1.0,2026-09-26T06:00:00+00:00,2026-09-26T08:00:00+00:00,2026-09-26T09:00:00+00:00,0.10000000000000003,0.13000000000000006,"[0.12, 0.43, 0.365, 0.065, 0.035, 0.015]","[0.105, 0.435, 0.405, 0.035, 0.045, 0.015]","[0.1, 0.45, 0.355, 0.025, 0.095, 0.015]"
2026-09-26,Chicago,06Z->12Z,1.0,0.0,2026-09-26T13:00:00+00:00,2026-09-26T15:00:00+00:00,2026-09-26T16:00:00+00:00,0.39,0.16500000000000004,"[0.135, 0.415, 0.425, 0.04, 0.05, 0.015]","[0.1699999999999999, 0.55, 0.255, 0.025, 0.025, 0.005]","[0.185, 0.59, 0.175, 0.015, 0.005, 0.005]"
2026-09-26,Denver,06Z->12Z,1.0,-1.0,2026-09-26T13:00:00+00:00,2026-09-26T15:00:00+00:00,2026-09-26T16:00:00+00:00,0.15499999999999997,0.09999999999999994,"[0.065, 0.605, 0.295, 0.02, 0.015, 0.015]","[0.05, 0.535, 0.355, 0.02, 0.015, 0.005]","[0.0849999999999999, 0.525, 0.395, 0.025, 0.005, 0.005]"
2026-09-26,NYC,00Z->06Z,-1.0,-1.0,2026-09-26T06:00:00+00:00,2026-09-26T08:00:00+00:00,2026-09-26T09:00:00+00:00,0.040000000000000015,0.09000000000000002,"[0.24, 0.025, 0.02, 0.005, 0.755, 0.005]","[0.255, 0.015, 0.005, 0.005, 0.755, 0.005]","[0.295, 0.015, 0.005, 0.005, 0.705, 0.005]"
2026-09-26,NYC,06Z->12Z,2.0,1.0,2026-09-26T13:00:00+00:00,2026-09-26T15:00:00+00:00,2026-09-26T16:00:00+00:00,0.13500000000000006,0.18999999999999997,"[0.18, 0.015, 0.005, 0.005, 0.825, 0.005]","[0.125, 0.005, 0.005, 0.005, 0.895, 0.005]","[0.21, 0.005, 0.005, 0.005, 0.79, 0.005]"
2026-09-27,Chicago,prev18Z->00Z,0.0,1.0,2026-09-27T01:00:00+00:00,2026-09-27T03:00:00+00:00,2026-09-27T04:00:00+00:00,0.20999999999999996,0.04500000000000008,"[0.065, 0.265, 0.475, 0.165, 0.015, 0.015]","[0.125, 0.325, 0.405, 0.165, 0.035, 0.015]","[0.1149999999999999, 0.32, 0.425, 0.155, 0.035, 0.015]"
2026-09-27,Chicago,00Z->06Z,0.0,-1.0,2026-09-27T06:00:00+00:00,2026-09-27T08:00:00+00:00,2026-09-27T09:00:00+00:00,0.195,0.025,"[0.07, 0.335, 0.415, 0.145, 0.035, 0.015]","[0.105, 0.395, 0.425, 0.055, 0.035, 0.015]","[0.095, 0.385, 0.425, 0.06, 0.035, 0.015]"
2026-09-27,Chicago,06Z->12Z,1.0,0.0,2026-09-27T13:00:00+00:00,2026-09-27T15:00:00+00:00,2026-09-27T16:00:00+00:00,0.14500000000000016,0.0650000000000001,"[0.085, 0.445, 0.39, 0.03, 0.055, 0.005]","[0.0849999999999999, 0.515, 0.355, 0.035, 0.02, 0.005]","[0.085, 0.53, 0.325, 0.03, 0.005, 0.005]"
2026-09-27,Denver,prev18Z->00Z,-1.0,0.0,2026-09-27T01:00:00+00:00,2026-09-27T03:00:00+00:00,2026-09-27T04:00:00+00:00,0.185,0.019999999999999962,"[0.095, 0.545, 0.3, 0.045, 0.015, 0.015]","[0.145, 0.455, 0.345, 0.045, 0.015, 0.015]","[0.145, 0.455, 0.325, 0.045, 0.015, 0.015]"
2026-09-27,Denver,00Z->06Z,1.0,-1.0,2026-09-27T06:00:00+00:00,2026-09-27T08:00:00+00:00,2026-09-27T09:00:00+00:00,0.06499999999999992,0.03500000000000002,"[0.1149999999999999, 0.515, 0.31, 0.045, 0.015, 0.015]","[0.08, 0.5, 0.325, 0.045, 0.015, 0.015]","[0.095, 0.51, 0.335, 0.045, 0.015, 0.015]"
2026-09-27,Denver,06Z->12Z,1.0,1.0,2026-09-27T13:00:00+00:00,2026-09-27T15:00:00+00:00,2026-09-27T16:00:00+00:00,0.15499999999999992,0.16499999999999992,"[0.0849999999999999, 0.53, 0.355, 0.035, 0.015, 0.005]","[0.035, 0.545, 0.425, 0.015, 0.015, 0.005]","[0.02, 0.585, 0.315, 0.015, 0.015, 0.005]"
2026-09-27,NYC,06Z->12Z,2.0,0.0,2026-09-27T13:00:00+00:00,2026-09-27T15:00:00+00:00,2026-09-27T16:00:00+00:00,0.16999999999999998,0.07499999999999996,"[0.415, 0.13, 0.015, 0.005, 0.48, 0.005]","[0.495, 0.075, 0.015, 0.005, 0.445, 0.005]","[0.455, 0.08, 0.015, 0.005, 0.475, 0.005]"
2026-09-28,Chicago,06Z->12Z,1.0,0.0,2026-09-28T13:00:00+00:00,2026-09-28T15:00:00+00:00,2026-09-28T16:00:00+00:00,0.12000000000000002,0.31499999999999995,"[0.065, 0.345, 0.53, 0.055, 0.03, 0.005]","[0.045, 0.415, 0.515, 0.065, 0.025, 0.005]","[0.0849999999999999, 0.53, 0.385, 0.045, 0.015, 0.005]"
2026-09-28,Denver,00Z->06Z,0.0,1.0,2026-09-28T06:00:00+00:00,2026-09-28T08:00:00+00:00,2026-09-28T09:00:00+00:00,0.07999999999999996,0.085,"[0.195, 0.225, 0.145, 0.075, 0.35, 0.045]","[0.19, 0.205, 0.15, 0.0849999999999999, 0.39, 0.045]","[0.21, 0.21, 0.12, 0.0849999999999999, 0.405, 0.03]"
2026-09-28,Denver,06Z->12Z,1.0,-1.0,2026-09-28T13:00:00+00:00,2026-09-28T15:00:00+00:00,2026-09-28T16:00:00+00:00,0.29500000000000004,0.55,"[0.255, 0.225, 0.125, 0.095, 0.275, 0.015]","[0.175, 0.155, 0.13, 0.145, 0.335, 0.045]","[0.13, 0.075, 0.075, 0.095, 0.635, 0.025]"
2026-09-28,NYC,00Z->06Z,-1.0,0.0,2026-09-28T06:00:00+00:00,2026-09-28T08:00:00+00:00,2026-09-28T09:00:00+00:00,0.1600000000000001,0.010000000000000002,"[0.275, 0.045, 0.005, 0.005, 0.705, 0.005]","[0.205, 0.015, 0.005, 0.005, 0.765, 0.005]","[0.205, 0.025, 0.005, 0.005, 0.765, 0.005]"
2026-09-28,NYC,06Z->12Z,1.0,-1.0,2026-09-28T13:00:00+00:00,2026-09-28T15:00:00+00:00,2026-09-28T16:00:00+00:00,0.15999999999999995,0.025000000000000012,"[0.175, 0.015, 0.005, 0.005, 0.805, 0.005]","[0.095, 0.015, 0.005, 0.005, 0.885, 0.005]","[0.1, 0.005, 0.005, 0.005, 0.895, 0.005]"
