city,station,cycle_hour,decision_utc,s3_status,last_modified_utc,release_lag_min,public_before_decision,iem_status,target_rows,txn,xnd,usable
NYC,KNYC,8,2026-09-28 14:00:00+00:00,200,2026-09-28 08:43:42+00:00,43.7,True,404,0,,,False
NYC,KNYC,9,2026-09-28 14:00:00+00:00,200,2026-09-28 09:43:39+00:00,43.65,True,404,0,,,False
NYC,KNYC,10,2026-09-28 14:00:00+00:00,200,2026-09-28 10:40:09+00:00,40.15,True,404,0,,,False
NYC,KNYC,11,2026-09-28 14:00:00+00:00,200,2026-09-28 11:54:02+00:00,54.03333333333333,True,404,0,,,False
NYC,KNYC,12,2026-09-28 14:00:00+00:00,200,2026-09-28 13:28:51+00:00,88.85,True,200,1,65.0,2.0,True
NYC,KNYC,13,2026-09-28 14:00:00+00:00,200,2026-09-28 14:03:20+00:00,63.333333333333336,False,404,0,,,False
NYC,KNYC,14,2026-09-28 14:00:00+00:00,200,2026-09-28 14:41:57+00:00,41.95,False,404,0,,,False
NYC,KNYC,15,2026-09-28 14:00:00+00:00,200,2026-09-28 15:44:53+00:00,44.88333333333333,False,404,0,,,False
NYC,KNYC,16,2026-09-28 14:00:00+00:00,200,2026-09-28 16:43:57+00:00,43.95,False,404,0,,,False
Chicago,KMDW,8,2026-09-28 15:00:00+00:00,200,2026-09-28 08:43:42+00:00,43.7,True,404,0,,,False
Chicago,KMDW,9,2026-09-28 15:00:00+00:00,200,2026-09-28 09:43:39+00:00,43.65,True,404,0,,,False
Chicago,KMDW,10,2026-09-28 15:00:00+00:00,200,2026-09-28 10:40:09+00:00,40.15,True,404,0,,,False
Chicago,KMDW,11,2026-09-28 15:00:00+00:00,200,2026-09-28 11:54:02+00:00,54.03333333333333,True,404,0,,,False
Chicago,KMDW,12,2026-09-28 15:00:00+00:00,200,2026-09-28 13:28:51+00:00,88.85,True,200,1,73.0,1.0,True
Chicago,KMDW,13,2026-09-28 15:00:00+00:00,200,2026-09-28 14:03:20+00:00,63.333333333333336,True,404,0,,,False
Chicago,KMDW,14,2026-09-28 15:00:00+00:00,200,2026-09-28 14:41:57+00:00,41.95,True,404,0,,,False
Chicago,KMDW,15,2026-09-28 15:00:00+00:00,200,2026-09-28 15:44:53+00:00,44.88333333333333,False,404,0,,,False
Chicago,KMDW,16,2026-09-28 15:00:00+00:00,200,2026-09-28 16:43:57+00:00,43.95,False,404,0,,,False
Denver,KDEN,8,2026-09-28 16:00:00+00:00,200,2026-09-28 08:43:42+00:00,43.7,True,404,0,,,False
Denver,KDEN,9,2026-09-28 16:00:00+00:00,200,2026-09-28 09:43:39+00:00,43.65,True,404,0,,,False
Denver,KDEN,10,2026-09-28 16:00:00+00:00,200,2026-09-28 10:40:09+00:00,40.15,True,404,0,,,False
Denver,KDEN,11,2026-09-28 16:00:00+00:00,200,2026-09-28 11:54:02+00:00,54.03333333333333,True,404,0,,,False
Denver,KDEN,12,2026-09-28 16:00:00+00:00,200,2026-09-28 13:28:51+00:00,88.85,True,200,1,77.0,3.0,True
Denver,KDEN,13,2026-09-28 16:00:00+00:00,200,2026-09-28 14:03:20+00:00,63.333333333333336,True,404,0,,,False
Denver,KDEN,14,2026-09-28 16:00:00+00:00,200,2026-09-28 14:41:57+00:00,41.95,True,404,0,,,False
Denver,KDEN,15,2026-09-28 16:00:00+00:00,200,2026-09-28 15:44:53+00:00,44.88333333333333,True,404,0,,,False
Denver,KDEN,16,2026-09-28 16:00:00+00:00,200,2026-09-28 16:43:57+00:00,43.95,False,404,0,,,False
