city,event_date_local,event_ticker,decision_time_utc,market_snapshot_utc,recomputed_latest_complete_snapshot_utc,snapshot_age_minutes,future_market_candle_violation,staleness_violation,complete_synchronized_six,latest_complete_snapshot_match
Chicago,2026-08-14,KXHIGHCHI-26AUG14,2026-08-14T15:00:00+00:00,2026-08-14T15:00:00+00:00,2026-08-14T15:00:00+00:00,0.0,False,False,True,True
Denver,2026-08-14,KXHIGHDEN-26AUG14,2026-08-14T16:00:00+00:00,2026-08-14T16:00:00+00:00,2026-08-14T16:00:00+00:00,0.0,False,False,True,True
NYC,2026-08-14,KXHIGHNY-26AUG14,2026-08-14T14:00:00+00:00,2026-08-14T14:00:00+00:00,2026-08-14T14:00:00+00:00,0.0,False,False,True,True
Chicago,2026-08-15,KXHIGHCHI-26AUG15,2026-08-15T15:00:00+00:00,2026-08-15T15:00:00+00:00,2026-08-15T15:00:00+00:00,0.0,False,False,True,True
Denver,2026-08-15,KXHIGHDEN-26AUG15,2026-08-15T16:00:00+00:00,2026-08-15T16:00:00+00:00,2026-08-15T16:00:00+00:00,0.0,False,False,True,True
NYC,2026-08-15,KXHIGHNY-26AUG15,2026-08-15T14:00:00+00:00,2026-08-15T14:00:00+00:00,2026-08-15T14:00:00+00:00,0.0,False,False,True,True
Chicago,2026-08-16,KXHIGHCHI-26AUG16,2026-08-16T15:00:00+00:00,2026-08-16T15:00:00+00:00,2026-08-16T15:00:00+00:00,0.0,False,False,True,True
Denver,2026-08-16,KXHIGHDEN-26AUG16,2026-08-16T16:00:00+00:00,2026-08-16T16:00:00+00:00,2026-08-16T16:00:00+00:00,0.0,False,False,True,True
NYC,2026-08-16,KXHIGHNY-26AUG16,2026-08-16T14:00:00+00:00,2026-08-16T14:00:00+00:00,2026-08-16T14:00:00+00:00,0.0,False,False,True,True
Chicago,2026-08-17,KXHIGHCHI-26AUG17,2026-08-17T15:00:00+00:00,2026-08-17T15:00:00+00:00,2026-08-17T15:00:00+00:00,0.0,False,False,True,True
Denver,2026-08-17,KXHIGHDEN-26AUG17,2026-08-17T16:00:00+00:00,2026-08-17T15:00:00+00:00,2026-08-17T15:00:00+00:00,60.0,False,False,True,True
NYC,2026-08-17,KXHIGHNY-26AUG17,2026-08-17T14:00:00+00:00,2026-08-17T14:00:00+00:00,2026-08-17T14:00:00+00:00,0.0,False,False,True,True
Chicago,2026-08-18,KXHIGHCHI-26AUG18,2026-08-18T15:00:00+00:00,2026-08-18T15:00:00+00:00,2026-08-18T15:00:00+00:00,0.0,False,False,True,True
Denver,2026-08-18,KXHIGHDEN-26AUG18,2026-08-18T16:00:00+00:00,2026-08-18T16:00:00+00:00,2026-08-18T16:00:00+00:00,0.0,False,False,True,True
NYC,2026-08-18,KXHIGHNY-26AUG18,2026-08-18T14:00:00+00:00,2026-08-18T14:00:00+00:00,2026-08-18T14:00:00+00:00,0.0,False,False,True,True
Chicago,2026-08-19,KXHIGHCHI-26AUG19,2026-08-19T15:00:00+00:00,2026-08-19T15:00:00+00:00,2026-08-19T15:00:00+00:00,0.0,False,False,True,True
Denver,2026-08-19,KXHIGHDEN-26AUG19,2026-08-19T16:00:00+00:00,2026-08-19T16:00:00+00:00,2026-08-19T16:00:00+00:00,0.0,False,False,True,True
NYC,2026-08-19,KXHIGHNY-26AUG19,2026-08-19T14:00:00+00:00,2026-08-19T14:00:00+00:00,2026-08-19T14:00:00+00:00,0.0,False,False,True,True
Chicago,2026-08-20,KXHIGHCHI-26AUG20,2026-08-20T15:00:00+00:00,2026-08-20T15:00:00+00:00,2026-08-20T15:00:00+00:00,0.0,False,False,True,True
Denver,2026-08-20,KXHIGHDEN-26AUG20,2026-08-20T16:00:00+00:00,2026-08-20T15:00:00+00:00,2026-08-20T15:00:00+00:00,60.0,False,False,True,True
NYC,2026-08-20,KXHIGHNY-26AUG20,2026-08-20T14:00:00+00:00,2026-08-20T14:00:00+00:00,2026-08-20T14:00:00+00:00,0.0,False,False,True,True
Chicago,2026-08-21,KXHIGHCHI-26AUG21,2026-08-21T15:00:00+00:00,2026-08-21T15:00:00+00:00,2026-08-21T15:00:00+00:00,0.0,False,False,True,True
Denver,2026-08-21,KXHIGHDEN-26AUG21,2026-08-21T16:00:00+00:00,2026-08-21T16:00:00+00:00,2026-08-21T16:00:00+00:00,0.0,False,False,True,True
NYC,2026-08-21,KXHIGHNY-26AUG21,2026-08-21T14:00:00+00:00,2026-08-21T14:00:00+00:00,2026-08-21T14:00:00+00:00,0.0,False,False,True,True
Chicago,2026-08-22,KXHIGHCHI-26AUG22,2026-08-22T15:00:00+00:00,2026-08-22T15:00:00+00:00,2026-08-22T15:00:00+00:00,0.0,False,False,True,True
Denver,2026-08-22,KXHIGHDEN-26AUG22,2026-08-22T16:00:00+00:00,2026-08-22T16:00:00+00:00,2026-08-22T16:00:00+00:00,0.0,False,False,True,True
NYC,2026-08-22,KXHIGHNY-26AUG22,2026-08-22T14:00:00+00:00,2026-08-22T14:00:00+00:00,2026-08-22T14:00:00+00:00,0.0,False,False,True,True
Chicago,2026-08-23,KXHIGHCHI-26AUG23,2026-08-23T15:00:00+00:00,2026-08-23T15:00:00+00:00,2026-08-23T15:00:00+00:00,0.0,False,False,True,True
Denver,2026-08-23,KXHIGHDEN-26AUG23,2026-08-23T16:00:00+00:00,2026-08-23T16:00:00+00:00,2026-08-23T16:00:00+00:00,0.0,False,False,True,True
NYC,2026-08-23,KXHIGHNY-26AUG23,2026-08-23T14:00:00+00:00,2026-08-23T14:00:00+00:00,2026-08-23T14:00:00+00:00,0.0,False,False,True,True
Chicago,2026-08-24,KXHIGHCHI-26AUG24,2026-08-24T15:00:00+00:00,2026-08-24T15:00:00+00:00,2026-08-24T15:00:00+00:00,0.0,False,False,True,True
Denver,2026-08-24,KXHIGHDEN-26AUG24,2026-08-24T16:00:00+00:00,2026-08-24T16:00:00+00:00,2026-08-24T16:00:00+00:00,0.0,False,False,True,True
NYC,2026-08-24,KXHIGHNY-26AUG24,2026-08-24T14:00:00+00:00,2026-08-24T14:00:00+00:00,2026-08-24T14:00:00+00:00,0.0,False,False,True,True
Chicago,2026-08-25,KXHIGHCHI-26AUG25,2026-08-25T15:00:00+00:00,2026-08-25T15:00:00+00:00,2026-08-25T15:00:00+00:00,0.0,False,False,True,True
Denver,2026-08-25,KXHIGHDEN-26AUG25,2026-08-25T16:00:00+00:00,2026-08-25T16:00:00+00:00,2026-08-25T16:00:00+00:00,0.0,False,False,True,True
NYC,2026-08-25,KXHIGHNY-26AUG25,2026-08-25T14:00:00+00:00,2026-08-25T14:00:00+00:00,2026-08-25T14:00:00+00:00,0.0,False,False,True,True
Chicago,2026-08-26,KXHIGHCHI-26AUG26,2026-08-26T15:00:00+00:00,2026-08-26T15:00:00+00:00,2026-08-26T15:00:00+00:00,0.0,False,False,True,True
Denver,2026-08-26,KXHIGHDEN-26AUG26,2026-08-26T16:00:00+00:00,2026-08-26T16:00:00+00:00,2026-08-26T16:00:00+00:00,0.0,False,False,True,True
NYC,2026-08-26,KXHIGHNY-26AUG26,2026-08-26T14:00:00+00:00,2026-08-26T14:00:00+00:00,2026-08-26T14:00:00+00:00,0.0,False,False,True,True
Chicago,2026-08-27,KXHIGHCHI-26AUG27,2026-08-27T15:00:00+00:00,2026-08-27T15:00:00+00:00,2026-08-27T15:00:00+00:00,0.0,False,False,True,True
Denver,2026-08-27,KXHIGHDEN-26AUG27,2026-08-27T16:00:00+00:00,2026-08-27T16:00:00+00:00,2026-08-27T16:00:00+00:00,0.0,False,False,True,True
NYC,2026-08-27,KXHIGHNY-26AUG27,2026-08-27T14:00:00+00:00,2026-08-27T14:00:00+00:00,2026-08-27T14:00:00+00:00,0.0,False,False,True,True
Chicago,2026-08-28,KXHIGHCHI-26AUG28,2026-08-28T15:00:00+00:00,2026-08-28T15:00:00+00:00,2026-08-28T15:00:00+00:00,0.0,False,False,True,True
Denver,2026-08-28,KXHIGHDEN-26AUG28,2026-08-28T16:00:00+00:00,2026-08-28T16:00:00+00:00,2026-08-28T16:00:00+00:00,0.0,False,False,True,True
NYC,2026-08-28,KXHIGHNY-26AUG28,2026-08-28T14:00:00+00:00,2026-08-28T14:00:00+00:00,2026-08-28T14:00:00+00:00,0.0,False,False,True,True
Chicago,2026-08-29,KXHIGHCHI-26AUG29,2026-08-29T15:00:00+00:00,2026-08-29T15:00:00+00:00,2026-08-29T15:00:00+00:00,0.0,False,False,True,True
Denver,2026-08-29,KXHIGHDEN-26AUG29,2026-08-29T16:00:00+00:00,2026-08-29T16:00:00+00:00,2026-08-29T16:00:00+00:00,0.0,False,False,True,True
NYC,2026-08-29,KXHIGHNY-26AUG29,2026-08-29T14:00:00+00:00,2026-08-29T13:00:00+00:00,2026-08-29T13:00:00+00:00,60.0,False,False,True,True
Chicago,2026-08-30,KXHIGHCHI-26AUG30,2026-08-30T15:00:00+00:00,2026-08-30T15:00:00+00:00,2026-08-30T15:00:00+00:00,0.0,False,False,True,True
Denver,2026-08-30,KXHIGHDEN-26AUG30,2026-08-30T16:00:00+00:00,2026-08-30T16:00:00+00:00,2026-08-30T16:00:00+00:00,0.0,False,False,True,True
NYC,2026-08-30,KXHIGHNY-26AUG30,2026-08-30T14:00:00+00:00,2026-08-30T14:00:00+00:00,2026-08-30T14:00:00+00:00,0.0,False,False,True,True
Chicago,2026-08-31,KXHIGHCHI-26AUG31,2026-08-31T15:00:00+00:00,2026-08-31T15:00:00+00:00,2026-08-31T15:00:00+00:00,0.0,False,False,True,True
Denver,2026-08-31,KXHIGHDEN-26AUG31,2026-08-31T16:00:00+00:00,2026-08-31T16:00:00+00:00,2026-08-31T16:00:00+00:00,0.0,False,False,True,True
NYC,2026-08-31,KXHIGHNY-26AUG31,2026-08-31T14:00:00+00:00,2026-08-31T14:00:00+00:00,2026-08-31T14:00:00+00:00,0.0,False,False,True,True
Chicago,2026-09-01,KXHIGHCHI-26SEP01,2026-09-01T15:00:00+00:00,2026-09-01T15:00:00+00:00,2026-09-01T15:00:00+00:00,0.0,False,False,True,True
Denver,2026-09-01,KXHIGHDEN-26SEP01,2026-09-01T16:00:00+00:00,2026-09-01T16:00:00+00:00,2026-09-01T16:00:00+00:00,0.0,False,False,True,True
NYC,2026-09-01,KXHIGHNY-26SEP01,2026-09-01T14:00:00+00:00,2026-09-01T14:00:00+00:00,2026-09-01T14:00:00+00:00,0.0,False,False,True,True
Chicago,2026-09-02,KXHIGHCHI-26SEP02,2026-09-02T15:00:00+00:00,2026-09-02T15:00:00+00:00,2026-09-02T15:00:00+00:00,0.0,False,False,True,True
Denver,2026-09-02,KXHIGHDEN-26SEP02,2026-09-02T16:00:00+00:00,2026-09-02T16:00:00+00:00,2026-09-02T16:00:00+00:00,0.0,False,False,True,True
NYC,2026-09-02,KXHIGHNY-26SEP02,2026-09-02T14:00:00+00:00,2026-09-02T14:00:00+00:00,2026-09-02T14:00:00+00:00,0.0,False,False,True,True
Chicago,2026-09-03,KXHIGHCHI-26SEP03,2026-09-03T15:00:00+00:00,2026-09-03T15:00:00+00:00,2026-09-03T15:00:00+00:00,0.0,False,False,True,True
Denver,2026-09-03,KXHIGHDEN-26SEP03,2026-09-03T16:00:00+00:00,2026-09-03T15:00:00+00:00,2026-09-03T15:00:00+00:00,60.0,False,False,True,True
NYC,2026-09-03,KXHIGHNY-26SEP03,2026-09-03T14:00:00+00:00,2026-09-03T14:00:00+00:00,2026-09-03T14:00:00+00:00,0.0,False,False,True,True
Chicago,2026-09-04,KXHIGHCHI-26SEP04,2026-09-04T15:00:00+00:00,2026-09-04T15:00:00+00:00,2026-09-04T15:00:00+00:00,0.0,False,False,True,True
Denver,2026-09-04,KXHIGHDEN-26SEP04,2026-09-04T16:00:00+00:00,2026-09-04T16:00:00+00:00,2026-09-04T16:00:00+00:00,0.0,False,False,True,True
NYC,2026-09-04,KXHIGHNY-26SEP04,2026-09-04T14:00:00+00:00,2026-09-04T14:00:00+00:00,2026-09-04T14:00:00+00:00,0.0,False,False,True,True
Chicago,2026-09-05,KXHIGHCHI-26SEP05,2026-09-05T15:00:00+00:00,2026-09-05T15:00:00+00:00,2026-09-05T15:00:00+00:00,0.0,False,False,True,True
Denver,2026-09-05,KXHIGHDEN-26SEP05,2026-09-05T16:00:00+00:00,2026-09-05T16:00:00+00:00,2026-09-05T16:00:00+00:00,0.0,False,False,True,True
NYC,2026-09-05,KXHIGHNY-26SEP05,2026-09-05T14:00:00+00:00,2026-09-05T14:00:00+00:00,2026-09-05T14:00:00+00:00,0.0,False,False,True,True
Chicago,2026-09-06,KXHIGHCHI-26SEP06,2026-09-06T15:00:00+00:00,2026-09-06T15:00:00+00:00,2026-09-06T15:00:00+00:00,0.0,False,False,True,True
Denver,2026-09-06,KXHIGHDEN-26SEP06,2026-09-06T16:00:00+00:00,2026-09-06T16:00:00+00:00,2026-09-06T16:00:00+00:00,0.0,False,False,True,True
NYC,2026-09-06,KXHIGHNY-26SEP06,2026-09-06T14:00:00+00:00,2026-09-06T14:00:00+00:00,2026-09-06T14:00:00+00:00,0.0,False,False,True,True
Chicago,2026-09-07,KXHIGHCHI-26SEP07,2026-09-07T15:00:00+00:00,2026-09-07T15:00:00+00:00,2026-09-07T15:00:00+00:00,0.0,False,False,True,True
Denver,2026-09-07,KXHIGHDEN-26SEP07,2026-09-07T16:00:00+00:00,2026-09-07T16:00:00+00:00,2026-09-07T16:00:00+00:00,0.0,False,False,True,True
NYC,2026-09-07,KXHIGHNY-26SEP07,2026-09-07T14:00:00+00:00,2026-09-07T14:00:00+00:00,2026-09-07T14:00:00+00:00,0.0,False,False,True,True
Chicago,2026-09-08,KXHIGHCHI-26SEP08,2026-09-08T15:00:00+00:00,2026-09-08T15:00:00+00:00,2026-09-08T15:00:00+00:00,0.0,False,False,True,True
Denver,2026-09-08,KXHIGHDEN-26SEP08,2026-09-08T16:00:00+00:00,2026-09-08T15:00:00+00:00,2026-09-08T15:00:00+00:00,60.0,False,False,True,True
NYC,2026-09-08,KXHIGHNY-26SEP08,2026-09-08T14:00:00+00:00,2026-09-08T14:00:00+00:00,2026-09-08T14:00:00+00:00,0.0,False,False,True,True
Chicago,2026-09-09,KXHIGHCHI-26SEP09,2026-09-09T15:00:00+00:00,2026-09-09T15:00:00+00:00,2026-09-09T15:00:00+00:00,0.0,False,False,True,True
Denver,2026-09-09,KXHIGHDEN-26SEP09,2026-09-09T16:00:00+00:00,2026-09-09T16:00:00+00:00,2026-09-09T16:00:00+00:00,0.0,False,False,True,True
NYC,2026-09-09,KXHIGHNY-26SEP09,2026-09-09T14:00:00+00:00,2026-09-09T14:00:00+00:00,2026-09-09T14:00:00+00:00,0.0,False,False,True,True
Chicago,2026-09-10,KXHIGHCHI-26SEP10,2026-09-10T15:00:00+00:00,2026-09-10T15:00:00+00:00,2026-09-10T15:00:00+00:00,0.0,False,False,True,True
Denver,2026-09-10,KXHIGHDEN-26SEP10,2026-09-10T16:00:00+00:00,2026-09-10T16:00:00+00:00,2026-09-10T16:00:00+00:00,0.0,False,False,True,True
NYC,2026-09-10,KXHIGHNY-26SEP10,2026-09-10T14:00:00+00:00,2026-09-10T14:00:00+00:00,2026-09-10T14:00:00+00:00,0.0,False,False,True,True
Chicago,2026-09-11,KXHIGHCHI-26SEP11,2026-09-11T15:00:00+00:00,2026-09-11T15:00:00+00:00,2026-09-11T15:00:00+00:00,0.0,False,False,True,True
Denver,2026-09-11,KXHIGHDEN-26SEP11,2026-09-11T16:00:00+00:00,2026-09-11T16:00:00+00:00,2026-09-11T16:00:00+00:00,0.0,False,False,True,True
NYC,2026-09-11,KXHIGHNY-26SEP11,2026-09-11T14:00:00+00:00,2026-09-11T14:00:00+00:00,2026-09-11T14:00:00+00:00,0.0,False,False,True,True
Chicago,2026-09-12,KXHIGHCHI-26SEP12,2026-09-12T15:00:00+00:00,2026-09-12T15:00:00+00:00,2026-09-12T15:00:00+00:00,0.0,False,False,True,True
Denver,2026-09-12,KXHIGHDEN-26SEP12,2026-09-12T16:00:00+00:00,2026-09-12T15:00:00+00:00,2026-09-12T15:00:00+00:00,60.0,False,False,True,True
NYC,2026-09-12,KXHIGHNY-26SEP12,2026-09-12T14:00:00+00:00,2026-09-12T14:00:00+00:00,2026-09-12T14:00:00+00:00,0.0,False,False,True,True
Chicago,2026-09-13,KXHIGHCHI-26SEP13,2026-09-13T15:00:00+00:00,2026-09-13T15:00:00+00:00,2026-09-13T15:00:00+00:00,0.0,False,False,True,True
Denver,2026-09-13,KXHIGHDEN-26SEP13,2026-09-13T16:00:00+00:00,2026-09-13T16:00:00+00:00,2026-09-13T16:00:00+00:00,0.0,False,False,True,True
NYC,2026-09-13,KXHIGHNY-26SEP13,2026-09-13T14:00:00+00:00,2026-09-13T14:00:00+00:00,2026-09-13T14:00:00+00:00,0.0,False,False,True,True
Chicago,2026-09-14,KXHIGHCHI-26SEP14,2026-09-14T15:00:00+00:00,2026-09-14T15:00:00+00:00,2026-09-14T15:00:00+00:00,0.0,False,False,True,True
Denver,2026-09-14,KXHIGHDEN-26SEP14,2026-09-14T16:00:00+00:00,2026-09-14T16:00:00+00:00,2026-09-14T16:00:00+00:00,0.0,False,False,True,True
NYC,2026-09-14,KXHIGHNY-26SEP14,2026-09-14T14:00:00+00:00,2026-09-14T14:00:00+00:00,2026-09-14T14:00:00+00:00,0.0,False,False,True,True
Chicago,2026-09-15,KXHIGHCHI-26SEP15,2026-09-15T15:00:00+00:00,2026-09-15T15:00:00+00:00,2026-09-15T15:00:00+00:00,0.0,False,False,True,True
Denver,2026-09-15,KXHIGHDEN-26SEP15,2026-09-15T16:00:00+00:00,2026-09-15T16:00:00+00:00,2026-09-15T16:00:00+00:00,0.0,False,False,True,True
NYC,2026-09-15,KXHIGHNY-26SEP15,2026-09-15T14:00:00+00:00,2026-09-15T14:00:00+00:00,2026-09-15T14:00:00+00:00,0.0,False,False,True,True
Chicago,2026-09-16,KXHIGHCHI-26SEP16,2026-09-16T15:00:00+00:00,2026-09-16T15:00:00+00:00,2026-09-16T15:00:00+00:00,0.0,False,False,True,True
Denver,2026-09-16,KXHIGHDEN-26SEP16,2026-09-16T16:00:00+00:00,2026-09-16T16:00:00+00:00,2026-09-16T16:00:00+00:00,0.0,False,False,True,True
NYC,2026-09-16,KXHIGHNY-26SEP16,2026-09-16T14:00:00+00:00,2026-09-16T14:00:00+00:00,2026-09-16T14:00:00+00:00,0.0,False,False,True,True
Chicago,2026-09-17,KXHIGHCHI-26SEP17,2026-09-17T15:00:00+00:00,2026-09-17T15:00:00+00:00,2026-09-17T15:00:00+00:00,0.0,False,False,True,True
Denver,2026-09-17,KXHIGHDEN-26SEP17,2026-09-17T16:00:00+00:00,2026-09-17T16:00:00+00:00,2026-09-17T16:00:00+00:00,0.0,False,False,True,True
NYC,2026-09-17,KXHIGHNY-26SEP17,2026-09-17T14:00:00+00:00,2026-09-17T14:00:00+00:00,2026-09-17T14:00:00+00:00,0.0,False,False,True,True
Chicago,2026-09-18,KXHIGHCHI-26SEP18,2026-09-18T15:00:00+00:00,2026-09-18T15:00:00+00:00,2026-09-18T15:00:00+00:00,0.0,False,False,True,True
Denver,2026-09-18,KXHIGHDEN-26SEP18,2026-09-18T16:00:00+00:00,2026-09-18T16:00:00+00:00,2026-09-18T16:00:00+00:00,0.0,False,False,True,True
NYC,2026-09-18,KXHIGHNY-26SEP18,2026-09-18T14:00:00+00:00,2026-09-18T14:00:00+00:00,2026-09-18T14:00:00+00:00,0.0,False,False,True,True
Chicago,2026-09-19,KXHIGHCHI-26SEP19,2026-09-19T15:00:00+00:00,2026-09-19T15:00:00+00:00,2026-09-19T15:00:00+00:00,0.0,False,False,True,True
Denver,2026-09-19,KXHIGHDEN-26SEP19,2026-09-19T16:00:00+00:00,2026-09-19T16:00:00+00:00,2026-09-19T16:00:00+00:00,0.0,False,False,True,True
NYC,2026-09-19,KXHIGHNY-26SEP19,2026-09-19T14:00:00+00:00,2026-09-19T14:00:00+00:00,2026-09-19T14:00:00+00:00,0.0,False,False,True,True
Chicago,2026-09-20,KXHIGHCHI-26SEP20,2026-09-20T15:00:00+00:00,2026-09-20T15:00:00+00:00,2026-09-20T15:00:00+00:00,0.0,False,False,True,True
Denver,2026-09-20,KXHIGHDEN-26SEP20,2026-09-20T16:00:00+00:00,2026-09-20T16:00:00+00:00,2026-09-20T16:00:00+00:00,0.0,False,False,True,True
NYC,2026-09-20,KXHIGHNY-26SEP20,2026-09-20T14:00:00+00:00,2026-09-20T14:00:00+00:00,2026-09-20T14:00:00+00:00,0.0,False,False,True,True
Chicago,2026-09-21,KXHIGHCHI-26SEP21,2026-09-21T15:00:00+00:00,2026-09-21T15:00:00+00:00,2026-09-21T15:00:00+00:00,0.0,False,False,True,True
Denver,2026-09-21,KXHIGHDEN-26SEP21,2026-09-21T16:00:00+00:00,2026-09-21T16:00:00+00:00,2026-09-21T16:00:00+00:00,0.0,False,False,True,True
NYC,2026-09-21,KXHIGHNY-26SEP21,2026-09-21T14:00:00+00:00,2026-09-21T14:00:00+00:00,2026-09-21T14:00:00+00:00,0.0,False,False,True,True
Chicago,2026-09-22,KXHIGHCHI-26SEP22,2026-09-22T15:00:00+00:00,2026-09-22T15:00:00+00:00,2026-09-22T15:00:00+00:00,0.0,False,False,True,True
Denver,2026-09-22,KXHIGHDEN-26SEP22,2026-09-22T16:00:00+00:00,2026-09-22T16:00:00+00:00,2026-09-22T16:00:00+00:00,0.0,False,False,True,True
NYC,2026-09-22,KXHIGHNY-26SEP22,2026-09-22T14:00:00+00:00,2026-09-22T14:00:00+00:00,2026-09-22T14:00:00+00:00,0.0,False,False,True,True
Chicago,2026-09-23,KXHIGHCHI-26SEP23,2026-09-23T15:00:00+00:00,2026-09-23T15:00:00+00:00,2026-09-23T15:00:00+00:00,0.0,False,False,True,True
Denver,2026-09-23,KXHIGHDEN-26SEP23,2026-09-23T16:00:00+00:00,2026-09-23T16:00:00+00:00,2026-09-23T16:00:00+00:00,0.0,False,False,True,True
NYC,2026-09-23,KXHIGHNY-26SEP23,2026-09-23T14:00:00+00:00,2026-09-23T14:00:00+00:00,2026-09-23T14:00:00+00:00,0.0,False,False,True,True
Chicago,2026-09-24,KXHIGHCHI-26SEP24,2026-09-24T15:00:00+00:00,2026-09-24T15:00:00+00:00,2026-09-24T15:00:00+00:00,0.0,False,False,True,True
Denver,2026-09-24,KXHIGHDEN-26SEP24,2026-09-24T16:00:00+00:00,2026-09-24T16:00:00+00:00,2026-09-24T16:00:00+00:00,0.0,False,False,True,True
NYC,2026-09-24,KXHIGHNY-26SEP24,2026-09-24T14:00:00+00:00,2026-09-24T14:00:00+00:00,2026-09-24T14:00:00+00:00,0.0,False,False,True,True
Chicago,2026-09-25,KXHIGHCHI-26SEP25,2026-09-25T15:00:00+00:00,2026-09-25T15:00:00+00:00,2026-09-25T15:00:00+00:00,0.0,False,False,True,True
Denver,2026-09-25,KXHIGHDEN-26SEP25,2026-09-25T16:00:00+00:00,2026-09-25T16:00:00+00:00,2026-09-25T16:00:00+00:00,0.0,False,False,True,True
NYC,2026-09-25,KXHIGHNY-26SEP25,2026-09-25T14:00:00+00:00,2026-09-25T14:00:00+00:00,2026-09-25T14:00:00+00:00,0.0,False,False,True,True
Chicago,2026-09-26,KXHIGHCHI-26SEP26,2026-09-26T15:00:00+00:00,2026-09-26T15:00:00+00:00,2026-09-26T15:00:00+00:00,0.0,False,False,True,True
Denver,2026-09-26,KXHIGHDEN-26SEP26,2026-09-26T16:00:00+00:00,2026-09-26T16:00:00+00:00,2026-09-26T16:00:00+00:00,0.0,False,False,True,True
NYC,2026-09-26,KXHIGHNY-26SEP26,2026-09-26T14:00:00+00:00,2026-09-26T14:00:00+00:00,2026-09-26T14:00:00+00:00,0.0,False,False,True,True
Chicago,2026-09-27,KXHIGHCHI-26SEP27,2026-09-27T15:00:00+00:00,2026-09-27T15:00:00+00:00,2026-09-27T15:00:00+00:00,0.0,False,False,True,True
Denver,2026-09-27,KXHIGHDEN-26SEP27,2026-09-27T16:00:00+00:00,2026-09-27T16:00:00+00:00,2026-09-27T16:00:00+00:00,0.0,False,False,True,True
NYC,2026-09-27,KXHIGHNY-26SEP27,2026-09-27T14:00:00+00:00,2026-09-27T14:00:00+00:00,2026-09-27T14:00:00+00:00,0.0,False,False,True,True
Chicago,2026-09-28,KXHIGHCHI-26SEP28,2026-09-28T15:00:00+00:00,2026-09-28T15:00:00+00:00,2026-09-28T15:00:00+00:00,0.0,False,False,True,True
Denver,2026-09-28,KXHIGHDEN-26SEP28,2026-09-28T16:00:00+00:00,2026-09-28T16:00:00+00:00,2026-09-28T16:00:00+00:00,0.0,False,False,True,True
NYC,2026-09-28,KXHIGHNY-26SEP28,2026-09-28T14:00:00+00:00,2026-09-28T14:00:00+00:00,2026-09-28T14:00:00+00:00,0.0,False,False,True,True
