city,event_date_local,station,selected_cycle_utc,selected_cycle_is_12z,decision_time_utc,assumed_available_at_utc,assumed_margin_minutes,noaa_http_status,noaa_last_modified_utc,actual_release_lag_minutes,actual_margin_minutes,actual_available_before_decision,actual_availability_violation,txn,xnd,etag,content_length
Chicago,2026-08-14,KMDW,2026-08-14T12:00:00+00:00,True,2026-08-14T15:00:00+00:00,2026-08-14T13:00:00+00:00,120.0,200,2026-08-14T13:34:06+00:00,94.1,85.9,True,False,80.0,2.0,"""2ec250da742f1cf7206efca833d789d1""",29720949
Denver,2026-08-14,KDEN,2026-08-14T12:00:00+00:00,True,2026-08-14T16:00:00+00:00,2026-08-14T13:00:00+00:00,180.0,200,2026-08-14T13:34:06+00:00,94.1,145.9,True,False,83.0,3.0,"""2ec250da742f1cf7206efca833d789d1""",29720949
NYC,2026-08-14,KNYC,2026-08-14T12:00:00+00:00,True,2026-08-14T14:00:00+00:00,2026-08-14T13:00:00+00:00,60.0,200,2026-08-14T13:34:06+00:00,94.1,25.9,True,False,86.0,2.0,"""2ec250da742f1cf7206efca833d789d1""",29720949
Chicago,2026-08-15,KMDW,2026-08-15T12:00:00+00:00,True,2026-08-15T15:00:00+00:00,2026-08-15T13:00:00+00:00,120.0,200,2026-08-15T13:39:19+00:00,99.31666666666666,80.68333333333334,True,False,81.0,2.0,"""42eae8594cd3c10e4ce280b5d0238788""",29720951
Denver,2026-08-15,KDEN,2026-08-15T12:00:00+00:00,True,2026-08-15T16:00:00+00:00,2026-08-15T13:00:00+00:00,180.0,200,2026-08-15T13:39:19+00:00,99.31666666666666,140.68333333333334,True,False,81.0,2.0,"""42eae8594cd3c10e4ce280b5d0238788""",29720951
NYC,2026-08-15,KNYC,2026-08-15T12:00:00+00:00,True,2026-08-15T14:00:00+00:00,2026-08-15T13:00:00+00:00,60.0,200,2026-08-15T13:39:19+00:00,99.31666666666666,20.683333333333334,True,False,83.0,1.0,"""42eae8594cd3c10e4ce280b5d0238788""",29720951
Chicago,2026-08-16,KMDW,2026-08-16T12:00:00+00:00,True,2026-08-16T15:00:00+00:00,2026-08-16T13:00:00+00:00,120.0,200,2026-08-16T13:39:34+00:00,99.56666666666666,80.43333333333334,True,False,86.0,2.0,"""b7e469f8d15f5d264fe922ecab45fc3e""",29720949
Denver,2026-08-16,KDEN,2026-08-16T12:00:00+00:00,True,2026-08-16T16:00:00+00:00,2026-08-16T13:00:00+00:00,180.0,200,2026-08-16T13:39:34+00:00,99.56666666666666,140.43333333333334,True,False,83.0,2.0,"""b7e469f8d15f5d264fe922ecab45fc3e""",29720949
NYC,2026-08-16,KNYC,2026-08-16T12:00:00+00:00,True,2026-08-16T14:00:00+00:00,2026-08-16T13:00:00+00:00,60.0,200,2026-08-16T13:39:34+00:00,99.56666666666666,20.433333333333334,True,False,81.0,2.0,"""b7e469f8d15f5d264fe922ecab45fc3e""",29720949
Chicago,2026-08-17,KMDW,2026-08-17T12:00:00+00:00,True,2026-08-17T15:00:00+00:00,2026-08-17T13:00:00+00:00,120.0,200,2026-08-17T13:41:11+00:00,101.18333333333334,78.81666666666666,True,False,78.0,2.0,"""ad1a79323891984d812b0ef4f06f8d1c""",29720949
Denver,2026-08-17,KDEN,2026-08-17T12:00:00+00:00,True,2026-08-17T16:00:00+00:00,2026-08-17T13:00:00+00:00,180.0,200,2026-08-17T13:41:11+00:00,101.18333333333334,138.81666666666666,True,False,91.0,2.0,"""ad1a79323891984d812b0ef4f06f8d1c""",29720949
NYC,2026-08-17,KNYC,2026-08-17T12:00:00+00:00,True,2026-08-17T14:00:00+00:00,2026-08-17T13:00:00+00:00,60.0,200,2026-08-17T13:41:11+00:00,101.18333333333334,18.816666666666666,True,False,84.0,3.0,"""ad1a79323891984d812b0ef4f06f8d1c""",29720949
Chicago,2026-08-18,KMDW,2026-08-18T12:00:00+00:00,True,2026-08-18T15:00:00+00:00,2026-08-18T13:00:00+00:00,120.0,200,2026-08-18T13:37:39+00:00,97.65,82.35,True,False,82.0,2.0,"""634253ad54c0c6e270f3e39ef7f96192""",29720949
Denver,2026-08-18,KDEN,2026-08-18T12:00:00+00:00,True,2026-08-18T16:00:00+00:00,2026-08-18T13:00:00+00:00,180.0,200,2026-08-18T13:37:39+00:00,97.65,142.35,True,False,91.0,3.0,"""634253ad54c0c6e270f3e39ef7f96192""",29720949
NYC,2026-08-18,KNYC,2026-08-18T12:00:00+00:00,True,2026-08-18T14:00:00+00:00,2026-08-18T13:00:00+00:00,60.0,200,2026-08-18T13:37:39+00:00,97.65,22.35,True,False,84.0,2.0,"""634253ad54c0c6e270f3e39ef7f96192""",29720949
Chicago,2026-08-19,KMDW,2026-08-19T12:00:00+00:00,True,2026-08-19T15:00:00+00:00,2026-08-19T13:00:00+00:00,120.0,200,2026-08-19T13:44:08+00:00,104.13333333333334,75.86666666666666,True,False,79.0,2.0,"""ccfa9aaaa47bef84c6b1ccf700d7ab3b""",29720949
Denver,2026-08-19,KDEN,2026-08-19T12:00:00+00:00,True,2026-08-19T16:00:00+00:00,2026-08-19T13:00:00+00:00,180.0,200,2026-08-19T13:44:08+00:00,104.13333333333334,135.86666666666667,True,False,89.0,2.0,"""ccfa9aaaa47bef84c6b1ccf700d7ab3b""",29720949
NYC,2026-08-19,KNYC,2026-08-19T12:00:00+00:00,True,2026-08-19T14:00:00+00:00,2026-08-19T13:00:00+00:00,60.0,200,2026-08-19T13:44:08+00:00,104.13333333333334,15.866666666666667,True,False,86.0,1.0,"""ccfa9aaaa47bef84c6b1ccf700d7ab3b""",29720949
Chicago,2026-08-20,KMDW,2026-08-20T12:00:00+00:00,True,2026-08-20T15:00:00+00:00,2026-08-20T13:00:00+00:00,120.0,200,2026-08-20T13:42:21+00:00,102.35,77.65,True,False,79.0,1.0,"""fc50a7a5d05985e2866cfd279a072641""",29720949
Denver,2026-08-20,KDEN,2026-08-20T12:00:00+00:00,True,2026-08-20T16:00:00+00:00,2026-08-20T13:00:00+00:00,180.0,200,2026-08-20T13:42:21+00:00,102.35,137.65,True,False,92.0,2.0,"""fc50a7a5d05985e2866cfd279a072641""",29720949
NYC,2026-08-20,KNYC,2026-08-20T12:00:00+00:00,True,2026-08-20T14:00:00+00:00,2026-08-20T13:00:00+00:00,60.0,200,2026-08-20T13:42:21+00:00,102.35,17.65,True,False,82.0,3.0,"""fc50a7a5d05985e2866cfd279a072641""",29720949
Chicago,2026-08-21,KMDW,2026-08-21T12:00:00+00:00,True,2026-08-21T15:00:00+00:00,2026-08-21T13:00:00+00:00,120.0,200,2026-08-21T13:44:39+00:00,104.65,75.35,True,False,81.0,2.0,"""4792156ea2526466414fee491699b99d""",29720949
Denver,2026-08-21,KDEN,2026-08-21T12:00:00+00:00,True,2026-08-21T16:00:00+00:00,2026-08-21T13:00:00+00:00,180.0,200,2026-08-21T13:44:39+00:00,104.65,135.35,True,False,98.0,2.0,"""4792156ea2526466414fee491699b99d""",29720949
NYC,2026-08-21,KNYC,2026-08-21T12:00:00+00:00,True,2026-08-21T14:00:00+00:00,2026-08-21T13:00:00+00:00,60.0,200,2026-08-21T13:44:39+00:00,104.65,15.35,True,False,77.0,4.0,"""4792156ea2526466414fee491699b99d""",29720949
Chicago,2026-08-22,KMDW,2026-08-22T12:00:00+00:00,True,2026-08-22T15:00:00+00:00,2026-08-22T13:00:00+00:00,120.0,200,2026-08-22T13:40:40+00:00,100.66666666666667,79.33333333333333,True,False,80.0,1.0,"""3d036c5d9087e2b826772d1ffd1d68f9""",29720949
Denver,2026-08-22,KDEN,2026-08-22T12:00:00+00:00,True,2026-08-22T16:00:00+00:00,2026-08-22T13:00:00+00:00,180.0,200,2026-08-22T13:40:40+00:00,100.66666666666667,139.33333333333334,True,False,93.0,4.0,"""3d036c5d9087e2b826772d1ffd1d68f9""",29720949
NYC,2026-08-22,KNYC,2026-08-22T12:00:00+00:00,True,2026-08-22T14:00:00+00:00,2026-08-22T13:00:00+00:00,60.0,200,2026-08-22T13:40:40+00:00,100.66666666666667,19.333333333333332,True,False,77.0,2.0,"""3d036c5d9087e2b826772d1ffd1d68f9""",29720949
Chicago,2026-08-23,KMDW,2026-08-23T12:00:00+00:00,True,2026-08-23T15:00:00+00:00,2026-08-23T13:00:00+00:00,120.0,200,2026-08-23T13:43:16+00:00,103.26666666666667,76.73333333333333,True,False,77.0,1.0,"""5b22bb4022964330c805b8b378b8cc66""",29720949
Denver,2026-08-23,KDEN,2026-08-23T12:00:00+00:00,True,2026-08-23T16:00:00+00:00,2026-08-23T13:00:00+00:00,180.0,200,2026-08-23T13:43:16+00:00,103.26666666666667,136.73333333333332,True,False,92.0,2.0,"""5b22bb4022964330c805b8b378b8cc66""",29720949
NYC,2026-08-23,KNYC,2026-08-23T12:00:00+00:00,True,2026-08-23T14:00:00+00:00,2026-08-23T13:00:00+00:00,60.0,200,2026-08-23T13:43:16+00:00,103.26666666666667,16.733333333333334,True,False,81.0,2.0,"""5b22bb4022964330c805b8b378b8cc66""",29720949
Chicago,2026-08-24,KMDW,2026-08-24T12:00:00+00:00,True,2026-08-24T15:00:00+00:00,2026-08-24T13:00:00+00:00,120.0,200,2026-08-24T13:40:12+00:00,100.2,79.8,True,False,78.0,1.0,"""840e3ff9d5f91bbbe4e1ac7bf064af5a""",29720949
Denver,2026-08-24,KDEN,2026-08-24T12:00:00+00:00,True,2026-08-24T16:00:00+00:00,2026-08-24T13:00:00+00:00,180.0,200,2026-08-24T13:40:12+00:00,100.2,139.8,True,False,91.0,2.0,"""840e3ff9d5f91bbbe4e1ac7bf064af5a""",29720949
NYC,2026-08-24,KNYC,2026-08-24T12:00:00+00:00,True,2026-08-24T14:00:00+00:00,2026-08-24T13:00:00+00:00,60.0,200,2026-08-24T13:40:12+00:00,100.2,19.8,True,False,80.0,2.0,"""840e3ff9d5f91bbbe4e1ac7bf064af5a""",29720949
Chicago,2026-08-25,KMDW,2026-08-25T12:00:00+00:00,True,2026-08-25T15:00:00+00:00,2026-08-25T13:00:00+00:00,120.0,200,2026-08-25T13:39:21+00:00,99.35,80.65,True,False,81.0,1.0,"""9e093bd290bc07498dabda237f2524c9""",29720949
Denver,2026-08-25,KDEN,2026-08-25T12:00:00+00:00,True,2026-08-25T16:00:00+00:00,2026-08-25T13:00:00+00:00,180.0,200,2026-08-25T13:39:21+00:00,99.35,140.65,True,False,89.0,3.0,"""9e093bd290bc07498dabda237f2524c9""",29720949
NYC,2026-08-25,KNYC,2026-08-25T12:00:00+00:00,True,2026-08-25T14:00:00+00:00,2026-08-25T13:00:00+00:00,60.0,200,2026-08-25T13:39:21+00:00,99.35,20.65,True,False,79.0,2.0,"""9e093bd290bc07498dabda237f2524c9""",29720949
Chicago,2026-08-26,KMDW,2026-08-26T12:00:00+00:00,True,2026-08-26T15:00:00+00:00,2026-08-26T13:00:00+00:00,120.0,200,2026-08-26T13:42:15+00:00,102.25,77.75,True,False,84.0,1.0,"""238965def3e65f927bf081a68c2d70dd""",29720949
Denver,2026-08-26,KDEN,2026-08-26T12:00:00+00:00,True,2026-08-26T16:00:00+00:00,2026-08-26T13:00:00+00:00,180.0,200,2026-08-26T13:42:15+00:00,102.25,137.75,True,False,87.0,2.0,"""238965def3e65f927bf081a68c2d70dd""",29720949
NYC,2026-08-26,KNYC,2026-08-26T12:00:00+00:00,True,2026-08-26T14:00:00+00:00,2026-08-26T13:00:00+00:00,60.0,200,2026-08-26T13:42:15+00:00,102.25,17.75,True,False,82.0,2.0,"""238965def3e65f927bf081a68c2d70dd""",29720949
Chicago,2026-08-27,KMDW,2026-08-27T12:00:00+00:00,True,2026-08-27T15:00:00+00:00,2026-08-27T13:00:00+00:00,120.0,200,2026-08-27T13:42:10+00:00,102.16666666666667,77.83333333333333,True,False,81.0,1.0,"""cd51372b7b42721fee21be498a0ae739""",29720949
Denver,2026-08-27,KDEN,2026-08-27T12:00:00+00:00,True,2026-08-27T16:00:00+00:00,2026-08-27T13:00:00+00:00,180.0,200,2026-08-27T13:42:10+00:00,102.16666666666667,137.83333333333334,True,False,90.0,2.0,"""cd51372b7b42721fee21be498a0ae739""",29720949
NYC,2026-08-27,KNYC,2026-08-27T12:00:00+00:00,True,2026-08-27T14:00:00+00:00,2026-08-27T13:00:00+00:00,60.0,200,2026-08-27T13:42:10+00:00,102.16666666666667,17.833333333333332,True,False,81.0,1.0,"""cd51372b7b42721fee21be498a0ae739""",29720949
Chicago,2026-08-28,KMDW,2026-08-28T12:00:00+00:00,True,2026-08-28T15:00:00+00:00,2026-08-28T13:00:00+00:00,120.0,200,2026-08-28T13:26:20+00:00,86.33333333333333,93.66666666666667,True,False,82.0,2.0,"""1d5012180bda1e7164aa5fd39d11d228""",29720949
Denver,2026-08-28,KDEN,2026-08-28T12:00:00+00:00,True,2026-08-28T16:00:00+00:00,2026-08-28T13:00:00+00:00,180.0,200,2026-08-28T13:26:20+00:00,86.33333333333333,153.66666666666666,True,False,95.0,2.0,"""1d5012180bda1e7164aa5fd39d11d228""",29720949
NYC,2026-08-28,KNYC,2026-08-28T12:00:00+00:00,True,2026-08-28T14:00:00+00:00,2026-08-28T13:00:00+00:00,60.0,200,2026-08-28T13:26:20+00:00,86.33333333333333,33.666666666666664,True,False,82.0,2.0,"""1d5012180bda1e7164aa5fd39d11d228""",29720949
Chicago,2026-08-29,KMDW,2026-08-29T12:00:00+00:00,True,2026-08-29T15:00:00+00:00,2026-08-29T13:00:00+00:00,120.0,200,2026-08-29T13:39:00+00:00,99.0,81.0,True,False,82.0,2.0,"""7257853da4ad3187952ee8ade978f6b4""",29720949
Denver,2026-08-29,KDEN,2026-08-29T12:00:00+00:00,True,2026-08-29T16:00:00+00:00,2026-08-29T13:00:00+00:00,180.0,200,2026-08-29T13:39:00+00:00,99.0,141.0,True,False,93.0,2.0,"""7257853da4ad3187952ee8ade978f6b4""",29720949
NYC,2026-08-29,KNYC,2026-08-29T12:00:00+00:00,True,2026-08-29T14:00:00+00:00,2026-08-29T13:00:00+00:00,60.0,200,2026-08-29T13:39:00+00:00,99.0,21.0,True,False,80.0,2.0,"""7257853da4ad3187952ee8ade978f6b4""",29720949
Chicago,2026-08-30,KMDW,2026-08-30T12:00:00+00:00,True,2026-08-30T15:00:00+00:00,2026-08-30T13:00:00+00:00,120.0,200,2026-08-30T13:42:41+00:00,102.68333333333334,77.31666666666666,True,False,84.0,2.0,"""30d2ff2a9a11e40ad8e915c3dc50347d""",29720949
Denver,2026-08-30,KDEN,2026-08-30T12:00:00+00:00,True,2026-08-30T16:00:00+00:00,2026-08-30T13:00:00+00:00,180.0,200,2026-08-30T13:42:41+00:00,102.68333333333334,137.31666666666666,True,False,89.0,2.0,"""30d2ff2a9a11e40ad8e915c3dc50347d""",29720949
NYC,2026-08-30,KNYC,2026-08-30T12:00:00+00:00,True,2026-08-30T14:00:00+00:00,2026-08-30T13:00:00+00:00,60.0,200,2026-08-30T13:42:41+00:00,102.68333333333334,17.316666666666666,True,False,82.0,2.0,"""30d2ff2a9a11e40ad8e915c3dc50347d""",29720949
Chicago,2026-08-31,KMDW,2026-08-31T12:00:00+00:00,True,2026-08-31T15:00:00+00:00,2026-08-31T13:00:00+00:00,120.0,200,2026-08-31T14:08:38+00:00,128.63333333333333,51.36666666666667,True,False,89.0,2.0,"""a66ad204067dd83043b769019fb4aff5""",29720949
Denver,2026-08-31,KDEN,2026-08-31T12:00:00+00:00,True,2026-08-31T16:00:00+00:00,2026-08-31T13:00:00+00:00,180.0,200,2026-08-31T14:08:38+00:00,128.63333333333333,111.36666666666666,True,False,84.0,2.0,"""a66ad204067dd83043b769019fb4aff5""",29720949
NYC,2026-08-31,KNYC,2026-08-31T12:00:00+00:00,True,2026-08-31T14:00:00+00:00,2026-08-31T13:00:00+00:00,60.0,200,2026-08-31T14:08:38+00:00,128.63333333333333,-8.633333333333333,False,True,78.0,4.0,"""a66ad204067dd83043b769019fb4aff5""",29720949
Chicago,2026-09-01,KMDW,2026-09-01T12:00:00+00:00,True,2026-09-01T15:00:00+00:00,2026-09-01T13:00:00+00:00,120.0,200,2026-09-01T13:34:48+00:00,94.8,85.2,True,False,92.0,2.0,"""c28fa15f484a3ff371b61f0f32f8afb6""",29720949
Denver,2026-09-01,KDEN,2026-09-01T12:00:00+00:00,True,2026-09-01T16:00:00+00:00,2026-09-01T13:00:00+00:00,180.0,200,2026-09-01T13:34:48+00:00,94.8,145.2,True,False,85.0,2.0,"""c28fa15f484a3ff371b61f0f32f8afb6""",29720949
NYC,2026-09-01,KNYC,2026-09-01T12:00:00+00:00,True,2026-09-01T14:00:00+00:00,2026-09-01T13:00:00+00:00,60.0,200,2026-09-01T13:34:48+00:00,94.8,25.2,True,False,83.0,3.0,"""c28fa15f484a3ff371b61f0f32f8afb6""",29720949
Chicago,2026-09-02,KMDW,2026-09-02T12:00:00+00:00,True,2026-09-02T15:00:00+00:00,2026-09-02T13:00:00+00:00,120.0,200,2026-09-02T13:39:50+00:00,99.83333333333333,80.16666666666667,True,False,93.0,2.0,"""84f22bf9f1296f7afcecdf2a0af57eed""",29720949
Denver,2026-09-02,KDEN,2026-09-02T12:00:00+00:00,True,2026-09-02T16:00:00+00:00,2026-09-02T13:00:00+00:00,180.0,200,2026-09-02T13:39:50+00:00,99.83333333333333,140.16666666666666,True,False,89.0,2.0,"""84f22bf9f1296f7afcecdf2a0af57eed""",29720949
NYC,2026-09-02,KNYC,2026-09-02T12:00:00+00:00,True,2026-09-02T14:00:00+00:00,2026-09-02T13:00:00+00:00,60.0,200,2026-09-02T13:39:50+00:00,99.83333333333333,20.166666666666668,True,False,75.0,2.0,"""84f22bf9f1296f7afcecdf2a0af57eed""",29720949
Chicago,2026-09-03,KMDW,2026-09-03T12:00:00+00:00,True,2026-09-03T15:00:00+00:00,2026-09-03T13:00:00+00:00,120.0,200,2026-09-03T13:30:58+00:00,90.96666666666667,89.03333333333333,True,False,91.0,3.0,"""eecea5931d59f4d7c8595f338b062f55""",29720949
Denver,2026-09-03,KDEN,2026-09-03T12:00:00+00:00,True,2026-09-03T16:00:00+00:00,2026-09-03T13:00:00+00:00,180.0,200,2026-09-03T13:30:58+00:00,90.96666666666667,149.03333333333333,True,False,91.0,2.0,"""eecea5931d59f4d7c8595f338b062f55""",29720949
NYC,2026-09-03,KNYC,2026-09-03T12:00:00+00:00,True,2026-09-03T14:00:00+00:00,2026-09-03T13:00:00+00:00,60.0,200,2026-09-03T13:30:58+00:00,90.96666666666667,29.033333333333335,True,False,85.0,2.0,"""eecea5931d59f4d7c8595f338b062f55""",29720949
Chicago,2026-09-04,KMDW,2026-09-04T12:00:00+00:00,True,2026-09-04T15:00:00+00:00,2026-09-04T13:00:00+00:00,120.0,200,2026-09-04T13:32:31+00:00,92.51666666666667,87.48333333333333,True,False,91.0,3.0,"""80c4af3ba84e3ce872c43bcaceefac5e""",29720949
Denver,2026-09-04,KDEN,2026-09-04T12:00:00+00:00,True,2026-09-04T16:00:00+00:00,2026-09-04T13:00:00+00:00,180.0,200,2026-09-04T13:32:31+00:00,92.51666666666667,147.48333333333332,True,False,92.0,2.0,"""80c4af3ba84e3ce872c43bcaceefac5e""",29720949
NYC,2026-09-04,KNYC,2026-09-04T12:00:00+00:00,True,2026-09-04T14:00:00+00:00,2026-09-04T13:00:00+00:00,60.0,200,2026-09-04T13:32:31+00:00,92.51666666666667,27.483333333333334,True,False,84.0,1.0,"""80c4af3ba84e3ce872c43bcaceefac5e""",29720949
Chicago,2026-09-05,KMDW,2026-09-05T12:00:00+00:00,True,2026-09-05T15:00:00+00:00,2026-09-05T13:00:00+00:00,120.0,200,2026-09-05T13:39:59+00:00,99.98333333333333,80.01666666666667,True,False,81.0,2.0,"""3cb223687924d2ced2140310268a5947""",29720949
Denver,2026-09-05,KDEN,2026-09-05T12:00:00+00:00,True,2026-09-05T16:00:00+00:00,2026-09-05T13:00:00+00:00,180.0,200,2026-09-05T13:39:59+00:00,99.98333333333333,140.01666666666668,True,False,92.0,3.0,"""3cb223687924d2ced2140310268a5947""",29720949
NYC,2026-09-05,KNYC,2026-09-05T12:00:00+00:00,True,2026-09-05T14:00:00+00:00,2026-09-05T13:00:00+00:00,60.0,200,2026-09-05T13:39:59+00:00,99.98333333333333,20.016666666666666,True,False,80.0,2.0,"""3cb223687924d2ced2140310268a5947""",29720949
Chicago,2026-09-06,KMDW,2026-09-06T12:00:00+00:00,True,2026-09-06T15:00:00+00:00,2026-09-06T13:00:00+00:00,120.0,200,2026-09-06T13:36:32+00:00,96.53333333333333,83.46666666666667,True,False,77.0,2.0,"""5a9d1bdb2ea000861e2319831911ebff""",29720949
Denver,2026-09-06,KDEN,2026-09-06T12:00:00+00:00,True,2026-09-06T16:00:00+00:00,2026-09-06T13:00:00+00:00,180.0,200,2026-09-06T13:36:32+00:00,96.53333333333333,143.46666666666667,True,False,91.0,2.0,"""5a9d1bdb2ea000861e2319831911ebff""",29720949
NYC,2026-09-06,KNYC,2026-09-06T12:00:00+00:00,True,2026-09-06T14:00:00+00:00,2026-09-06T13:00:00+00:00,60.0,200,2026-09-06T13:36:32+00:00,96.53333333333333,23.466666666666665,True,False,74.0,2.0,"""5a9d1bdb2ea000861e2319831911ebff""",29720949
Chicago,2026-09-07,KMDW,2026-09-07T12:00:00+00:00,True,2026-09-07T15:00:00+00:00,2026-09-07T13:00:00+00:00,120.0,200,2026-09-07T13:35:39+00:00,95.65,84.35,True,False,79.0,2.0,"""729a9c7e999d95a6fd6e7b3493ff2ed9""",29720949
Denver,2026-09-07,KDEN,2026-09-07T12:00:00+00:00,True,2026-09-07T16:00:00+00:00,2026-09-07T13:00:00+00:00,180.0,200,2026-09-07T13:35:39+00:00,95.65,144.35,True,False,90.0,2.0,"""729a9c7e999d95a6fd6e7b3493ff2ed9""",29720949
NYC,2026-09-07,KNYC,2026-09-07T12:00:00+00:00,True,2026-09-07T14:00:00+00:00,2026-09-07T13:00:00+00:00,60.0,200,2026-09-07T13:35:39+00:00,95.65,24.35,True,False,80.0,1.0,"""729a9c7e999d95a6fd6e7b3493ff2ed9""",29720949
Chicago,2026-09-08,KMDW,2026-09-08T12:00:00+00:00,True,2026-09-08T15:00:00+00:00,2026-09-08T13:00:00+00:00,120.0,200,2026-09-08T13:37:25+00:00,97.41666666666667,82.58333333333333,True,False,86.0,2.0,"""b8328dda8b97134e6a9fd4f35b0cd840""",29720949
Denver,2026-09-08,KDEN,2026-09-08T12:00:00+00:00,True,2026-09-08T16:00:00+00:00,2026-09-08T13:00:00+00:00,180.0,200,2026-09-08T13:37:25+00:00,97.41666666666667,142.58333333333334,True,False,84.0,2.0,"""b8328dda8b97134e6a9fd4f35b0cd840""",29720949
NYC,2026-09-08,KNYC,2026-09-08T12:00:00+00:00,True,2026-09-08T14:00:00+00:00,2026-09-08T13:00:00+00:00,60.0,200,2026-09-08T13:37:25+00:00,97.41666666666667,22.583333333333332,True,False,83.0,1.0,"""b8328dda8b97134e6a9fd4f35b0cd840""",29720949
Chicago,2026-09-09,KMDW,2026-09-09T12:00:00+00:00,True,2026-09-09T15:00:00+00:00,2026-09-09T13:00:00+00:00,120.0,200,2026-09-09T13:37:14+00:00,97.23333333333333,82.76666666666667,True,False,82.0,2.0,"""3b6210f7e4f8549c64f12c1be9f71e78""",29720949
Denver,2026-09-09,KDEN,2026-09-09T12:00:00+00:00,True,2026-09-09T16:00:00+00:00,2026-09-09T13:00:00+00:00,180.0,200,2026-09-09T13:37:14+00:00,97.23333333333333,142.76666666666668,True,False,81.0,2.0,"""3b6210f7e4f8549c64f12c1be9f71e78""",29720949
NYC,2026-09-09,KNYC,2026-09-09T12:00:00+00:00,True,2026-09-09T14:00:00+00:00,2026-09-09T13:00:00+00:00,60.0,200,2026-09-09T13:37:14+00:00,97.23333333333333,22.766666666666666,True,False,86.0,2.0,"""3b6210f7e4f8549c64f12c1be9f71e78""",29720949
Chicago,2026-09-10,KMDW,2026-09-10T12:00:00+00:00,True,2026-09-10T15:00:00+00:00,2026-09-10T13:00:00+00:00,120.0,200,2026-09-10T13:30:46+00:00,90.76666666666667,89.23333333333333,True,False,78.0,2.0,"""8fa595ce5bcc87a39021f74f3e2227e6""",29720949
Denver,2026-09-10,KDEN,2026-09-10T12:00:00+00:00,True,2026-09-10T16:00:00+00:00,2026-09-10T13:00:00+00:00,180.0,200,2026-09-10T13:30:46+00:00,90.76666666666667,149.23333333333332,True,False,88.0,2.0,"""8fa595ce5bcc87a39021f74f3e2227e6""",29720949
NYC,2026-09-10,KNYC,2026-09-10T12:00:00+00:00,True,2026-09-10T14:00:00+00:00,2026-09-10T13:00:00+00:00,60.0,200,2026-09-10T13:30:46+00:00,90.76666666666667,29.233333333333334,True,False,88.0,1.0,"""8fa595ce5bcc87a39021f74f3e2227e6""",29720949
Chicago,2026-09-11,KMDW,2026-09-11T12:00:00+00:00,True,2026-09-11T15:00:00+00:00,2026-09-11T13:00:00+00:00,120.0,200,2026-09-11T13:33:52+00:00,93.86666666666666,86.13333333333334,True,False,80.0,2.0,"""440f6e1783f6d34b27518377ec4e0ccc""",29720949
Denver,2026-09-11,KDEN,2026-09-11T12:00:00+00:00,True,2026-09-11T16:00:00+00:00,2026-09-11T13:00:00+00:00,180.0,200,2026-09-11T13:33:52+00:00,93.86666666666666,146.13333333333333,True,False,91.0,1.0,"""440f6e1783f6d34b27518377ec4e0ccc""",29720949
NYC,2026-09-11,KNYC,2026-09-11T12:00:00+00:00,True,2026-09-11T14:00:00+00:00,2026-09-11T13:00:00+00:00,60.0,200,2026-09-11T13:33:52+00:00,93.86666666666666,26.133333333333333,True,False,80.0,2.0,"""440f6e1783f6d34b27518377ec4e0ccc""",29720949
Chicago,2026-09-12,KMDW,2026-09-12T12:00:00+00:00,True,2026-09-12T15:00:00+00:00,2026-09-12T13:00:00+00:00,120.0,200,2026-09-12T13:41:46+00:00,101.76666666666667,78.23333333333333,True,False,87.0,2.0,"""51d87eb77eb219d1e74b5faeb5689e75""",29720949
Denver,2026-09-12,KDEN,2026-09-12T12:00:00+00:00,True,2026-09-12T16:00:00+00:00,2026-09-12T13:00:00+00:00,180.0,200,2026-09-12T13:41:46+00:00,101.76666666666667,138.23333333333332,True,False,85.0,3.0,"""51d87eb77eb219d1e74b5faeb5689e75""",29720949
NYC,2026-09-12,KNYC,2026-09-12T12:00:00+00:00,True,2026-09-12T14:00:00+00:00,2026-09-12T13:00:00+00:00,60.0,200,2026-09-12T13:41:46+00:00,101.76666666666667,18.233333333333334,True,False,78.0,2.0,"""51d87eb77eb219d1e74b5faeb5689e75""",29720949
Chicago,2026-09-13,KMDW,2026-09-13T12:00:00+00:00,True,2026-09-13T15:00:00+00:00,2026-09-13T13:00:00+00:00,120.0,200,2026-09-13T13:34:06+00:00,94.1,85.9,True,False,75.0,2.0,"""9b5f64c5b7696efde079957cf664f760""",29720949
Denver,2026-09-13,KDEN,2026-09-13T12:00:00+00:00,True,2026-09-13T16:00:00+00:00,2026-09-13T13:00:00+00:00,180.0,200,2026-09-13T13:34:06+00:00,94.1,145.9,True,False,93.0,2.0,"""9b5f64c5b7696efde079957cf664f760""",29720949
NYC,2026-09-13,KNYC,2026-09-13T12:00:00+00:00,True,2026-09-13T14:00:00+00:00,2026-09-13T13:00:00+00:00,60.0,200,2026-09-13T13:34:06+00:00,94.1,25.9,True,False,80.0,3.0,"""9b5f64c5b7696efde079957cf664f760""",29720949
Chicago,2026-09-14,KMDW,2026-09-14T12:00:00+00:00,True,2026-09-14T15:00:00+00:00,2026-09-14T13:00:00+00:00,120.0,200,2026-09-14T13:38:03+00:00,98.05,81.95,True,False,75.0,2.0,"""c1b17c0cf0565d6e2ac33569ad944a71""",29720949
Denver,2026-09-14,KDEN,2026-09-14T12:00:00+00:00,True,2026-09-14T16:00:00+00:00,2026-09-14T13:00:00+00:00,180.0,200,2026-09-14T13:38:03+00:00,98.05,141.95,True,False,89.0,2.0,"""c1b17c0cf0565d6e2ac33569ad944a71""",29720949
NYC,2026-09-14,KNYC,2026-09-14T12:00:00+00:00,True,2026-09-14T14:00:00+00:00,2026-09-14T13:00:00+00:00,60.0,200,2026-09-14T13:38:03+00:00,98.05,21.95,True,False,74.0,2.0,"""c1b17c0cf0565d6e2ac33569ad944a71""",29720949
Chicago,2026-09-15,KMDW,2026-09-15T12:00:00+00:00,True,2026-09-15T15:00:00+00:00,2026-09-15T13:00:00+00:00,120.0,200,2026-09-15T13:40:31+00:00,100.51666666666667,79.48333333333333,True,False,86.0,3.0,"""64161154931a5803a50aee27f38554e3""",29720949
Denver,2026-09-15,KDEN,2026-09-15T12:00:00+00:00,True,2026-09-15T16:00:00+00:00,2026-09-15T13:00:00+00:00,180.0,200,2026-09-15T13:40:31+00:00,100.51666666666667,139.48333333333332,True,False,75.0,3.0,"""64161154931a5803a50aee27f38554e3""",29720949
NYC,2026-09-15,KNYC,2026-09-15T12:00:00+00:00,True,2026-09-15T14:00:00+00:00,2026-09-15T13:00:00+00:00,60.0,200,2026-09-15T13:40:31+00:00,100.51666666666667,19.483333333333334,True,False,72.0,2.0,"""64161154931a5803a50aee27f38554e3""",29720949
Chicago,2026-09-16,KMDW,2026-09-16T12:00:00+00:00,True,2026-09-16T15:00:00+00:00,2026-09-16T13:00:00+00:00,120.0,200,2026-09-16T13:25:15+00:00,85.25,94.75,True,False,76.0,2.0,"""9c3da26468b97013893189b2f6005325""",29720949
Denver,2026-09-16,KDEN,2026-09-16T12:00:00+00:00,True,2026-09-16T16:00:00+00:00,2026-09-16T13:00:00+00:00,180.0,200,2026-09-16T13:25:15+00:00,85.25,154.75,True,False,83.0,3.0,"""9c3da26468b97013893189b2f6005325""",29720949
NYC,2026-09-16,KNYC,2026-09-16T12:00:00+00:00,True,2026-09-16T14:00:00+00:00,2026-09-16T13:00:00+00:00,60.0,200,2026-09-16T13:25:15+00:00,85.25,34.75,True,False,79.0,2.0,"""9c3da26468b97013893189b2f6005325""",29720949
Chicago,2026-09-17,KMDW,2026-09-17T12:00:00+00:00,True,2026-09-17T15:00:00+00:00,2026-09-17T13:00:00+00:00,120.0,200,2026-09-17T13:33:20+00:00,93.33333333333333,86.66666666666667,True,False,78.0,3.0,"""d386759e5868ebfa870e3c15a3457291""",29720949
Denver,2026-09-17,KDEN,2026-09-17T12:00:00+00:00,True,2026-09-17T16:00:00+00:00,2026-09-17T13:00:00+00:00,180.0,200,2026-09-17T13:33:20+00:00,93.33333333333333,146.66666666666666,True,False,84.0,3.0,"""d386759e5868ebfa870e3c15a3457291""",29720949
NYC,2026-09-17,KNYC,2026-09-17T12:00:00+00:00,True,2026-09-17T14:00:00+00:00,2026-09-17T13:00:00+00:00,60.0,200,2026-09-17T13:33:20+00:00,93.33333333333333,26.666666666666668,True,False,82.0,2.0,"""d386759e5868ebfa870e3c15a3457291""",29720949
Chicago,2026-09-18,KMDW,2026-09-18T12:00:00+00:00,True,2026-09-18T15:00:00+00:00,2026-09-18T13:00:00+00:00,120.0,200,2026-09-18T13:35:42+00:00,95.7,84.3,True,False,73.0,2.0,"""aec60e8e0f36b95f2ba357bd5dcd233a""",29720949
Denver,2026-09-18,KDEN,2026-09-18T12:00:00+00:00,True,2026-09-18T16:00:00+00:00,2026-09-18T13:00:00+00:00,180.0,200,2026-09-18T13:35:42+00:00,95.7,144.3,True,False,86.0,2.0,"""aec60e8e0f36b95f2ba357bd5dcd233a""",29720949
NYC,2026-09-18,KNYC,2026-09-18T12:00:00+00:00,True,2026-09-18T14:00:00+00:00,2026-09-18T13:00:00+00:00,60.0,200,2026-09-18T13:35:42+00:00,95.7,24.3,True,False,81.0,1.0,"""aec60e8e0f36b95f2ba357bd5dcd233a""",29720949
Chicago,2026-09-19,KMDW,2026-09-19T12:00:00+00:00,True,2026-09-19T15:00:00+00:00,2026-09-19T13:00:00+00:00,120.0,200,2026-09-19T13:21:07+00:00,81.11666666666666,98.88333333333334,True,False,77.0,5.0,"""50d89cd70bfb6f83742c1e744111d6a6""",29720949
Denver,2026-09-19,KDEN,2026-09-19T12:00:00+00:00,True,2026-09-19T16:00:00+00:00,2026-09-19T13:00:00+00:00,180.0,200,2026-09-19T13:21:07+00:00,81.11666666666666,158.88333333333333,True,False,77.0,2.0,"""50d89cd70bfb6f83742c1e744111d6a6""",29720949
NYC,2026-09-19,KNYC,2026-09-19T12:00:00+00:00,True,2026-09-19T14:00:00+00:00,2026-09-19T13:00:00+00:00,60.0,200,2026-09-19T13:21:07+00:00,81.11666666666666,38.88333333333333,True,False,71.0,3.0,"""50d89cd70bfb6f83742c1e744111d6a6""",29720949
Chicago,2026-09-20,KMDW,2026-09-20T12:00:00+00:00,True,2026-09-20T15:00:00+00:00,2026-09-20T13:00:00+00:00,120.0,200,2026-09-20T13:25:06+00:00,85.1,94.9,True,False,70.0,2.0,"""c2e350f66b9a37cc60c494fed2a5ba5a""",29720949
Denver,2026-09-20,KDEN,2026-09-20T12:00:00+00:00,True,2026-09-20T16:00:00+00:00,2026-09-20T13:00:00+00:00,180.0,200,2026-09-20T13:25:06+00:00,85.1,154.9,True,False,73.0,3.0,"""c2e350f66b9a37cc60c494fed2a5ba5a""",29720949
NYC,2026-09-20,KNYC,2026-09-20T12:00:00+00:00,True,2026-09-20T14:00:00+00:00,2026-09-20T13:00:00+00:00,60.0,200,2026-09-20T13:25:06+00:00,85.1,34.9,True,False,71.0,3.0,"""c2e350f66b9a37cc60c494fed2a5ba5a""",29720949
Chicago,2026-09-21,KMDW,2026-09-21T12:00:00+00:00,True,2026-09-21T15:00:00+00:00,2026-09-21T13:00:00+00:00,120.0,200,2026-09-21T13:24:06+00:00,84.1,95.9,True,False,65.0,2.0,"""7d339730db1e36882e04808123b912ea""",29720949
Denver,2026-09-21,KDEN,2026-09-21T12:00:00+00:00,True,2026-09-21T16:00:00+00:00,2026-09-21T13:00:00+00:00,180.0,200,2026-09-21T13:24:06+00:00,84.1,155.9,True,False,75.0,2.0,"""7d339730db1e36882e04808123b912ea""",29720949
NYC,2026-09-21,KNYC,2026-09-21T12:00:00+00:00,True,2026-09-21T14:00:00+00:00,2026-09-21T13:00:00+00:00,60.0,200,2026-09-21T13:24:06+00:00,84.1,35.9,True,False,73.0,2.0,"""7d339730db1e36882e04808123b912ea""",29720949
Chicago,2026-09-22,KMDW,2026-09-22T12:00:00+00:00,True,2026-09-22T15:00:00+00:00,2026-09-22T13:00:00+00:00,120.0,200,2026-09-22T13:31:54+00:00,91.9,88.1,True,False,65.0,2.0,"""590f10b7684d9b616fd62beede3654bc""",29720949
Denver,2026-09-22,KDEN,2026-09-22T12:00:00+00:00,True,2026-09-22T16:00:00+00:00,2026-09-22T13:00:00+00:00,180.0,200,2026-09-22T13:31:54+00:00,91.9,148.1,True,False,84.0,2.0,"""590f10b7684d9b616fd62beede3654bc""",29720949
NYC,2026-09-22,KNYC,2026-09-22T12:00:00+00:00,True,2026-09-22T14:00:00+00:00,2026-09-22T13:00:00+00:00,60.0,200,2026-09-22T13:31:54+00:00,91.9,28.1,True,False,67.0,3.0,"""590f10b7684d9b616fd62beede3654bc""",29720949
Chicago,2026-09-23,KMDW,2026-09-23T12:00:00+00:00,True,2026-09-23T15:00:00+00:00,2026-09-23T13:00:00+00:00,120.0,200,2026-09-23T13:35:02+00:00,95.03333333333333,84.96666666666667,True,False,68.0,3.0,"""4d4c901ef11defdcdc3be75ee3076555""",29720949
Denver,2026-09-23,KDEN,2026-09-23T12:00:00+00:00,True,2026-09-23T16:00:00+00:00,2026-09-23T13:00:00+00:00,180.0,200,2026-09-23T13:35:02+00:00,95.03333333333333,144.96666666666667,True,False,80.0,2.0,"""4d4c901ef11defdcdc3be75ee3076555""",29720949
NYC,2026-09-23,KNYC,2026-09-23T12:00:00+00:00,True,2026-09-23T14:00:00+00:00,2026-09-23T13:00:00+00:00,60.0,200,2026-09-23T13:35:02+00:00,95.03333333333333,24.966666666666665,True,False,69.0,2.0,"""4d4c901ef11defdcdc3be75ee3076555""",29720949
Chicago,2026-09-24,KMDW,2026-09-24T12:00:00+00:00,True,2026-09-24T15:00:00+00:00,2026-09-24T13:00:00+00:00,120.0,200,2026-09-24T16:10:11+00:00,250.18333333333334,-70.18333333333334,False,True,72.0,1.0,"""ad6c61ce9a7158bc3a614e9ae24f591f""",29720949
Denver,2026-09-24,KDEN,2026-09-24T12:00:00+00:00,True,2026-09-24T16:00:00+00:00,2026-09-24T13:00:00+00:00,180.0,200,2026-09-24T16:10:11+00:00,250.18333333333334,-10.183333333333334,False,True,75.0,3.0,"""ad6c61ce9a7158bc3a614e9ae24f591f""",29720949
NYC,2026-09-24,KNYC,2026-09-24T12:00:00+00:00,True,2026-09-24T14:00:00+00:00,2026-09-24T13:00:00+00:00,60.0,200,2026-09-24T16:10:11+00:00,250.18333333333334,-130.18333333333334,False,True,69.0,2.0,"""ad6c61ce9a7158bc3a614e9ae24f591f""",29720949
Chicago,2026-09-25,KMDW,2026-09-25T12:00:00+00:00,True,2026-09-25T15:00:00+00:00,2026-09-25T13:00:00+00:00,120.0,200,2026-09-25T13:17:46+00:00,77.76666666666667,102.23333333333333,True,False,68.0,1.0,"""ad1ac9e2c713978fc0113dffaf01fc6b""",29720949
Denver,2026-09-25,KDEN,2026-09-25T12:00:00+00:00,True,2026-09-25T16:00:00+00:00,2026-09-25T13:00:00+00:00,180.0,200,2026-09-25T13:17:46+00:00,77.76666666666667,162.23333333333332,True,False,76.0,2.0,"""ad1ac9e2c713978fc0113dffaf01fc6b""",29720949
NYC,2026-09-25,KNYC,2026-09-25T12:00:00+00:00,True,2026-09-25T14:00:00+00:00,2026-09-25T13:00:00+00:00,60.0,200,2026-09-25T13:17:46+00:00,77.76666666666667,42.233333333333334,True,False,72.0,2.0,"""ad1ac9e2c713978fc0113dffaf01fc6b""",29720949
Chicago,2026-09-26,KMDW,2026-09-26T12:00:00+00:00,True,2026-09-26T15:00:00+00:00,2026-09-26T13:00:00+00:00,120.0,200,2026-09-26T13:42:51+00:00,102.85,77.15,True,False,69.0,2.0,"""a1901c98c68677976b7a94ad9c10ee43""",29720949
Denver,2026-09-26,KDEN,2026-09-26T12:00:00+00:00,True,2026-09-26T16:00:00+00:00,2026-09-26T13:00:00+00:00,180.0,200,2026-09-26T13:42:51+00:00,102.85,137.15,True,False,83.0,1.0,"""a1901c98c68677976b7a94ad9c10ee43""",29720949
NYC,2026-09-26,KNYC,2026-09-26T12:00:00+00:00,True,2026-09-26T14:00:00+00:00,2026-09-26T13:00:00+00:00,60.0,200,2026-09-26T13:42:51+00:00,102.85,17.15,True,False,63.0,4.0,"""a1901c98c68677976b7a94ad9c10ee43""",29720949
Chicago,2026-09-27,KMDW,2026-09-27T12:00:00+00:00,True,2026-09-27T15:00:00+00:00,2026-09-27T13:00:00+00:00,120.0,200,2026-09-27T13:29:36+00:00,89.6,90.4,True,False,70.0,1.0,"""8ef91d2791d67ee18a31ee2745aefa7d""",29720949
Denver,2026-09-27,KDEN,2026-09-27T12:00:00+00:00,True,2026-09-27T16:00:00+00:00,2026-09-27T13:00:00+00:00,180.0,200,2026-09-27T13:29:36+00:00,89.6,150.4,True,False,84.0,2.0,"""8ef91d2791d67ee18a31ee2745aefa7d""",29720949
NYC,2026-09-27,KNYC,2026-09-27T12:00:00+00:00,True,2026-09-27T14:00:00+00:00,2026-09-27T13:00:00+00:00,60.0,200,2026-09-27T13:29:36+00:00,89.6,30.4,True,False,68.0,2.0,"""8ef91d2791d67ee18a31ee2745aefa7d""",29720949
Chicago,2026-09-28,KMDW,2026-09-28T12:00:00+00:00,True,2026-09-28T15:00:00+00:00,2026-09-28T13:00:00+00:00,120.0,200,2026-09-28T13:28:51+00:00,88.85,91.15,True,False,73.0,1.0,"""a196aec87dd959d0f2c8d77fa04f51ee""",29720949
Denver,2026-09-28,KDEN,2026-09-28T12:00:00+00:00,True,2026-09-28T16:00:00+00:00,2026-09-28T13:00:00+00:00,180.0,200,2026-09-28T13:28:51+00:00,88.85,151.15,True,False,77.0,3.0,"""a196aec87dd959d0f2c8d77fa04f51ee""",29720949
NYC,2026-09-28,KNYC,2026-09-28T12:00:00+00:00,True,2026-09-28T14:00:00+00:00,2026-09-28T13:00:00+00:00,60.0,200,2026-09-28T13:28:51+00:00,88.85,31.15,True,False,65.0,2.0,"""a196aec87dd959d0f2c8d77fa04f51ee""",29720949
