city,event_date_local,station,decision_time_utc,cycle_time_utc,noaa_http_status,noaa_last_modified_utc,publication_margin_minutes,iem_http_status,target_rows,txn,xnd,eligible
NYC,2026-08-31,KNYC,2026-08-31 14:00:00+00:00,2026-08-30 18:00:00+00:00,200,2026-08-30 18:56:31+00:00,1143.4833333333333,200,1,81.0,2.0,True
NYC,2026-08-31,KNYC,2026-08-31 14:00:00+00:00,2026-08-31 00:00:00+00:00,200,2026-08-31 01:19:00+00:00,761.0,200,1,81.0,2.0,True
NYC,2026-08-31,KNYC,2026-08-31 14:00:00+00:00,2026-08-31 06:00:00+00:00,200,2026-08-31 06:49:06+00:00,430.9,200,1,79.0,3.0,True
NYC,2026-08-31,KNYC,2026-08-31 14:00:00+00:00,2026-08-31 12:00:00+00:00,200,2026-08-31 14:08:38+00:00,-8.633333333333333,200,1,78.0,4.0,False
NYC,2026-09-24,KNYC,2026-09-24 14:00:00+00:00,2026-09-23 18:00:00+00:00,200,2026-09-23 18:55:41+00:00,1144.3166666666666,200,1,68.0,3.0,True
NYC,2026-09-24,KNYC,2026-09-24 14:00:00+00:00,2026-09-24 00:00:00+00:00,200,2026-09-24 14:17:12+00:00,-17.2,200,1,69.0,2.0,False
NYC,2026-09-24,KNYC,2026-09-24 14:00:00+00:00,2026-09-24 06:00:00+00:00,200,2026-09-24 15:31:56+00:00,-91.93333333333334,200,1,68.0,3.0,False
NYC,2026-09-24,KNYC,2026-09-24 14:00:00+00:00,2026-09-24 12:00:00+00:00,200,2026-09-24 16:10:11+00:00,-130.18333333333334,200,1,69.0,2.0,False
Chicago,2026-09-24,KMDW,2026-09-24 15:00:00+00:00,2026-09-23 18:00:00+00:00,200,2026-09-23 18:55:41+00:00,1204.3166666666666,200,1,69.0,2.0,True
Chicago,2026-09-24,KMDW,2026-09-24 15:00:00+00:00,2026-09-24 00:00:00+00:00,200,2026-09-24 14:17:12+00:00,42.8,200,1,69.0,2.0,True
Chicago,2026-09-24,KMDW,2026-09-24 15:00:00+00:00,2026-09-24 06:00:00+00:00,200,2026-09-24 15:31:56+00:00,-31.933333333333334,200,1,69.0,2.0,False
Chicago,2026-09-24,KMDW,2026-09-24 15:00:00+00:00,2026-09-24 12:00:00+00:00,200,2026-09-24 16:10:11+00:00,-70.18333333333334,200,1,72.0,1.0,False
Denver,2026-09-24,KDEN,2026-09-24 16:00:00+00:00,2026-09-23 18:00:00+00:00,200,2026-09-23 18:55:41+00:00,1264.3166666666666,200,1,69.0,5.0,True
Denver,2026-09-24,KDEN,2026-09-24 16:00:00+00:00,2026-09-24 00:00:00+00:00,200,2026-09-24 14:17:12+00:00,102.8,200,1,71.0,4.0,True
Denver,2026-09-24,KDEN,2026-09-24 16:00:00+00:00,2026-09-24 06:00:00+00:00,200,2026-09-24 15:31:56+00:00,28.066666666666666,200,1,72.0,4.0,True
Denver,2026-09-24,KDEN,2026-09-24 16:00:00+00:00,2026-09-24 12:00:00+00:00,200,2026-09-24 16:10:11+00:00,-10.183333333333334,200,1,75.0,3.0,False
