city,event_date_local,station_used,expected_station,model_cycle_time_utc,expected_latest_cycle_utc,assumed_available_at_utc,expected_available_at_utc,decision_time_utc,expected_decision_time_utc,availability_margin_minutes,available_at_decision,latest_eligible_cycle,future_cycle_violation,unavailable_at_decision_violation,future_substitution,nearest_cycle_substitution,missing_replaced_with_later_forecast,decision_time_match,station_match,txn_available,xnd_available,weather_processed_row_exists,weather_processed_value_match,raw_file_exists,raw_wrapper_match,raw_target_match_count,raw_txn_xnd_match,raw_api_runtime_available,raw_api_runtime_match,missing_reason,exclusion_reason
Chicago,2026-08-14,KMDW,KMDW,2026-08-14T12:00:00+00:00,2026-08-14T12:00:00+00:00,2026-08-14T13:00:00+00:00,2026-08-14T13:00:00+00:00,2026-08-14T15:00:00+00:00,2026-08-14T15:00:00+00:00,120.0,True,True,False,False,False,False,False,True,True,True,True,True,True,True,True,1,True,True,True,,
Denver,2026-08-14,KDEN,KDEN,2026-08-14T12:00:00+00:00,2026-08-14T12:00:00+00:00,2026-08-14T13:00:00+00:00,2026-08-14T13:00:00+00:00,2026-08-14T16:00:00+00:00,2026-08-14T16:00:00+00:00,180.0,True,True,False,False,False,False,False,True,True,True,True,True,True,True,True,1,True,True,True,,
NYC,2026-08-14,KNYC,KNYC,2026-08-14T12:00:00+00:00,2026-08-14T12:00:00+00:00,2026-08-14T13:00:00+00:00,2026-08-14T13:00:00+00:00,2026-08-14T14:00:00+00:00,2026-08-14T14:00:00+00:00,60.0,True,True,False,False,False,False,False,True,True,True,True,True,True,True,True,1,True,True,True,,
Chicago,2026-08-15,KMDW,KMDW,2026-08-15T12:00:00+00:00,2026-08-15T12:00:00+00:00,2026-08-15T13:00:00+00:00,2026-08-15T13:00:00+00:00,2026-08-15T15:00:00+00:00,2026-08-15T15:00:00+00:00,120.0,True,True,False,False,False,False,False,True,True,True,True,True,True,True,True,1,True,True,True,,
Denver,2026-08-15,KDEN,KDEN,2026-08-15T12:00:00+00:00,2026-08-15T12:00:00+00:00,2026-08-15T13:00:00+00:00,2026-08-15T13:00:00+00:00,2026-08-15T16:00:00+00:00,2026-08-15T16:00:00+00:00,180.0,True,True,False,False,False,False,False,True,True,True,True,True,True,True,True,1,True,True,True,,
NYC,2026-08-15,KNYC,KNYC,2026-08-15T12:00:00+00:00,2026-08-15T12:00:00+00:00,2026-08-15T13:00:00+00:00,2026-08-15T13:00:00+00:00,2026-08-15T14:00:00+00:00,2026-08-15T14:00:00+00:00,60.0,True,True,False,False,False,False,False,True,True,True,True,True,True,True,True,1,True,True,True,,
Chicago,2026-08-16,KMDW,KMDW,2026-08-16T12:00:00+00:00,2026-08-16T12:00:00+00:00,2026-08-16T13:00:00+00:00,2026-08-16T13:00:00+00:00,2026-08-16T15:00:00+00:00,2026-08-16T15:00:00+00:00,120.0,True,True,False,False,False,False,False,True,True,True,True,True,True,True,True,1,True,True,True,,
Denver,2026-08-16,KDEN,KDEN,2026-08-16T12:00:00+00:00,2026-08-16T12:00:00+00:00,2026-08-16T13:00:00+00:00,2026-08-16T13:00:00+00:00,2026-08-16T16:00:00+00:00,2026-08-16T16:00:00+00:00,180.0,True,True,False,False,False,False,False,True,True,True,True,True,True,True,True,1,True,True,True,,
NYC,2026-08-16,KNYC,KNYC,2026-08-16T12:00:00+00:00,2026-08-16T12:00:00+00:00,2026-08-16T13:00:00+00:00,2026-08-16T13:00:00+00:00,2026-08-16T14:00:00+00:00,2026-08-16T14:00:00+00:00,60.0,True,True,False,False,False,False,False,True,True,True,True,True,True,True,True,1,True,True,True,,
Chicago,2026-08-17,KMDW,KMDW,2026-08-17T12:00:00+00:00,2026-08-17T12:00:00+00:00,2026-08-17T13:00:00+00:00,2026-08-17T13:00:00+00:00,2026-08-17T15:00:00+00:00,2026-08-17T15:00:00+00:00,120.0,True,True,False,False,False,False,False,True,True,True,True,True,True,True,True,1,True,True,True,,
Denver,2026-08-17,KDEN,KDEN,2026-08-17T12:00:00+00:00,2026-08-17T12:00:00+00:00,2026-08-17T13:00:00+00:00,2026-08-17T13:00:00+00:00,2026-08-17T16:00:00+00:00,2026-08-17T16:00:00+00:00,180.0,True,True,False,False,False,False,False,True,True,True,True,True,True,True,True,1,True,True,True,,
NYC,2026-08-17,KNYC,KNYC,2026-08-17T12:00:00+00:00,2026-08-17T12:00:00+00:00,2026-08-17T13:00:00+00:00,2026-08-17T13:00:00+00:00,2026-08-17T14:00:00+00:00,2026-08-17T14:00:00+00:00,60.0,True,True,False,False,False,False,False,True,True,True,True,True,True,True,True,1,True,True,True,,
Chicago,2026-08-18,KMDW,KMDW,2026-08-18T12:00:00+00:00,2026-08-18T12:00:00+00:00,2026-08-18T13:00:00+00:00,2026-08-18T13:00:00+00:00,2026-08-18T15:00:00+00:00,2026-08-18T15:00:00+00:00,120.0,True,True,False,False,False,False,False,True,True,True,True,True,True,True,True,1,True,True,True,,
Denver,2026-08-18,KDEN,KDEN,2026-08-18T12:00:00+00:00,2026-08-18T12:00:00+00:00,2026-08-18T13:00:00+00:00,2026-08-18T13:00:00+00:00,2026-08-18T16:00:00+00:00,2026-08-18T16:00:00+00:00,180.0,True,True,False,False,False,False,False,True,True,True,True,True,True,True,True,1,True,True,True,,
NYC,2026-08-18,KNYC,KNYC,2026-08-18T12:00:00+00:00,2026-08-18T12:00:00+00:00,2026-08-18T13:00:00+00:00,2026-08-18T13:00:00+00:00,2026-08-18T14:00:00+00:00,2026-08-18T14:00:00+00:00,60.0,True,True,False,False,False,False,False,True,True,True,True,True,True,True,True,1,True,True,True,,
Chicago,2026-08-19,KMDW,KMDW,2026-08-19T12:00:00+00:00,2026-08-19T12:00:00+00:00,2026-08-19T13:00:00+00:00,2026-08-19T13:00:00+00:00,2026-08-19T15:00:00+00:00,2026-08-19T15:00:00+00:00,120.0,True,True,False,False,False,False,False,True,True,True,True,True,True,True,True,1,True,True,True,,
Denver,2026-08-19,KDEN,KDEN,2026-08-19T12:00:00+00:00,2026-08-19T12:00:00+00:00,2026-08-19T13:00:00+00:00,2026-08-19T13:00:00+00:00,2026-08-19T16:00:00+00:00,2026-08-19T16:00:00+00:00,180.0,True,True,False,False,False,False,False,True,True,True,True,True,True,True,True,1,True,True,True,,
NYC,2026-08-19,KNYC,KNYC,2026-08-19T12:00:00+00:00,2026-08-19T12:00:00+00:00,2026-08-19T13:00:00+00:00,2026-08-19T13:00:00+00:00,2026-08-19T14:00:00+00:00,2026-08-19T14:00:00+00:00,60.0,True,True,False,False,False,False,False,True,True,True,True,True,True,True,True,1,True,True,True,,
Chicago,2026-08-20,KMDW,KMDW,2026-08-20T12:00:00+00:00,2026-08-20T12:00:00+00:00,2026-08-20T13:00:00+00:00,2026-08-20T13:00:00+00:00,2026-08-20T15:00:00+00:00,2026-08-20T15:00:00+00:00,120.0,True,True,False,False,False,False,False,True,True,True,True,True,True,True,True,1,True,True,True,,
Denver,2026-08-20,KDEN,KDEN,2026-08-20T12:00:00+00:00,2026-08-20T12:00:00+00:00,2026-08-20T13:00:00+00:00,2026-08-20T13:00:00+00:00,2026-08-20T16:00:00+00:00,2026-08-20T16:00:00+00:00,180.0,True,True,False,False,False,False,False,True,True,True,True,True,True,True,True,1,True,True,True,,
NYC,2026-08-20,KNYC,KNYC,2026-08-20T12:00:00+00:00,2026-08-20T12:00:00+00:00,2026-08-20T13:00:00+00:00,2026-08-20T13:00:00+00:00,2026-08-20T14:00:00+00:00,2026-08-20T14:00:00+00:00,60.0,True,True,False,False,False,False,False,True,True,True,True,True,True,True,True,1,True,True,True,,
Chicago,2026-08-21,KMDW,KMDW,2026-08-21T12:00:00+00:00,2026-08-21T12:00:00+00:00,2026-08-21T13:00:00+00:00,2026-08-21T13:00:00+00:00,2026-08-21T15:00:00+00:00,2026-08-21T15:00:00+00:00,120.0,True,True,False,False,False,False,False,True,True,True,True,True,True,True,True,1,True,True,True,,
Denver,2026-08-21,KDEN,KDEN,2026-08-21T12:00:00+00:00,2026-08-21T12:00:00+00:00,2026-08-21T13:00:00+00:00,2026-08-21T13:00:00+00:00,2026-08-21T16:00:00+00:00,2026-08-21T16:00:00+00:00,180.0,True,True,False,False,False,False,False,True,True,True,True,True,True,True,True,1,True,True,True,,
NYC,2026-08-21,KNYC,KNYC,2026-08-21T12:00:00+00:00,2026-08-21T12:00:00+00:00,2026-08-21T13:00:00+00:00,2026-08-21T13:00:00+00:00,2026-08-21T14:00:00+00:00,2026-08-21T14:00:00+00:00,60.0,True,True,False,False,False,False,False,True,True,True,True,True,True,True,True,1,True,True,True,,
Chicago,2026-08-22,KMDW,KMDW,2026-08-22T12:00:00+00:00,2026-08-22T12:00:00+00:00,2026-08-22T13:00:00+00:00,2026-08-22T13:00:00+00:00,2026-08-22T15:00:00+00:00,2026-08-22T15:00:00+00:00,120.0,True,True,False,False,False,False,False,True,True,True,True,True,True,True,True,1,True,True,True,,
Denver,2026-08-22,KDEN,KDEN,2026-08-22T12:00:00+00:00,2026-08-22T12:00:00+00:00,2026-08-22T13:00:00+00:00,2026-08-22T13:00:00+00:00,2026-08-22T16:00:00+00:00,2026-08-22T16:00:00+00:00,180.0,True,True,False,False,False,False,False,True,True,True,True,True,True,True,True,1,True,True,True,,
NYC,2026-08-22,KNYC,KNYC,2026-08-22T12:00:00+00:00,2026-08-22T12:00:00+00:00,2026-08-22T13:00:00+00:00,2026-08-22T13:00:00+00:00,2026-08-22T14:00:00+00:00,2026-08-22T14:00:00+00:00,60.0,True,True,False,False,False,False,False,True,True,True,True,True,True,True,True,1,True,True,True,,
Chicago,2026-08-23,KMDW,KMDW,2026-08-23T12:00:00+00:00,2026-08-23T12:00:00+00:00,2026-08-23T13:00:00+00:00,2026-08-23T13:00:00+00:00,2026-08-23T15:00:00+00:00,2026-08-23T15:00:00+00:00,120.0,True,True,False,False,False,False,False,True,True,True,True,True,True,True,True,1,True,True,True,,
Denver,2026-08-23,KDEN,KDEN,2026-08-23T12:00:00+00:00,2026-08-23T12:00:00+00:00,2026-08-23T13:00:00+00:00,2026-08-23T13:00:00+00:00,2026-08-23T16:00:00+00:00,2026-08-23T16:00:00+00:00,180.0,True,True,False,False,False,False,False,True,True,True,True,True,True,True,True,1,True,True,True,,
NYC,2026-08-23,KNYC,KNYC,2026-08-23T12:00:00+00:00,2026-08-23T12:00:00+00:00,2026-08-23T13:00:00+00:00,2026-08-23T13:00:00+00:00,2026-08-23T14:00:00+00:00,2026-08-23T14:00:00+00:00,60.0,True,True,False,False,False,False,False,True,True,True,True,True,True,True,True,1,True,True,True,,
Chicago,2026-08-24,KMDW,KMDW,2026-08-24T12:00:00+00:00,2026-08-24T12:00:00+00:00,2026-08-24T13:00:00+00:00,2026-08-24T13:00:00+00:00,2026-08-24T15:00:00+00:00,2026-08-24T15:00:00+00:00,120.0,True,True,False,False,False,False,False,True,True,True,True,True,True,True,True,1,True,True,True,,
Denver,2026-08-24,KDEN,KDEN,2026-08-24T12:00:00+00:00,2026-08-24T12:00:00+00:00,2026-08-24T13:00:00+00:00,2026-08-24T13:00:00+00:00,2026-08-24T16:00:00+00:00,2026-08-24T16:00:00+00:00,180.0,True,True,False,False,False,False,False,True,True,True,True,True,True,True,True,1,True,True,True,,
NYC,2026-08-24,KNYC,KNYC,2026-08-24T12:00:00+00:00,2026-08-24T12:00:00+00:00,2026-08-24T13:00:00+00:00,2026-08-24T13:00:00+00:00,2026-08-24T14:00:00+00:00,2026-08-24T14:00:00+00:00,60.0,True,True,False,False,False,False,False,True,True,True,True,True,True,True,True,1,True,True,True,,
Chicago,2026-08-25,KMDW,KMDW,2026-08-25T12:00:00+00:00,2026-08-25T12:00:00+00:00,2026-08-25T13:00:00+00:00,2026-08-25T13:00:00+00:00,2026-08-25T15:00:00+00:00,2026-08-25T15:00:00+00:00,120.0,True,True,False,False,False,False,False,True,True,True,True,True,True,True,True,1,True,True,True,,
Denver,2026-08-25,KDEN,KDEN,2026-08-25T12:00:00+00:00,2026-08-25T12:00:00+00:00,2026-08-25T13:00:00+00:00,2026-08-25T13:00:00+00:00,2026-08-25T16:00:00+00:00,2026-08-25T16:00:00+00:00,180.0,True,True,False,False,False,False,False,True,True,True,True,True,True,True,True,1,True,True,True,,
NYC,2026-08-25,KNYC,KNYC,2026-08-25T12:00:00+00:00,2026-08-25T12:00:00+00:00,2026-08-25T13:00:00+00:00,2026-08-25T13:00:00+00:00,2026-08-25T14:00:00+00:00,2026-08-25T14:00:00+00:00,60.0,True,True,False,False,False,False,False,True,True,True,True,True,True,True,True,1,True,True,True,,
Chicago,2026-08-26,KMDW,KMDW,2026-08-26T12:00:00+00:00,2026-08-26T12:00:00+00:00,2026-08-26T13:00:00+00:00,2026-08-26T13:00:00+00:00,2026-08-26T15:00:00+00:00,2026-08-26T15:00:00+00:00,120.0,True,True,False,False,False,False,False,True,True,True,True,True,True,True,True,1,True,True,True,,
Denver,2026-08-26,KDEN,KDEN,2026-08-26T12:00:00+00:00,2026-08-26T12:00:00+00:00,2026-08-26T13:00:00+00:00,2026-08-26T13:00:00+00:00,2026-08-26T16:00:00+00:00,2026-08-26T16:00:00+00:00,180.0,True,True,False,False,False,False,False,True,True,True,True,True,True,True,True,1,True,True,True,,
NYC,2026-08-26,KNYC,KNYC,2026-08-26T12:00:00+00:00,2026-08-26T12:00:00+00:00,2026-08-26T13:00:00+00:00,2026-08-26T13:00:00+00:00,2026-08-26T14:00:00+00:00,2026-08-26T14:00:00+00:00,60.0,True,True,False,False,False,False,False,True,True,True,True,True,True,True,True,1,True,True,True,,
Chicago,2026-08-27,KMDW,KMDW,2026-08-27T12:00:00+00:00,2026-08-27T12:00:00+00:00,2026-08-27T13:00:00+00:00,2026-08-27T13:00:00+00:00,2026-08-27T15:00:00+00:00,2026-08-27T15:00:00+00:00,120.0,True,True,False,False,False,False,False,True,True,True,True,True,True,True,True,1,True,True,True,,
Denver,2026-08-27,KDEN,KDEN,2026-08-27T12:00:00+00:00,2026-08-27T12:00:00+00:00,2026-08-27T13:00:00+00:00,2026-08-27T13:00:00+00:00,2026-08-27T16:00:00+00:00,2026-08-27T16:00:00+00:00,180.0,True,True,False,False,False,False,False,True,True,True,True,True,True,True,True,1,True,True,True,,
NYC,2026-08-27,KNYC,KNYC,2026-08-27T12:00:00+00:00,2026-08-27T12:00:00+00:00,2026-08-27T13:00:00+00:00,2026-08-27T13:00:00+00:00,2026-08-27T14:00:00+00:00,2026-08-27T14:00:00+00:00,60.0,True,True,False,False,False,False,False,True,True,True,True,True,True,True,True,1,True,True,True,,
Chicago,2026-08-28,KMDW,KMDW,2026-08-28T12:00:00+00:00,2026-08-28T12:00:00+00:00,2026-08-28T13:00:00+00:00,2026-08-28T13:00:00+00:00,2026-08-28T15:00:00+00:00,2026-08-28T15:00:00+00:00,120.0,True,True,False,False,False,False,False,True,True,True,True,True,True,True,True,1,True,True,True,,
Denver,2026-08-28,KDEN,KDEN,2026-08-28T12:00:00+00:00,2026-08-28T12:00:00+00:00,2026-08-28T13:00:00+00:00,2026-08-28T13:00:00+00:00,2026-08-28T16:00:00+00:00,2026-08-28T16:00:00+00:00,180.0,True,True,False,False,False,False,False,True,True,True,True,True,True,True,True,1,True,True,True,,
NYC,2026-08-28,KNYC,KNYC,2026-08-28T12:00:00+00:00,2026-08-28T12:00:00+00:00,2026-08-28T13:00:00+00:00,2026-08-28T13:00:00+00:00,2026-08-28T14:00:00+00:00,2026-08-28T14:00:00+00:00,60.0,True,True,False,False,False,False,False,True,True,True,True,True,True,True,True,1,True,True,True,,
Chicago,2026-08-29,KMDW,KMDW,2026-08-29T12:00:00+00:00,2026-08-29T12:00:00+00:00,2026-08-29T13:00:00+00:00,2026-08-29T13:00:00+00:00,2026-08-29T15:00:00+00:00,2026-08-29T15:00:00+00:00,120.0,True,True,False,False,False,False,False,True,True,True,True,True,True,True,True,1,True,True,True,,
Denver,2026-08-29,KDEN,KDEN,2026-08-29T12:00:00+00:00,2026-08-29T12:00:00+00:00,2026-08-29T13:00:00+00:00,2026-08-29T13:00:00+00:00,2026-08-29T16:00:00+00:00,2026-08-29T16:00:00+00:00,180.0,True,True,False,False,False,False,False,True,True,True,True,True,True,True,True,1,True,True,True,,
NYC,2026-08-29,KNYC,KNYC,2026-08-29T12:00:00+00:00,2026-08-29T12:00:00+00:00,2026-08-29T13:00:00+00:00,2026-08-29T13:00:00+00:00,2026-08-29T14:00:00+00:00,2026-08-29T14:00:00+00:00,60.0,True,True,False,False,False,False,False,True,True,True,True,True,True,True,True,1,True,True,True,,
Chicago,2026-08-30,KMDW,KMDW,2026-08-30T12:00:00+00:00,2026-08-30T12:00:00+00:00,2026-08-30T13:00:00+00:00,2026-08-30T13:00:00+00:00,2026-08-30T15:00:00+00:00,2026-08-30T15:00:00+00:00,120.0,True,True,False,False,False,False,False,True,True,True,True,True,True,True,True,1,True,True,True,,
Denver,2026-08-30,KDEN,KDEN,2026-08-30T12:00:00+00:00,2026-08-30T12:00:00+00:00,2026-08-30T13:00:00+00:00,2026-08-30T13:00:00+00:00,2026-08-30T16:00:00+00:00,2026-08-30T16:00:00+00:00,180.0,True,True,False,False,False,False,False,True,True,True,True,True,True,True,True,1,True,True,True,,
NYC,2026-08-30,KNYC,KNYC,2026-08-30T12:00:00+00:00,2026-08-30T12:00:00+00:00,2026-08-30T13:00:00+00:00,2026-08-30T13:00:00+00:00,2026-08-30T14:00:00+00:00,2026-08-30T14:00:00+00:00,60.0,True,True,False,False,False,False,False,True,True,True,True,True,True,True,True,1,True,True,True,,
Chicago,2026-08-31,KMDW,KMDW,2026-08-31T12:00:00+00:00,2026-08-31T12:00:00+00:00,2026-08-31T13:00:00+00:00,2026-08-31T13:00:00+00:00,2026-08-31T15:00:00+00:00,2026-08-31T15:00:00+00:00,120.0,True,True,False,False,False,False,False,True,True,True,True,True,True,True,True,1,True,True,True,,
Denver,2026-08-31,KDEN,KDEN,2026-08-31T12:00:00+00:00,2026-08-31T12:00:00+00:00,2026-08-31T13:00:00+00:00,2026-08-31T13:00:00+00:00,2026-08-31T16:00:00+00:00,2026-08-31T16:00:00+00:00,180.0,True,True,False,False,False,False,False,True,True,True,True,True,True,True,True,1,True,True,True,,
NYC,2026-08-31,KNYC,KNYC,2026-08-31T12:00:00+00:00,2026-08-31T12:00:00+00:00,2026-08-31T13:00:00+00:00,2026-08-31T13:00:00+00:00,2026-08-31T14:00:00+00:00,2026-08-31T14:00:00+00:00,60.0,True,True,False,False,False,False,False,True,True,True,True,True,True,True,True,1,True,True,True,,
Chicago,2026-09-01,KMDW,KMDW,2026-09-01T12:00:00+00:00,2026-09-01T12:00:00+00:00,2026-09-01T13:00:00+00:00,2026-09-01T13:00:00+00:00,2026-09-01T15:00:00+00:00,2026-09-01T15:00:00+00:00,120.0,True,True,False,False,False,False,False,True,True,True,True,True,True,True,True,1,True,True,True,,
Denver,2026-09-01,KDEN,KDEN,2026-09-01T12:00:00+00:00,2026-09-01T12:00:00+00:00,2026-09-01T13:00:00+00:00,2026-09-01T13:00:00+00:00,2026-09-01T16:00:00+00:00,2026-09-01T16:00:00+00:00,180.0,True,True,False,False,False,False,False,True,True,True,True,True,True,True,True,1,True,True,True,,
NYC,2026-09-01,KNYC,KNYC,2026-09-01T12:00:00+00:00,2026-09-01T12:00:00+00:00,2026-09-01T13:00:00+00:00,2026-09-01T13:00:00+00:00,2026-09-01T14:00:00+00:00,2026-09-01T14:00:00+00:00,60.0,True,True,False,False,False,False,False,True,True,True,True,True,True,True,True,1,True,True,True,,
Chicago,2026-09-02,KMDW,KMDW,2026-09-02T12:00:00+00:00,2026-09-02T12:00:00+00:00,2026-09-02T13:00:00+00:00,2026-09-02T13:00:00+00:00,2026-09-02T15:00:00+00:00,2026-09-02T15:00:00+00:00,120.0,True,True,False,False,False,False,False,True,True,True,True,True,True,True,True,1,True,True,True,,
Denver,2026-09-02,KDEN,KDEN,2026-09-02T12:00:00+00:00,2026-09-02T12:00:00+00:00,2026-09-02T13:00:00+00:00,2026-09-02T13:00:00+00:00,2026-09-02T16:00:00+00:00,2026-09-02T16:00:00+00:00,180.0,True,True,False,False,False,False,False,True,True,True,True,True,True,True,True,1,True,True,True,,
NYC,2026-09-02,KNYC,KNYC,2026-09-02T12:00:00+00:00,2026-09-02T12:00:00+00:00,2026-09-02T13:00:00+00:00,2026-09-02T13:00:00+00:00,2026-09-02T14:00:00+00:00,2026-09-02T14:00:00+00:00,60.0,True,True,False,False,False,False,False,True,True,True,True,True,True,True,True,1,True,True,True,,
Chicago,2026-09-03,KMDW,KMDW,2026-09-03T12:00:00+00:00,2026-09-03T12:00:00+00:00,2026-09-03T13:00:00+00:00,2026-09-03T13:00:00+00:00,2026-09-03T15:00:00+00:00,2026-09-03T15:00:00+00:00,120.0,True,True,False,False,False,False,False,True,True,True,True,True,True,True,True,1,True,True,True,,
Denver,2026-09-03,KDEN,KDEN,2026-09-03T12:00:00+00:00,2026-09-03T12:00:00+00:00,2026-09-03T13:00:00+00:00,2026-09-03T13:00:00+00:00,2026-09-03T16:00:00+00:00,2026-09-03T16:00:00+00:00,180.0,True,True,False,False,False,False,False,True,True,True,True,True,True,True,True,1,True,True,True,,
NYC,2026-09-03,KNYC,KNYC,2026-09-03T12:00:00+00:00,2026-09-03T12:00:00+00:00,2026-09-03T13:00:00+00:00,2026-09-03T13:00:00+00:00,2026-09-03T14:00:00+00:00,2026-09-03T14:00:00+00:00,60.0,True,True,False,False,False,False,False,True,True,True,True,True,True,True,True,1,True,True,True,,
Chicago,2026-09-04,KMDW,KMDW,2026-09-04T12:00:00+00:00,2026-09-04T12:00:00+00:00,2026-09-04T13:00:00+00:00,2026-09-04T13:00:00+00:00,2026-09-04T15:00:00+00:00,2026-09-04T15:00:00+00:00,120.0,True,True,False,False,False,False,False,True,True,True,True,True,True,True,True,1,True,True,True,,
Denver,2026-09-04,KDEN,KDEN,2026-09-04T12:00:00+00:00,2026-09-04T12:00:00+00:00,2026-09-04T13:00:00+00:00,2026-09-04T13:00:00+00:00,2026-09-04T16:00:00+00:00,2026-09-04T16:00:00+00:00,180.0,True,True,False,False,False,False,False,True,True,True,True,True,True,True,True,1,True,True,True,,
NYC,2026-09-04,KNYC,KNYC,2026-09-04T12:00:00+00:00,2026-09-04T12:00:00+00:00,2026-09-04T13:00:00+00:00,2026-09-04T13:00:00+00:00,2026-09-04T14:00:00+00:00,2026-09-04T14:00:00+00:00,60.0,True,True,False,False,False,False,False,True,True,True,True,True,True,True,True,1,True,True,True,,
Chicago,2026-09-05,KMDW,KMDW,2026-09-05T12:00:00+00:00,2026-09-05T12:00:00+00:00,2026-09-05T13:00:00+00:00,2026-09-05T13:00:00+00:00,2026-09-05T15:00:00+00:00,2026-09-05T15:00:00+00:00,120.0,True,True,False,False,False,False,False,True,True,True,True,True,True,True,True,1,True,True,True,,
Denver,2026-09-05,KDEN,KDEN,2026-09-05T12:00:00+00:00,2026-09-05T12:00:00+00:00,2026-09-05T13:00:00+00:00,2026-09-05T13:00:00+00:00,2026-09-05T16:00:00+00:00,2026-09-05T16:00:00+00:00,180.0,True,True,False,False,False,False,False,True,True,True,True,True,True,True,True,1,True,True,True,,
NYC,2026-09-05,KNYC,KNYC,2026-09-05T12:00:00+00:00,2026-09-05T12:00:00+00:00,2026-09-05T13:00:00+00:00,2026-09-05T13:00:00+00:00,2026-09-05T14:00:00+00:00,2026-09-05T14:00:00+00:00,60.0,True,True,False,False,False,False,False,True,True,True,True,True,True,True,True,1,True,True,True,,
Chicago,2026-09-06,KMDW,KMDW,2026-09-06T12:00:00+00:00,2026-09-06T12:00:00+00:00,2026-09-06T13:00:00+00:00,2026-09-06T13:00:00+00:00,2026-09-06T15:00:00+00:00,2026-09-06T15:00:00+00:00,120.0,True,True,False,False,False,False,False,True,True,True,True,True,True,True,True,1,True,True,True,,
Denver,2026-09-06,KDEN,KDEN,2026-09-06T12:00:00+00:00,2026-09-06T12:00:00+00:00,2026-09-06T13:00:00+00:00,2026-09-06T13:00:00+00:00,2026-09-06T16:00:00+00:00,2026-09-06T16:00:00+00:00,180.0,True,True,False,False,False,False,False,True,True,True,True,True,True,True,True,1,True,True,True,,
NYC,2026-09-06,KNYC,KNYC,2026-09-06T12:00:00+00:00,2026-09-06T12:00:00+00:00,2026-09-06T13:00:00+00:00,2026-09-06T13:00:00+00:00,2026-09-06T14:00:00+00:00,2026-09-06T14:00:00+00:00,60.0,True,True,False,False,False,False,False,True,True,True,True,True,True,True,True,1,True,True,True,,
Chicago,2026-09-07,KMDW,KMDW,2026-09-07T12:00:00+00:00,2026-09-07T12:00:00+00:00,2026-09-07T13:00:00+00:00,2026-09-07T13:00:00+00:00,2026-09-07T15:00:00+00:00,2026-09-07T15:00:00+00:00,120.0,True,True,False,False,False,False,False,True,True,True,True,True,True,True,True,1,True,True,True,,
Denver,2026-09-07,KDEN,KDEN,2026-09-07T12:00:00+00:00,2026-09-07T12:00:00+00:00,2026-09-07T13:00:00+00:00,2026-09-07T13:00:00+00:00,2026-09-07T16:00:00+00:00,2026-09-07T16:00:00+00:00,180.0,True,True,False,False,False,False,False,True,True,True,True,True,True,True,True,1,True,True,True,,
NYC,2026-09-07,KNYC,KNYC,2026-09-07T12:00:00+00:00,2026-09-07T12:00:00+00:00,2026-09-07T13:00:00+00:00,2026-09-07T13:00:00+00:00,2026-09-07T14:00:00+00:00,2026-09-07T14:00:00+00:00,60.0,True,True,False,False,False,False,False,True,True,True,True,True,True,True,True,1,True,True,True,,
Chicago,2026-09-08,KMDW,KMDW,2026-09-08T12:00:00+00:00,2026-09-08T12:00:00+00:00,2026-09-08T13:00:00+00:00,2026-09-08T13:00:00+00:00,2026-09-08T15:00:00+00:00,2026-09-08T15:00:00+00:00,120.0,True,True,False,False,False,False,False,True,True,True,True,True,True,True,True,1,True,True,True,,
Denver,2026-09-08,KDEN,KDEN,2026-09-08T12:00:00+00:00,2026-09-08T12:00:00+00:00,2026-09-08T13:00:00+00:00,2026-09-08T13:00:00+00:00,2026-09-08T16:00:00+00:00,2026-09-08T16:00:00+00:00,180.0,True,True,False,False,False,False,False,True,True,True,True,True,True,True,True,1,True,True,True,,
NYC,2026-09-08,KNYC,KNYC,2026-09-08T12:00:00+00:00,2026-09-08T12:00:00+00:00,2026-09-08T13:00:00+00:00,2026-09-08T13:00:00+00:00,2026-09-08T14:00:00+00:00,2026-09-08T14:00:00+00:00,60.0,True,True,False,False,False,False,False,True,True,True,True,True,True,True,True,1,True,True,True,,
Chicago,2026-09-09,KMDW,KMDW,2026-09-09T12:00:00+00:00,2026-09-09T12:00:00+00:00,2026-09-09T13:00:00+00:00,2026-09-09T13:00:00+00:00,2026-09-09T15:00:00+00:00,2026-09-09T15:00:00+00:00,120.0,True,True,False,False,False,False,False,True,True,True,True,True,True,True,True,1,True,True,True,,
Denver,2026-09-09,KDEN,KDEN,2026-09-09T12:00:00+00:00,2026-09-09T12:00:00+00:00,2026-09-09T13:00:00+00:00,2026-09-09T13:00:00+00:00,2026-09-09T16:00:00+00:00,2026-09-09T16:00:00+00:00,180.0,True,True,False,False,False,False,False,True,True,True,True,True,True,True,True,1,True,True,True,,
NYC,2026-09-09,KNYC,KNYC,2026-09-09T12:00:00+00:00,2026-09-09T12:00:00+00:00,2026-09-09T13:00:00+00:00,2026-09-09T13:00:00+00:00,2026-09-09T14:00:00+00:00,2026-09-09T14:00:00+00:00,60.0,True,True,False,False,False,False,False,True,True,True,True,True,True,True,True,1,True,True,True,,
Chicago,2026-09-10,KMDW,KMDW,2026-09-10T12:00:00+00:00,2026-09-10T12:00:00+00:00,2026-09-10T13:00:00+00:00,2026-09-10T13:00:00+00:00,2026-09-10T15:00:00+00:00,2026-09-10T15:00:00+00:00,120.0,True,True,False,False,False,False,False,True,True,True,True,True,True,True,True,1,True,True,True,,
Denver,2026-09-10,KDEN,KDEN,2026-09-10T12:00:00+00:00,2026-09-10T12:00:00+00:00,2026-09-10T13:00:00+00:00,2026-09-10T13:00:00+00:00,2026-09-10T16:00:00+00:00,2026-09-10T16:00:00+00:00,180.0,True,True,False,False,False,False,False,True,True,True,True,True,True,True,True,1,True,True,True,,
NYC,2026-09-10,KNYC,KNYC,2026-09-10T12:00:00+00:00,2026-09-10T12:00:00+00:00,2026-09-10T13:00:00+00:00,2026-09-10T13:00:00+00:00,2026-09-10T14:00:00+00:00,2026-09-10T14:00:00+00:00,60.0,True,True,False,False,False,False,False,True,True,True,True,True,True,True,True,1,True,True,True,,
Chicago,2026-09-11,KMDW,KMDW,2026-09-11T12:00:00+00:00,2026-09-11T12:00:00+00:00,2026-09-11T13:00:00+00:00,2026-09-11T13:00:00+00:00,2026-09-11T15:00:00+00:00,2026-09-11T15:00:00+00:00,120.0,True,True,False,False,False,False,False,True,True,True,True,True,True,True,True,1,True,True,True,,
Denver,2026-09-11,KDEN,KDEN,2026-09-11T12:00:00+00:00,2026-09-11T12:00:00+00:00,2026-09-11T13:00:00+00:00,2026-09-11T13:00:00+00:00,2026-09-11T16:00:00+00:00,2026-09-11T16:00:00+00:00,180.0,True,True,False,False,False,False,False,True,True,True,True,True,True,True,True,1,True,True,True,,
NYC,2026-09-11,KNYC,KNYC,2026-09-11T12:00:00+00:00,2026-09-11T12:00:00+00:00,2026-09-11T13:00:00+00:00,2026-09-11T13:00:00+00:00,2026-09-11T14:00:00+00:00,2026-09-11T14:00:00+00:00,60.0,True,True,False,False,False,False,False,True,True,True,True,True,True,True,True,1,True,True,True,,
Chicago,2026-09-12,KMDW,KMDW,2026-09-12T12:00:00+00:00,2026-09-12T12:00:00+00:00,2026-09-12T13:00:00+00:00,2026-09-12T13:00:00+00:00,2026-09-12T15:00:00+00:00,2026-09-12T15:00:00+00:00,120.0,True,True,False,False,False,False,False,True,True,True,True,True,True,True,True,1,True,True,True,,
Denver,2026-09-12,KDEN,KDEN,2026-09-12T12:00:00+00:00,2026-09-12T12:00:00+00:00,2026-09-12T13:00:00+00:00,2026-09-12T13:00:00+00:00,2026-09-12T16:00:00+00:00,2026-09-12T16:00:00+00:00,180.0,True,True,False,False,False,False,False,True,True,True,True,True,True,True,True,1,True,True,True,,
NYC,2026-09-12,KNYC,KNYC,2026-09-12T12:00:00+00:00,2026-09-12T12:00:00+00:00,2026-09-12T13:00:00+00:00,2026-09-12T13:00:00+00:00,2026-09-12T14:00:00+00:00,2026-09-12T14:00:00+00:00,60.0,True,True,False,False,False,False,False,True,True,True,True,True,True,True,True,1,True,True,True,,
Chicago,2026-09-13,KMDW,KMDW,2026-09-13T12:00:00+00:00,2026-09-13T12:00:00+00:00,2026-09-13T13:00:00+00:00,2026-09-13T13:00:00+00:00,2026-09-13T15:00:00+00:00,2026-09-13T15:00:00+00:00,120.0,True,True,False,False,False,False,False,True,True,True,True,True,True,True,True,1,True,True,True,,
Denver,2026-09-13,KDEN,KDEN,2026-09-13T12:00:00+00:00,2026-09-13T12:00:00+00:00,2026-09-13T13:00:00+00:00,2026-09-13T13:00:00+00:00,2026-09-13T16:00:00+00:00,2026-09-13T16:00:00+00:00,180.0,True,True,False,False,False,False,False,True,True,True,True,True,True,True,True,1,True,True,True,,
NYC,2026-09-13,KNYC,KNYC,2026-09-13T12:00:00+00:00,2026-09-13T12:00:00+00:00,2026-09-13T13:00:00+00:00,2026-09-13T13:00:00+00:00,2026-09-13T14:00:00+00:00,2026-09-13T14:00:00+00:00,60.0,True,True,False,False,False,False,False,True,True,True,True,True,True,True,True,1,True,True,True,,
Chicago,2026-09-14,KMDW,KMDW,2026-09-14T12:00:00+00:00,2026-09-14T12:00:00+00:00,2026-09-14T13:00:00+00:00,2026-09-14T13:00:00+00:00,2026-09-14T15:00:00+00:00,2026-09-14T15:00:00+00:00,120.0,True,True,False,False,False,False,False,True,True,True,True,True,True,True,True,1,True,True,True,,
Denver,2026-09-14,KDEN,KDEN,2026-09-14T12:00:00+00:00,2026-09-14T12:00:00+00:00,2026-09-14T13:00:00+00:00,2026-09-14T13:00:00+00:00,2026-09-14T16:00:00+00:00,2026-09-14T16:00:00+00:00,180.0,True,True,False,False,False,False,False,True,True,True,True,True,True,True,True,1,True,True,True,,
NYC,2026-09-14,KNYC,KNYC,2026-09-14T12:00:00+00:00,2026-09-14T12:00:00+00:00,2026-09-14T13:00:00+00:00,2026-09-14T13:00:00+00:00,2026-09-14T14:00:00+00:00,2026-09-14T14:00:00+00:00,60.0,True,True,False,False,False,False,False,True,True,True,True,True,True,True,True,1,True,True,True,,
Chicago,2026-09-15,KMDW,KMDW,2026-09-15T12:00:00+00:00,2026-09-15T12:00:00+00:00,2026-09-15T13:00:00+00:00,2026-09-15T13:00:00+00:00,2026-09-15T15:00:00+00:00,2026-09-15T15:00:00+00:00,120.0,True,True,False,False,False,False,False,True,True,True,True,True,True,True,True,1,True,True,True,,
Denver,2026-09-15,KDEN,KDEN,2026-09-15T12:00:00+00:00,2026-09-15T12:00:00+00:00,2026-09-15T13:00:00+00:00,2026-09-15T13:00:00+00:00,2026-09-15T16:00:00+00:00,2026-09-15T16:00:00+00:00,180.0,True,True,False,False,False,False,False,True,True,True,True,True,True,True,True,1,True,True,True,,
NYC,2026-09-15,KNYC,KNYC,2026-09-15T12:00:00+00:00,2026-09-15T12:00:00+00:00,2026-09-15T13:00:00+00:00,2026-09-15T13:00:00+00:00,2026-09-15T14:00:00+00:00,2026-09-15T14:00:00+00:00,60.0,True,True,False,False,False,False,False,True,True,True,True,True,True,True,True,1,True,True,True,,
Chicago,2026-09-16,KMDW,KMDW,2026-09-16T12:00:00+00:00,2026-09-16T12:00:00+00:00,2026-09-16T13:00:00+00:00,2026-09-16T13:00:00+00:00,2026-09-16T15:00:00+00:00,2026-09-16T15:00:00+00:00,120.0,True,True,False,False,False,False,False,True,True,True,True,True,True,True,True,1,True,True,True,,
Denver,2026-09-16,KDEN,KDEN,2026-09-16T12:00:00+00:00,2026-09-16T12:00:00+00:00,2026-09-16T13:00:00+00:00,2026-09-16T13:00:00+00:00,2026-09-16T16:00:00+00:00,2026-09-16T16:00:00+00:00,180.0,True,True,False,False,False,False,False,True,True,True,True,True,True,True,True,1,True,True,True,,
NYC,2026-09-16,KNYC,KNYC,2026-09-16T12:00:00+00:00,2026-09-16T12:00:00+00:00,2026-09-16T13:00:00+00:00,2026-09-16T13:00:00+00:00,2026-09-16T14:00:00+00:00,2026-09-16T14:00:00+00:00,60.0,True,True,False,False,False,False,False,True,True,True,True,True,True,True,True,1,True,True,True,,
Chicago,2026-09-17,KMDW,KMDW,2026-09-17T12:00:00+00:00,2026-09-17T12:00:00+00:00,2026-09-17T13:00:00+00:00,2026-09-17T13:00:00+00:00,2026-09-17T15:00:00+00:00,2026-09-17T15:00:00+00:00,120.0,True,True,False,False,False,False,False,True,True,True,True,True,True,True,True,1,True,True,True,,
Denver,2026-09-17,KDEN,KDEN,2026-09-17T12:00:00+00:00,2026-09-17T12:00:00+00:00,2026-09-17T13:00:00+00:00,2026-09-17T13:00:00+00:00,2026-09-17T16:00:00+00:00,2026-09-17T16:00:00+00:00,180.0,True,True,False,False,False,False,False,True,True,True,True,True,True,True,True,1,True,True,True,,
NYC,2026-09-17,KNYC,KNYC,2026-09-17T12:00:00+00:00,2026-09-17T12:00:00+00:00,2026-09-17T13:00:00+00:00,2026-09-17T13:00:00+00:00,2026-09-17T14:00:00+00:00,2026-09-17T14:00:00+00:00,60.0,True,True,False,False,False,False,False,True,True,True,True,True,True,True,True,1,True,True,True,,
Chicago,2026-09-18,KMDW,KMDW,2026-09-18T12:00:00+00:00,2026-09-18T12:00:00+00:00,2026-09-18T13:00:00+00:00,2026-09-18T13:00:00+00:00,2026-09-18T15:00:00+00:00,2026-09-18T15:00:00+00:00,120.0,True,True,False,False,False,False,False,True,True,True,True,True,True,True,True,1,True,True,True,,
Denver,2026-09-18,KDEN,KDEN,2026-09-18T12:00:00+00:00,2026-09-18T12:00:00+00:00,2026-09-18T13:00:00+00:00,2026-09-18T13:00:00+00:00,2026-09-18T16:00:00+00:00,2026-09-18T16:00:00+00:00,180.0,True,True,False,False,False,False,False,True,True,True,True,True,True,True,True,1,True,True,True,,
NYC,2026-09-18,KNYC,KNYC,2026-09-18T12:00:00+00:00,2026-09-18T12:00:00+00:00,2026-09-18T13:00:00+00:00,2026-09-18T13:00:00+00:00,2026-09-18T14:00:00+00:00,2026-09-18T14:00:00+00:00,60.0,True,True,False,False,False,False,False,True,True,True,True,True,True,True,True,1,True,True,True,,
Chicago,2026-09-19,KMDW,KMDW,2026-09-19T12:00:00+00:00,2026-09-19T12:00:00+00:00,2026-09-19T13:00:00+00:00,2026-09-19T13:00:00+00:00,2026-09-19T15:00:00+00:00,2026-09-19T15:00:00+00:00,120.0,True,True,False,False,False,False,False,True,True,True,True,True,True,True,True,1,True,True,True,,
Denver,2026-09-19,KDEN,KDEN,2026-09-19T12:00:00+00:00,2026-09-19T12:00:00+00:00,2026-09-19T13:00:00+00:00,2026-09-19T13:00:00+00:00,2026-09-19T16:00:00+00:00,2026-09-19T16:00:00+00:00,180.0,True,True,False,False,False,False,False,True,True,True,True,True,True,True,True,1,True,True,True,,
NYC,2026-09-19,KNYC,KNYC,2026-09-19T12:00:00+00:00,2026-09-19T12:00:00+00:00,2026-09-19T13:00:00+00:00,2026-09-19T13:00:00+00:00,2026-09-19T14:00:00+00:00,2026-09-19T14:00:00+00:00,60.0,True,True,False,False,False,False,False,True,True,True,True,True,True,True,True,1,True,True,True,,
Chicago,2026-09-20,KMDW,KMDW,2026-09-20T12:00:00+00:00,2026-09-20T12:00:00+00:00,2026-09-20T13:00:00+00:00,2026-09-20T13:00:00+00:00,2026-09-20T15:00:00+00:00,2026-09-20T15:00:00+00:00,120.0,True,True,False,False,False,False,False,True,True,True,True,True,True,True,True,1,True,True,True,,
Denver,2026-09-20,KDEN,KDEN,2026-09-20T12:00:00+00:00,2026-09-20T12:00:00+00:00,2026-09-20T13:00:00+00:00,2026-09-20T13:00:00+00:00,2026-09-20T16:00:00+00:00,2026-09-20T16:00:00+00:00,180.0,True,True,False,False,False,False,False,True,True,True,True,True,True,True,True,1,True,True,True,,
NYC,2026-09-20,KNYC,KNYC,2026-09-20T12:00:00+00:00,2026-09-20T12:00:00+00:00,2026-09-20T13:00:00+00:00,2026-09-20T13:00:00+00:00,2026-09-20T14:00:00+00:00,2026-09-20T14:00:00+00:00,60.0,True,True,False,False,False,False,False,True,True,True,True,True,True,True,True,1,True,True,True,,
Chicago,2026-09-21,KMDW,KMDW,2026-09-21T12:00:00+00:00,2026-09-21T12:00:00+00:00,2026-09-21T13:00:00+00:00,2026-09-21T13:00:00+00:00,2026-09-21T15:00:00+00:00,2026-09-21T15:00:00+00:00,120.0,True,True,False,False,False,False,False,True,True,True,True,True,True,True,True,1,True,True,True,,
Denver,2026-09-21,KDEN,KDEN,2026-09-21T12:00:00+00:00,2026-09-21T12:00:00+00:00,2026-09-21T13:00:00+00:00,2026-09-21T13:00:00+00:00,2026-09-21T16:00:00+00:00,2026-09-21T16:00:00+00:00,180.0,True,True,False,False,False,False,False,True,True,True,True,True,True,True,True,1,True,True,True,,
NYC,2026-09-21,KNYC,KNYC,2026-09-21T12:00:00+00:00,2026-09-21T12:00:00+00:00,2026-09-21T13:00:00+00:00,2026-09-21T13:00:00+00:00,2026-09-21T14:00:00+00:00,2026-09-21T14:00:00+00:00,60.0,True,True,False,False,False,False,False,True,True,True,True,True,True,True,True,1,True,True,True,,
Chicago,2026-09-22,KMDW,KMDW,2026-09-22T12:00:00+00:00,2026-09-22T12:00:00+00:00,2026-09-22T13:00:00+00:00,2026-09-22T13:00:00+00:00,2026-09-22T15:00:00+00:00,2026-09-22T15:00:00+00:00,120.0,True,True,False,False,False,False,False,True,True,True,True,True,True,True,True,1,True,True,True,,
Denver,2026-09-22,KDEN,KDEN,2026-09-22T12:00:00+00:00,2026-09-22T12:00:00+00:00,2026-09-22T13:00:00+00:00,2026-09-22T13:00:00+00:00,2026-09-22T16:00:00+00:00,2026-09-22T16:00:00+00:00,180.0,True,True,False,False,False,False,False,True,True,True,True,True,True,True,True,1,True,True,True,,
NYC,2026-09-22,KNYC,KNYC,2026-09-22T12:00:00+00:00,2026-09-22T12:00:00+00:00,2026-09-22T13:00:00+00:00,2026-09-22T13:00:00+00:00,2026-09-22T14:00:00+00:00,2026-09-22T14:00:00+00:00,60.0,True,True,False,False,False,False,False,True,True,True,True,True,True,True,True,1,True,True,True,,
Chicago,2026-09-23,KMDW,KMDW,2026-09-23T12:00:00+00:00,2026-09-23T12:00:00+00:00,2026-09-23T13:00:00+00:00,2026-09-23T13:00:00+00:00,2026-09-23T15:00:00+00:00,2026-09-23T15:00:00+00:00,120.0,True,True,False,False,False,False,False,True,True,True,True,True,True,True,True,1,True,True,True,,
Denver,2026-09-23,KDEN,KDEN,2026-09-23T12:00:00+00:00,2026-09-23T12:00:00+00:00,2026-09-23T13:00:00+00:00,2026-09-23T13:00:00+00:00,2026-09-23T16:00:00+00:00,2026-09-23T16:00:00+00:00,180.0,True,True,False,False,False,False,False,True,True,True,True,True,True,True,True,1,True,True,True,,
NYC,2026-09-23,KNYC,KNYC,2026-09-23T12:00:00+00:00,2026-09-23T12:00:00+00:00,2026-09-23T13:00:00+00:00,2026-09-23T13:00:00+00:00,2026-09-23T14:00:00+00:00,2026-09-23T14:00:00+00:00,60.0,True,True,False,False,False,False,False,True,True,True,True,True,True,True,True,1,True,True,True,,
Chicago,2026-09-24,KMDW,KMDW,2026-09-24T12:00:00+00:00,2026-09-24T12:00:00+00:00,2026-09-24T13:00:00+00:00,2026-09-24T13:00:00+00:00,2026-09-24T15:00:00+00:00,2026-09-24T15:00:00+00:00,120.0,True,True,False,False,False,False,False,True,True,True,True,True,True,True,True,1,True,True,True,,
Denver,2026-09-24,KDEN,KDEN,2026-09-24T12:00:00+00:00,2026-09-24T12:00:00+00:00,2026-09-24T13:00:00+00:00,2026-09-24T13:00:00+00:00,2026-09-24T16:00:00+00:00,2026-09-24T16:00:00+00:00,180.0,True,True,False,False,False,False,False,True,True,True,True,True,True,True,True,1,True,True,True,,
NYC,2026-09-24,KNYC,KNYC,2026-09-24T12:00:00+00:00,2026-09-24T12:00:00+00:00,2026-09-24T13:00:00+00:00,2026-09-24T13:00:00+00:00,2026-09-24T14:00:00+00:00,2026-09-24T14:00:00+00:00,60.0,True,True,False,False,False,False,False,True,True,True,True,True,True,True,True,1,True,True,True,,
Chicago,2026-09-25,KMDW,KMDW,2026-09-25T12:00:00+00:00,2026-09-25T12:00:00+00:00,2026-09-25T13:00:00+00:00,2026-09-25T13:00:00+00:00,2026-09-25T15:00:00+00:00,2026-09-25T15:00:00+00:00,120.0,True,True,False,False,False,False,False,True,True,True,True,True,True,True,True,1,True,True,True,,
Denver,2026-09-25,KDEN,KDEN,2026-09-25T12:00:00+00:00,2026-09-25T12:00:00+00:00,2026-09-25T13:00:00+00:00,2026-09-25T13:00:00+00:00,2026-09-25T16:00:00+00:00,2026-09-25T16:00:00+00:00,180.0,True,True,False,False,False,False,False,True,True,True,True,True,True,True,True,1,True,True,True,,
NYC,2026-09-25,KNYC,KNYC,2026-09-25T12:00:00+00:00,2026-09-25T12:00:00+00:00,2026-09-25T13:00:00+00:00,2026-09-25T13:00:00+00:00,2026-09-25T14:00:00+00:00,2026-09-25T14:00:00+00:00,60.0,True,True,False,False,False,False,False,True,True,True,True,True,True,True,True,1,True,True,True,,
Chicago,2026-09-26,KMDW,KMDW,2026-09-26T12:00:00+00:00,2026-09-26T12:00:00+00:00,2026-09-26T13:00:00+00:00,2026-09-26T13:00:00+00:00,2026-09-26T15:00:00+00:00,2026-09-26T15:00:00+00:00,120.0,True,True,False,False,False,False,False,True,True,True,True,True,True,True,True,1,True,True,True,,
Denver,2026-09-26,KDEN,KDEN,2026-09-26T12:00:00+00:00,2026-09-26T12:00:00+00:00,2026-09-26T13:00:00+00:00,2026-09-26T13:00:00+00:00,2026-09-26T16:00:00+00:00,2026-09-26T16:00:00+00:00,180.0,True,True,False,False,False,False,False,True,True,True,True,True,True,True,True,1,True,True,True,,
NYC,2026-09-26,KNYC,KNYC,2026-09-26T12:00:00+00:00,2026-09-26T12:00:00+00:00,2026-09-26T13:00:00+00:00,2026-09-26T13:00:00+00:00,2026-09-26T14:00:00+00:00,2026-09-26T14:00:00+00:00,60.0,True,True,False,False,False,False,False,True,True,True,True,True,True,True,True,1,True,True,True,,
Chicago,2026-09-27,KMDW,KMDW,2026-09-27T12:00:00+00:00,2026-09-27T12:00:00+00:00,2026-09-27T13:00:00+00:00,2026-09-27T13:00:00+00:00,2026-09-27T15:00:00+00:00,2026-09-27T15:00:00+00:00,120.0,True,True,False,False,False,False,False,True,True,True,True,True,True,True,True,1,True,True,True,,
Denver,2026-09-27,KDEN,KDEN,2026-09-27T12:00:00+00:00,2026-09-27T12:00:00+00:00,2026-09-27T13:00:00+00:00,2026-09-27T13:00:00+00:00,2026-09-27T16:00:00+00:00,2026-09-27T16:00:00+00:00,180.0,True,True,False,False,False,False,False,True,True,True,True,True,True,True,True,1,True,True,True,,
NYC,2026-09-27,KNYC,KNYC,2026-09-27T12:00:00+00:00,2026-09-27T12:00:00+00:00,2026-09-27T13:00:00+00:00,2026-09-27T13:00:00+00:00,2026-09-27T14:00:00+00:00,2026-09-27T14:00:00+00:00,60.0,True,True,False,False,False,False,False,True,True,True,True,True,True,True,True,1,True,True,True,,
Chicago,2026-09-28,KMDW,KMDW,2026-09-28T12:00:00+00:00,2026-09-28T12:00:00+00:00,2026-09-28T13:00:00+00:00,2026-09-28T13:00:00+00:00,2026-09-28T15:00:00+00:00,2026-09-28T15:00:00+00:00,120.0,True,True,False,False,False,False,False,True,True,True,True,True,True,True,True,1,True,True,True,,
Denver,2026-09-28,KDEN,KDEN,2026-09-28T12:00:00+00:00,2026-09-28T12:00:00+00:00,2026-09-28T13:00:00+00:00,2026-09-28T13:00:00+00:00,2026-09-28T16:00:00+00:00,2026-09-28T16:00:00+00:00,180.0,True,True,False,False,False,False,False,True,True,True,True,True,True,True,True,1,True,True,True,,
NYC,2026-09-28,KNYC,KNYC,2026-09-28T12:00:00+00:00,2026-09-28T12:00:00+00:00,2026-09-28T13:00:00+00:00,2026-09-28T13:00:00+00:00,2026-09-28T14:00:00+00:00,2026-09-28T14:00:00+00:00,60.0,True,True,False,False,False,False,False,True,True,True,True,True,True,True,True,1,True,True,True,,
