event_date_local,city,station,state_label,cycle_time_utc,publication_time_utc,noaa_http_status,iem_http_status,target_rows,txn,xnd,usable_state,noaa_url
2026-08-20,NYC,KNYC,prev18Z,2026-08-19 18:00:00+00:00,2026-08-19 18:59:55+00:00,200,200,1,80.0,4.0,True,https://noaa-nbm-grib2-pds.s3.amazonaws.com/blend.20260819/18/text/blend_nbstx.t18z
2026-08-20,NYC,KNYC,00Z,2026-08-20 00:00:00+00:00,2026-08-20 01:18:53+00:00,200,200,1,81.0,4.0,True,https://noaa-nbm-grib2-pds.s3.amazonaws.com/blend.20260820/00/text/blend_nbstx.t00z
2026-08-20,NYC,KNYC,06Z,2026-08-20 06:00:00+00:00,2026-08-20 06:45:10+00:00,200,200,1,82.0,3.0,True,https://noaa-nbm-grib2-pds.s3.amazonaws.com/blend.20260820/06/text/blend_nbstx.t06z
2026-08-20,NYC,KNYC,12Z,2026-08-20 12:00:00+00:00,2026-08-20 13:42:21+00:00,200,200,1,82.0,3.0,True,https://noaa-nbm-grib2-pds.s3.amazonaws.com/blend.20260820/12/text/blend_nbstx.t12z
2026-08-20,Chicago,KMDW,prev18Z,2026-08-19 18:00:00+00:00,2026-08-19 18:59:55+00:00,200,200,1,80.0,2.0,True,https://noaa-nbm-grib2-pds.s3.amazonaws.com/blend.20260819/18/text/blend_nbstx.t18z
2026-08-20,Chicago,KMDW,00Z,2026-08-20 00:00:00+00:00,2026-08-20 01:18:53+00:00,200,200,1,79.0,2.0,True,https://noaa-nbm-grib2-pds.s3.amazonaws.com/blend.20260820/00/text/blend_nbstx.t00z
2026-08-20,Chicago,KMDW,06Z,2026-08-20 06:00:00+00:00,2026-08-20 06:45:10+00:00,200,200,1,79.0,2.0,True,https://noaa-nbm-grib2-pds.s3.amazonaws.com/blend.20260820/06/text/blend_nbstx.t06z
2026-08-20,Chicago,KMDW,12Z,2026-08-20 12:00:00+00:00,2026-08-20 13:42:21+00:00,200,200,1,79.0,1.0,True,https://noaa-nbm-grib2-pds.s3.amazonaws.com/blend.20260820/12/text/blend_nbstx.t12z
2026-08-20,Denver,KDEN,prev18Z,2026-08-19 18:00:00+00:00,2026-08-19 18:59:55+00:00,200,200,1,92.0,3.0,True,https://noaa-nbm-grib2-pds.s3.amazonaws.com/blend.20260819/18/text/blend_nbstx.t18z
2026-08-20,Denver,KDEN,00Z,2026-08-20 00:00:00+00:00,2026-08-20 01:18:53+00:00,200,200,1,92.0,3.0,True,https://noaa-nbm-grib2-pds.s3.amazonaws.com/blend.20260820/00/text/blend_nbstx.t00z
2026-08-20,Denver,KDEN,06Z,2026-08-20 06:00:00+00:00,2026-08-20 06:45:10+00:00,200,200,1,92.0,3.0,True,https://noaa-nbm-grib2-pds.s3.amazonaws.com/blend.20260820/06/text/blend_nbstx.t06z
2026-08-20,Denver,KDEN,12Z,2026-08-20 12:00:00+00:00,2026-08-20 13:42:21+00:00,200,200,1,92.0,2.0,True,https://noaa-nbm-grib2-pds.s3.amazonaws.com/blend.20260820/12/text/blend_nbstx.t12z
2026-09-15,NYC,KNYC,prev18Z,2026-09-14 18:00:00+00:00,2026-09-14 20:58:58+00:00,200,200,1,71.0,2.0,True,https://noaa-nbm-grib2-pds.s3.amazonaws.com/blend.20260914/18/text/blend_nbstx.t18z
2026-09-15,NYC,KNYC,00Z,2026-09-15 00:00:00+00:00,2026-09-15 01:18:37+00:00,200,200,1,71.0,2.0,True,https://noaa-nbm-grib2-pds.s3.amazonaws.com/blend.20260915/00/text/blend_nbstx.t00z
2026-09-15,NYC,KNYC,06Z,2026-09-15 06:00:00+00:00,2026-09-15 06:44:15+00:00,200,200,1,72.0,2.0,True,https://noaa-nbm-grib2-pds.s3.amazonaws.com/blend.20260915/06/text/blend_nbstx.t06z
2026-09-15,NYC,KNYC,12Z,2026-09-15 12:00:00+00:00,2026-09-15 13:40:31+00:00,200,200,1,72.0,2.0,True,https://noaa-nbm-grib2-pds.s3.amazonaws.com/blend.20260915/12/text/blend_nbstx.t12z
2026-09-15,Chicago,KMDW,prev18Z,2026-09-14 18:00:00+00:00,2026-09-14 20:58:58+00:00,200,200,1,85.0,4.0,True,https://noaa-nbm-grib2-pds.s3.amazonaws.com/blend.20260914/18/text/blend_nbstx.t18z
2026-09-15,Chicago,KMDW,00Z,2026-09-15 00:00:00+00:00,2026-09-15 01:18:37+00:00,200,200,1,86.0,4.0,True,https://noaa-nbm-grib2-pds.s3.amazonaws.com/blend.20260915/00/text/blend_nbstx.t00z
2026-09-15,Chicago,KMDW,06Z,2026-09-15 06:00:00+00:00,2026-09-15 06:44:15+00:00,200,200,1,86.0,3.0,True,https://noaa-nbm-grib2-pds.s3.amazonaws.com/blend.20260915/06/text/blend_nbstx.t06z
2026-09-15,Chicago,KMDW,12Z,2026-09-15 12:00:00+00:00,2026-09-15 13:40:31+00:00,200,200,1,86.0,3.0,True,https://noaa-nbm-grib2-pds.s3.amazonaws.com/blend.20260915/12/text/blend_nbstx.t12z
2026-09-15,Denver,KDEN,prev18Z,2026-09-14 18:00:00+00:00,2026-09-14 20:58:58+00:00,200,200,1,77.0,3.0,True,https://noaa-nbm-grib2-pds.s3.amazonaws.com/blend.20260914/18/text/blend_nbstx.t18z
2026-09-15,Denver,KDEN,00Z,2026-09-15 00:00:00+00:00,2026-09-15 01:18:37+00:00,200,200,1,77.0,3.0,True,https://noaa-nbm-grib2-pds.s3.amazonaws.com/blend.20260915/00/text/blend_nbstx.t00z
2026-09-15,Denver,KDEN,06Z,2026-09-15 06:00:00+00:00,2026-09-15 06:44:15+00:00,200,200,1,75.0,3.0,True,https://noaa-nbm-grib2-pds.s3.amazonaws.com/blend.20260915/06/text/blend_nbstx.t06z
2026-09-15,Denver,KDEN,12Z,2026-09-15 12:00:00+00:00,2026-09-15 13:40:31+00:00,200,200,1,75.0,3.0,True,https://noaa-nbm-grib2-pds.s3.amazonaws.com/blend.20260915/12/text/blend_nbstx.t12z
2026-09-24,NYC,KNYC,prev18Z,2026-09-23 18:00:00+00:00,2026-09-23 18:55:41+00:00,200,200,1,68.0,3.0,True,https://noaa-nbm-grib2-pds.s3.amazonaws.com/blend.20260923/18/text/blend_nbstx.t18z
2026-09-24,NYC,KNYC,00Z,2026-09-24 00:00:00+00:00,2026-09-24 14:17:12+00:00,200,200,1,69.0,2.0,True,https://noaa-nbm-grib2-pds.s3.amazonaws.com/blend.20260924/00/text/blend_nbstx.t00z
2026-09-24,NYC,KNYC,06Z,2026-09-24 06:00:00+00:00,2026-09-24 15:31:56+00:00,200,200,1,68.0,3.0,True,https://noaa-nbm-grib2-pds.s3.amazonaws.com/blend.20260924/06/text/blend_nbstx.t06z
2026-09-24,NYC,KNYC,12Z,2026-09-24 12:00:00+00:00,2026-09-24 16:10:11+00:00,200,200,1,69.0,2.0,True,https://noaa-nbm-grib2-pds.s3.amazonaws.com/blend.20260924/12/text/blend_nbstx.t12z
2026-09-24,Chicago,KMDW,prev18Z,2026-09-23 18:00:00+00:00,2026-09-23 18:55:41+00:00,200,200,1,69.0,2.0,True,https://noaa-nbm-grib2-pds.s3.amazonaws.com/blend.20260923/18/text/blend_nbstx.t18z
2026-09-24,Chicago,KMDW,00Z,2026-09-24 00:00:00+00:00,2026-09-24 14:17:12+00:00,200,200,1,69.0,2.0,True,https://noaa-nbm-grib2-pds.s3.amazonaws.com/blend.20260924/00/text/blend_nbstx.t00z
2026-09-24,Chicago,KMDW,06Z,2026-09-24 06:00:00+00:00,2026-09-24 15:31:56+00:00,200,200,1,69.0,2.0,True,https://noaa-nbm-grib2-pds.s3.amazonaws.com/blend.20260924/06/text/blend_nbstx.t06z
2026-09-24,Chicago,KMDW,12Z,2026-09-24 12:00:00+00:00,2026-09-24 16:10:11+00:00,200,200,1,72.0,1.0,True,https://noaa-nbm-grib2-pds.s3.amazonaws.com/blend.20260924/12/text/blend_nbstx.t12z
2026-09-24,Denver,KDEN,prev18Z,2026-09-23 18:00:00+00:00,2026-09-23 18:55:41+00:00,200,200,1,69.0,5.0,True,https://noaa-nbm-grib2-pds.s3.amazonaws.com/blend.20260923/18/text/blend_nbstx.t18z
2026-09-24,Denver,KDEN,00Z,2026-09-24 00:00:00+00:00,2026-09-24 14:17:12+00:00,200,200,1,71.0,4.0,True,https://noaa-nbm-grib2-pds.s3.amazonaws.com/blend.20260924/00/text/blend_nbstx.t00z
2026-09-24,Denver,KDEN,06Z,2026-09-24 06:00:00+00:00,2026-09-24 15:31:56+00:00,200,200,1,72.0,4.0,True,https://noaa-nbm-grib2-pds.s3.amazonaws.com/blend.20260924/06/text/blend_nbstx.t06z
2026-09-24,Denver,KDEN,12Z,2026-09-24 12:00:00+00:00,2026-09-24 16:10:11+00:00,200,200,1,75.0,3.0,True,https://noaa-nbm-grib2-pds.s3.amazonaws.com/blend.20260924/12/text/blend_nbstx.t12z
