event_date_local,city,station,revision_sequence,old_state_label,new_state_label,transition,old_nominal_order,new_nominal_order,old_cycle_time_utc,new_cycle_time_utc,old_publication_time_utc,new_publication_time_utc,inter_publication_gap_minutes,old_txn,new_txn,delta_txn,old_xnd,new_xnd,delta_xnd,txn_changed,xnd_changed,any_weather_change,publication_order_reversal
2026-08-14,Chicago,KMDW,1,prev18Z,00Z,prev18Z->00Z,0,1,2026-08-13 18:00:00+00:00,2026-08-14 00:00:00+00:00,2026-08-13 19:51:30+00:00,2026-08-14 01:17:02+00:00,325.53333333333336,80.0,81.0,1.0,2.0,2.0,0.0,True,False,True,False
2026-08-14,Chicago,KMDW,2,00Z,06Z,00Z->06Z,1,2,2026-08-14 00:00:00+00:00,2026-08-14 06:00:00+00:00,2026-08-14 01:17:02+00:00,2026-08-14 06:55:29+00:00,338.45,81.0,81.0,0.0,2.0,2.0,0.0,False,False,False,False
2026-08-14,Chicago,KMDW,3,06Z,12Z,06Z->12Z,2,3,2026-08-14 06:00:00+00:00,2026-08-14 12:00:00+00:00,2026-08-14 06:55:29+00:00,2026-08-14 13:34:06+00:00,398.6166666666667,81.0,80.0,-1.0,2.0,2.0,0.0,True,False,True,False
2026-08-14,Denver,KDEN,1,prev18Z,00Z,prev18Z->00Z,0,1,2026-08-13 18:00:00+00:00,2026-08-14 00:00:00+00:00,2026-08-13 19:51:30+00:00,2026-08-14 01:17:02+00:00,325.53333333333336,84.0,84.0,0.0,4.0,4.0,0.0,False,False,False,False
2026-08-14,Denver,KDEN,2,00Z,06Z,00Z->06Z,1,2,2026-08-14 00:00:00+00:00,2026-08-14 06:00:00+00:00,2026-08-14 01:17:02+00:00,2026-08-14 06:55:29+00:00,338.45,84.0,84.0,0.0,4.0,3.0,-1.0,False,True,True,False
2026-08-14,Denver,KDEN,3,06Z,12Z,06Z->12Z,2,3,2026-08-14 06:00:00+00:00,2026-08-14 12:00:00+00:00,2026-08-14 06:55:29+00:00,2026-08-14 13:34:06+00:00,398.6166666666667,84.0,83.0,-1.0,3.0,3.0,0.0,True,False,True,False
2026-08-14,NYC,KNYC,1,prev18Z,00Z,prev18Z->00Z,0,1,2026-08-13 18:00:00+00:00,2026-08-14 00:00:00+00:00,2026-08-13 19:51:30+00:00,2026-08-14 01:17:02+00:00,325.53333333333336,86.0,86.0,0.0,2.0,2.0,0.0,False,False,False,False
2026-08-14,NYC,KNYC,2,00Z,06Z,00Z->06Z,1,2,2026-08-14 00:00:00+00:00,2026-08-14 06:00:00+00:00,2026-08-14 01:17:02+00:00,2026-08-14 06:55:29+00:00,338.45,86.0,86.0,0.0,2.0,2.0,0.0,False,False,False,False
2026-08-14,NYC,KNYC,3,06Z,12Z,06Z->12Z,2,3,2026-08-14 06:00:00+00:00,2026-08-14 12:00:00+00:00,2026-08-14 06:55:29+00:00,2026-08-14 13:34:06+00:00,398.6166666666667,86.0,86.0,0.0,2.0,2.0,0.0,False,False,False,False
2026-08-15,Chicago,KMDW,1,prev18Z,00Z,prev18Z->00Z,0,1,2026-08-14 18:00:00+00:00,2026-08-15 00:00:00+00:00,2026-08-14 18:55:19+00:00,2026-08-15 01:18:20+00:00,383.01666666666665,84.0,83.0,-1.0,3.0,4.0,1.0,True,True,True,False
2026-08-15,Chicago,KMDW,2,00Z,06Z,00Z->06Z,1,2,2026-08-15 00:00:00+00:00,2026-08-15 06:00:00+00:00,2026-08-15 01:18:20+00:00,2026-08-15 06:51:35+00:00,333.25,83.0,80.0,-3.0,4.0,2.0,-2.0,True,True,True,False
2026-08-15,Chicago,KMDW,3,06Z,12Z,06Z->12Z,2,3,2026-08-15 06:00:00+00:00,2026-08-15 12:00:00+00:00,2026-08-15 06:51:35+00:00,2026-08-15 13:39:19+00:00,407.73333333333335,80.0,81.0,1.0,2.0,2.0,0.0,True,False,True,False
2026-08-15,Denver,KDEN,1,prev18Z,00Z,prev18Z->00Z,0,1,2026-08-14 18:00:00+00:00,2026-08-15 00:00:00+00:00,2026-08-14 18:55:19+00:00,2026-08-15 01:18:20+00:00,383.01666666666665,82.0,82.0,0.0,3.0,2.0,-1.0,False,True,True,False
2026-08-15,Denver,KDEN,2,00Z,06Z,00Z->06Z,1,2,2026-08-15 00:00:00+00:00,2026-08-15 06:00:00+00:00,2026-08-15 01:18:20+00:00,2026-08-15 06:51:35+00:00,333.25,82.0,82.0,0.0,2.0,2.0,0.0,False,False,False,False
2026-08-15,Denver,KDEN,3,06Z,12Z,06Z->12Z,2,3,2026-08-15 06:00:00+00:00,2026-08-15 12:00:00+00:00,2026-08-15 06:51:35+00:00,2026-08-15 13:39:19+00:00,407.73333333333335,82.0,81.0,-1.0,2.0,2.0,0.0,True,False,True,False
2026-08-15,NYC,KNYC,1,prev18Z,00Z,prev18Z->00Z,0,1,2026-08-14 18:00:00+00:00,2026-08-15 00:00:00+00:00,2026-08-14 18:55:19+00:00,2026-08-15 01:18:20+00:00,383.01666666666665,83.0,83.0,0.0,2.0,2.0,0.0,False,False,False,False
2026-08-15,NYC,KNYC,2,00Z,06Z,00Z->06Z,1,2,2026-08-15 00:00:00+00:00,2026-08-15 06:00:00+00:00,2026-08-15 01:18:20+00:00,2026-08-15 06:51:35+00:00,333.25,83.0,83.0,0.0,2.0,2.0,0.0,False,False,False,False
2026-08-15,NYC,KNYC,3,06Z,12Z,06Z->12Z,2,3,2026-08-15 06:00:00+00:00,2026-08-15 12:00:00+00:00,2026-08-15 06:51:35+00:00,2026-08-15 13:39:19+00:00,407.73333333333335,83.0,83.0,0.0,2.0,1.0,-1.0,False,True,True,False
2026-08-16,Chicago,KMDW,1,prev18Z,00Z,prev18Z->00Z,0,1,2026-08-15 18:00:00+00:00,2026-08-16 00:00:00+00:00,2026-08-15 18:56:39+00:00,2026-08-16 01:17:56+00:00,381.28333333333336,85.0,85.0,0.0,2.0,2.0,0.0,False,False,False,False
2026-08-16,Chicago,KMDW,2,00Z,06Z,00Z->06Z,1,2,2026-08-16 00:00:00+00:00,2026-08-16 06:00:00+00:00,2026-08-16 01:17:56+00:00,2026-08-16 06:44:34+00:00,326.6333333333333,85.0,85.0,0.0,2.0,2.0,0.0,False,False,False,False
2026-08-16,Chicago,KMDW,3,06Z,12Z,06Z->12Z,2,3,2026-08-16 06:00:00+00:00,2026-08-16 12:00:00+00:00,2026-08-16 06:44:34+00:00,2026-08-16 13:39:34+00:00,415.0,85.0,86.0,1.0,2.0,2.0,0.0,True,False,True,False
2026-08-16,Denver,KDEN,1,prev18Z,00Z,prev18Z->00Z,0,1,2026-08-15 18:00:00+00:00,2026-08-16 00:00:00+00:00,2026-08-15 18:56:39+00:00,2026-08-16 01:17:56+00:00,381.28333333333336,82.0,82.0,0.0,4.0,3.0,-1.0,False,True,True,False
2026-08-16,Denver,KDEN,2,00Z,06Z,00Z->06Z,1,2,2026-08-16 00:00:00+00:00,2026-08-16 06:00:00+00:00,2026-08-16 01:17:56+00:00,2026-08-16 06:44:34+00:00,326.6333333333333,82.0,83.0,1.0,3.0,2.0,-1.0,True,True,True,False
2026-08-16,Denver,KDEN,3,06Z,12Z,06Z->12Z,2,3,2026-08-16 06:00:00+00:00,2026-08-16 12:00:00+00:00,2026-08-16 06:44:34+00:00,2026-08-16 13:39:34+00:00,415.0,83.0,83.0,0.0,2.0,2.0,0.0,False,False,False,False
2026-08-16,NYC,KNYC,1,prev18Z,00Z,prev18Z->00Z,0,1,2026-08-15 18:00:00+00:00,2026-08-16 00:00:00+00:00,2026-08-15 18:56:39+00:00,2026-08-16 01:17:56+00:00,381.28333333333336,80.0,80.0,0.0,2.0,3.0,1.0,False,True,True,False
2026-08-16,NYC,KNYC,2,00Z,06Z,00Z->06Z,1,2,2026-08-16 00:00:00+00:00,2026-08-16 06:00:00+00:00,2026-08-16 01:17:56+00:00,2026-08-16 06:44:34+00:00,326.6333333333333,80.0,81.0,1.0,3.0,2.0,-1.0,True,True,True,False
2026-08-16,NYC,KNYC,3,06Z,12Z,06Z->12Z,2,3,2026-08-16 06:00:00+00:00,2026-08-16 12:00:00+00:00,2026-08-16 06:44:34+00:00,2026-08-16 13:39:34+00:00,415.0,81.0,81.0,0.0,2.0,2.0,0.0,False,False,False,False
2026-08-17,Chicago,KMDW,1,prev18Z,00Z,prev18Z->00Z,0,1,2026-08-16 18:00:00+00:00,2026-08-17 00:00:00+00:00,2026-08-16 18:43:10+00:00,2026-08-17 01:18:05+00:00,394.9166666666667,80.0,79.0,-1.0,2.0,2.0,0.0,True,False,True,False
2026-08-17,Chicago,KMDW,2,00Z,06Z,00Z->06Z,1,2,2026-08-17 00:00:00+00:00,2026-08-17 06:00:00+00:00,2026-08-17 01:18:05+00:00,2026-08-17 06:43:51+00:00,325.76666666666665,79.0,79.0,0.0,2.0,2.0,0.0,False,False,False,False
2026-08-17,Chicago,KMDW,3,06Z,12Z,06Z->12Z,2,3,2026-08-17 06:00:00+00:00,2026-08-17 12:00:00+00:00,2026-08-17 06:43:51+00:00,2026-08-17 13:41:11+00:00,417.3333333333333,79.0,78.0,-1.0,2.0,2.0,0.0,True,False,True,False
2026-08-17,Denver,KDEN,1,prev18Z,00Z,prev18Z->00Z,0,1,2026-08-16 18:00:00+00:00,2026-08-17 00:00:00+00:00,2026-08-16 18:43:10+00:00,2026-08-17 01:18:05+00:00,394.9166666666667,88.0,89.0,1.0,2.0,2.0,0.0,True,False,True,False
2026-08-17,Denver,KDEN,2,00Z,06Z,00Z->06Z,1,2,2026-08-17 00:00:00+00:00,2026-08-17 06:00:00+00:00,2026-08-17 01:18:05+00:00,2026-08-17 06:43:51+00:00,325.76666666666665,89.0,89.0,0.0,2.0,2.0,0.0,False,False,False,False
2026-08-17,Denver,KDEN,3,06Z,12Z,06Z->12Z,2,3,2026-08-17 06:00:00+00:00,2026-08-17 12:00:00+00:00,2026-08-17 06:43:51+00:00,2026-08-17 13:41:11+00:00,417.3333333333333,89.0,91.0,2.0,2.0,2.0,0.0,True,False,True,False
2026-08-17,NYC,KNYC,1,prev18Z,00Z,prev18Z->00Z,0,1,2026-08-16 18:00:00+00:00,2026-08-17 00:00:00+00:00,2026-08-16 18:43:10+00:00,2026-08-17 01:18:05+00:00,394.9166666666667,83.0,83.0,0.0,3.0,3.0,0.0,False,False,False,False
2026-08-17,NYC,KNYC,2,00Z,06Z,00Z->06Z,1,2,2026-08-17 00:00:00+00:00,2026-08-17 06:00:00+00:00,2026-08-17 01:18:05+00:00,2026-08-17 06:43:51+00:00,325.76666666666665,83.0,84.0,1.0,3.0,3.0,0.0,True,False,True,False
2026-08-17,NYC,KNYC,3,06Z,12Z,06Z->12Z,2,3,2026-08-17 06:00:00+00:00,2026-08-17 12:00:00+00:00,2026-08-17 06:43:51+00:00,2026-08-17 13:41:11+00:00,417.3333333333333,84.0,84.0,0.0,3.0,3.0,0.0,False,False,False,False
2026-08-18,Chicago,KMDW,1,prev18Z,00Z,prev18Z->00Z,0,1,2026-08-17 18:00:00+00:00,2026-08-18 00:00:00+00:00,2026-08-17 18:56:10+00:00,2026-08-18 01:42:47+00:00,406.6166666666667,81.0,81.0,0.0,3.0,3.0,0.0,False,False,False,False
2026-08-18,Chicago,KMDW,2,00Z,06Z,00Z->06Z,1,2,2026-08-18 00:00:00+00:00,2026-08-18 06:00:00+00:00,2026-08-18 01:42:47+00:00,2026-08-18 06:56:19+00:00,313.53333333333336,81.0,82.0,1.0,3.0,2.0,-1.0,True,True,True,False
2026-08-18,Chicago,KMDW,3,06Z,12Z,06Z->12Z,2,3,2026-08-18 06:00:00+00:00,2026-08-18 12:00:00+00:00,2026-08-18 06:56:19+00:00,2026-08-18 13:37:39+00:00,401.3333333333333,82.0,82.0,0.0,2.0,2.0,0.0,False,False,False,False
2026-08-18,Denver,KDEN,1,prev18Z,00Z,prev18Z->00Z,0,1,2026-08-17 18:00:00+00:00,2026-08-18 00:00:00+00:00,2026-08-17 18:56:10+00:00,2026-08-18 01:42:47+00:00,406.6166666666667,91.0,90.0,-1.0,4.0,3.0,-1.0,True,True,True,False
2026-08-18,Denver,KDEN,2,00Z,06Z,00Z->06Z,1,2,2026-08-18 00:00:00+00:00,2026-08-18 06:00:00+00:00,2026-08-18 01:42:47+00:00,2026-08-18 06:56:19+00:00,313.53333333333336,90.0,91.0,1.0,3.0,3.0,0.0,True,False,True,False
2026-08-18,Denver,KDEN,3,06Z,12Z,06Z->12Z,2,3,2026-08-18 06:00:00+00:00,2026-08-18 12:00:00+00:00,2026-08-18 06:56:19+00:00,2026-08-18 13:37:39+00:00,401.3333333333333,91.0,91.0,0.0,3.0,3.0,0.0,False,False,False,False
2026-08-18,NYC,KNYC,1,prev18Z,00Z,prev18Z->00Z,0,1,2026-08-17 18:00:00+00:00,2026-08-18 00:00:00+00:00,2026-08-17 18:56:10+00:00,2026-08-18 01:42:47+00:00,406.6166666666667,86.0,85.0,-1.0,2.0,2.0,0.0,True,False,True,False
2026-08-18,NYC,KNYC,2,00Z,06Z,00Z->06Z,1,2,2026-08-18 00:00:00+00:00,2026-08-18 06:00:00+00:00,2026-08-18 01:42:47+00:00,2026-08-18 06:56:19+00:00,313.53333333333336,85.0,85.0,0.0,2.0,2.0,0.0,False,False,False,False
2026-08-18,NYC,KNYC,3,06Z,12Z,06Z->12Z,2,3,2026-08-18 06:00:00+00:00,2026-08-18 12:00:00+00:00,2026-08-18 06:56:19+00:00,2026-08-18 13:37:39+00:00,401.3333333333333,85.0,84.0,-1.0,2.0,2.0,0.0,True,False,True,False
2026-08-19,Chicago,KMDW,1,prev18Z,00Z,prev18Z->00Z,0,1,2026-08-18 18:00:00+00:00,2026-08-19 00:00:00+00:00,2026-08-18 18:59:57+00:00,2026-08-19 01:16:48+00:00,376.85,79.0,79.0,0.0,2.0,2.0,0.0,False,False,False,False
2026-08-19,Chicago,KMDW,2,00Z,06Z,00Z->06Z,1,2,2026-08-19 00:00:00+00:00,2026-08-19 06:00:00+00:00,2026-08-19 01:16:48+00:00,2026-08-19 06:55:27+00:00,338.65,79.0,79.0,0.0,2.0,2.0,0.0,False,False,False,False
2026-08-19,Chicago,KMDW,3,06Z,12Z,06Z->12Z,2,3,2026-08-19 06:00:00+00:00,2026-08-19 12:00:00+00:00,2026-08-19 06:55:27+00:00,2026-08-19 13:44:08+00:00,408.68333333333334,79.0,79.0,0.0,2.0,2.0,0.0,False,False,False,False
2026-08-19,Denver,KDEN,1,prev18Z,00Z,prev18Z->00Z,0,1,2026-08-18 18:00:00+00:00,2026-08-19 00:00:00+00:00,2026-08-18 18:59:57+00:00,2026-08-19 01:16:48+00:00,376.85,89.0,88.0,-1.0,2.0,3.0,1.0,True,True,True,False
2026-08-19,Denver,KDEN,2,00Z,06Z,00Z->06Z,1,2,2026-08-19 00:00:00+00:00,2026-08-19 06:00:00+00:00,2026-08-19 01:16:48+00:00,2026-08-19 06:55:27+00:00,338.65,88.0,88.0,0.0,3.0,3.0,0.0,False,False,False,False
2026-08-19,Denver,KDEN,3,06Z,12Z,06Z->12Z,2,3,2026-08-19 06:00:00+00:00,2026-08-19 12:00:00+00:00,2026-08-19 06:55:27+00:00,2026-08-19 13:44:08+00:00,408.68333333333334,88.0,89.0,1.0,3.0,2.0,-1.0,True,True,True,False
2026-08-19,NYC,KNYC,1,prev18Z,00Z,prev18Z->00Z,0,1,2026-08-18 18:00:00+00:00,2026-08-19 00:00:00+00:00,2026-08-18 18:59:57+00:00,2026-08-19 01:16:48+00:00,376.85,86.0,85.0,-1.0,2.0,2.0,0.0,True,False,True,False
2026-08-19,NYC,KNYC,2,00Z,06Z,00Z->06Z,1,2,2026-08-19 00:00:00+00:00,2026-08-19 06:00:00+00:00,2026-08-19 01:16:48+00:00,2026-08-19 06:55:27+00:00,338.65,85.0,86.0,1.0,2.0,1.0,-1.0,True,True,True,False
2026-08-19,NYC,KNYC,3,06Z,12Z,06Z->12Z,2,3,2026-08-19 06:00:00+00:00,2026-08-19 12:00:00+00:00,2026-08-19 06:55:27+00:00,2026-08-19 13:44:08+00:00,408.68333333333334,86.0,86.0,0.0,1.0,1.0,0.0,False,False,False,False
2026-08-20,Chicago,KMDW,1,prev18Z,00Z,prev18Z->00Z,0,1,2026-08-19 18:00:00+00:00,2026-08-20 00:00:00+00:00,2026-08-19 18:59:55+00:00,2026-08-20 01:18:53+00:00,378.96666666666664,80.0,79.0,-1.0,2.0,2.0,0.0,True,False,True,False
2026-08-20,Chicago,KMDW,2,00Z,06Z,00Z->06Z,1,2,2026-08-20 00:00:00+00:00,2026-08-20 06:00:00+00:00,2026-08-20 01:18:53+00:00,2026-08-20 06:45:10+00:00,326.28333333333336,79.0,79.0,0.0,2.0,2.0,0.0,False,False,False,False
2026-08-20,Chicago,KMDW,3,06Z,12Z,06Z->12Z,2,3,2026-08-20 06:00:00+00:00,2026-08-20 12:00:00+00:00,2026-08-20 06:45:10+00:00,2026-08-20 13:42:21+00:00,417.18333333333334,79.0,79.0,0.0,2.0,1.0,-1.0,False,True,True,False
2026-08-20,Denver,KDEN,1,prev18Z,00Z,prev18Z->00Z,0,1,2026-08-19 18:00:00+00:00,2026-08-20 00:00:00+00:00,2026-08-19 18:59:55+00:00,2026-08-20 01:18:53+00:00,378.96666666666664,92.0,92.0,0.0,3.0,3.0,0.0,False,False,False,False
2026-08-20,Denver,KDEN,2,00Z,06Z,00Z->06Z,1,2,2026-08-20 00:00:00+00:00,2026-08-20 06:00:00+00:00,2026-08-20 01:18:53+00:00,2026-08-20 06:45:10+00:00,326.28333333333336,92.0,92.0,0.0,3.0,3.0,0.0,False,False,False,False
2026-08-20,Denver,KDEN,3,06Z,12Z,06Z->12Z,2,3,2026-08-20 06:00:00+00:00,2026-08-20 12:00:00+00:00,2026-08-20 06:45:10+00:00,2026-08-20 13:42:21+00:00,417.18333333333334,92.0,92.0,0.0,3.0,2.0,-1.0,False,True,True,False
2026-08-20,NYC,KNYC,1,prev18Z,00Z,prev18Z->00Z,0,1,2026-08-19 18:00:00+00:00,2026-08-20 00:00:00+00:00,2026-08-19 18:59:55+00:00,2026-08-20 01:18:53+00:00,378.96666666666664,80.0,81.0,1.0,4.0,4.0,0.0,True,False,True,False
2026-08-20,NYC,KNYC,2,00Z,06Z,00Z->06Z,1,2,2026-08-20 00:00:00+00:00,2026-08-20 06:00:00+00:00,2026-08-20 01:18:53+00:00,2026-08-20 06:45:10+00:00,326.28333333333336,81.0,82.0,1.0,4.0,3.0,-1.0,True,True,True,False
2026-08-20,NYC,KNYC,3,06Z,12Z,06Z->12Z,2,3,2026-08-20 06:00:00+00:00,2026-08-20 12:00:00+00:00,2026-08-20 06:45:10+00:00,2026-08-20 13:42:21+00:00,417.18333333333334,82.0,82.0,0.0,3.0,3.0,0.0,False,False,False,False
2026-08-21,Chicago,KMDW,1,prev18Z,00Z,prev18Z->00Z,0,1,2026-08-20 18:00:00+00:00,2026-08-21 00:00:00+00:00,2026-08-20 18:45:18+00:00,2026-08-21 01:18:25+00:00,393.1166666666667,80.0,80.0,0.0,2.0,2.0,0.0,False,False,False,False
2026-08-21,Chicago,KMDW,2,00Z,06Z,00Z->06Z,1,2,2026-08-21 00:00:00+00:00,2026-08-21 06:00:00+00:00,2026-08-21 01:18:25+00:00,2026-08-21 06:45:47+00:00,327.3666666666667,80.0,81.0,1.0,2.0,2.0,0.0,True,False,True,False
2026-08-21,Chicago,KMDW,3,06Z,12Z,06Z->12Z,2,3,2026-08-21 06:00:00+00:00,2026-08-21 12:00:00+00:00,2026-08-21 06:45:47+00:00,2026-08-21 13:44:39+00:00,418.8666666666667,81.0,81.0,0.0,2.0,2.0,0.0,False,False,False,False
2026-08-21,Denver,KDEN,1,prev18Z,00Z,prev18Z->00Z,0,1,2026-08-20 18:00:00+00:00,2026-08-21 00:00:00+00:00,2026-08-20 18:45:18+00:00,2026-08-21 01:18:25+00:00,393.1166666666667,98.0,97.0,-1.0,2.0,2.0,0.0,True,False,True,False
2026-08-21,Denver,KDEN,2,00Z,06Z,00Z->06Z,1,2,2026-08-21 00:00:00+00:00,2026-08-21 06:00:00+00:00,2026-08-21 01:18:25+00:00,2026-08-21 06:45:47+00:00,327.3666666666667,97.0,98.0,1.0,2.0,2.0,0.0,True,False,True,False
2026-08-21,Denver,KDEN,3,06Z,12Z,06Z->12Z,2,3,2026-08-21 06:00:00+00:00,2026-08-21 12:00:00+00:00,2026-08-21 06:45:47+00:00,2026-08-21 13:44:39+00:00,418.8666666666667,98.0,98.0,0.0,2.0,2.0,0.0,False,False,False,False
2026-08-21,NYC,KNYC,1,prev18Z,00Z,prev18Z->00Z,0,1,2026-08-20 18:00:00+00:00,2026-08-21 00:00:00+00:00,2026-08-20 18:45:18+00:00,2026-08-21 01:18:25+00:00,393.1166666666667,78.0,78.0,0.0,4.0,4.0,0.0,False,False,False,False
2026-08-21,NYC,KNYC,2,00Z,06Z,00Z->06Z,1,2,2026-08-21 00:00:00+00:00,2026-08-21 06:00:00+00:00,2026-08-21 01:18:25+00:00,2026-08-21 06:45:47+00:00,327.3666666666667,78.0,78.0,0.0,4.0,4.0,0.0,False,False,False,False
2026-08-21,NYC,KNYC,3,06Z,12Z,06Z->12Z,2,3,2026-08-21 06:00:00+00:00,2026-08-21 12:00:00+00:00,2026-08-21 06:45:47+00:00,2026-08-21 13:44:39+00:00,418.8666666666667,78.0,77.0,-1.0,4.0,4.0,0.0,True,False,True,False
2026-08-22,Chicago,KMDW,1,prev18Z,00Z,prev18Z->00Z,0,1,2026-08-21 18:00:00+00:00,2026-08-22 00:00:00+00:00,2026-08-21 18:43:54+00:00,2026-08-22 01:19:02+00:00,395.1333333333333,80.0,81.0,1.0,1.0,1.0,0.0,True,False,True,False
2026-08-22,Chicago,KMDW,2,00Z,06Z,00Z->06Z,1,2,2026-08-22 00:00:00+00:00,2026-08-22 06:00:00+00:00,2026-08-22 01:19:02+00:00,2026-08-22 06:48:52+00:00,329.8333333333333,81.0,80.0,-1.0,1.0,1.0,0.0,True,False,True,False
2026-08-22,Chicago,KMDW,3,06Z,12Z,06Z->12Z,2,3,2026-08-22 06:00:00+00:00,2026-08-22 12:00:00+00:00,2026-08-22 06:48:52+00:00,2026-08-22 13:40:40+00:00,411.8,80.0,80.0,0.0,1.0,1.0,0.0,False,False,False,False
2026-08-22,Denver,KDEN,1,prev18Z,00Z,prev18Z->00Z,0,1,2026-08-21 18:00:00+00:00,2026-08-22 00:00:00+00:00,2026-08-21 18:43:54+00:00,2026-08-22 01:19:02+00:00,395.1333333333333,93.0,93.0,0.0,4.0,3.0,-1.0,False,True,True,False
2026-08-22,Denver,KDEN,2,00Z,06Z,00Z->06Z,1,2,2026-08-22 00:00:00+00:00,2026-08-22 06:00:00+00:00,2026-08-22 01:19:02+00:00,2026-08-22 06:48:52+00:00,329.8333333333333,93.0,93.0,0.0,3.0,3.0,0.0,False,False,False,False
2026-08-22,Denver,KDEN,3,06Z,12Z,06Z->12Z,2,3,2026-08-22 06:00:00+00:00,2026-08-22 12:00:00+00:00,2026-08-22 06:48:52+00:00,2026-08-22 13:40:40+00:00,411.8,93.0,93.0,0.0,3.0,4.0,1.0,False,True,True,False
2026-08-22,NYC,KNYC,1,prev18Z,00Z,prev18Z->00Z,0,1,2026-08-21 18:00:00+00:00,2026-08-22 00:00:00+00:00,2026-08-21 18:43:54+00:00,2026-08-22 01:19:02+00:00,395.1333333333333,75.0,75.0,0.0,3.0,3.0,0.0,False,False,False,False
2026-08-22,NYC,KNYC,2,00Z,06Z,00Z->06Z,1,2,2026-08-22 00:00:00+00:00,2026-08-22 06:00:00+00:00,2026-08-22 01:19:02+00:00,2026-08-22 06:48:52+00:00,329.8333333333333,75.0,76.0,1.0,3.0,3.0,0.0,True,False,True,False
2026-08-22,NYC,KNYC,3,06Z,12Z,06Z->12Z,2,3,2026-08-22 06:00:00+00:00,2026-08-22 12:00:00+00:00,2026-08-22 06:48:52+00:00,2026-08-22 13:40:40+00:00,411.8,76.0,77.0,1.0,3.0,2.0,-1.0,True,True,True,False
2026-08-23,Chicago,KMDW,1,prev18Z,00Z,prev18Z->00Z,0,1,2026-08-22 18:00:00+00:00,2026-08-23 00:00:00+00:00,2026-08-22 18:46:38+00:00,2026-08-23 01:19:23+00:00,392.75,77.0,77.0,0.0,1.0,1.0,0.0,False,False,False,False
2026-08-23,Chicago,KMDW,2,00Z,06Z,00Z->06Z,1,2,2026-08-23 00:00:00+00:00,2026-08-23 06:00:00+00:00,2026-08-23 01:19:23+00:00,2026-08-23 06:44:23+00:00,325.0,77.0,76.0,-1.0,1.0,2.0,1.0,True,True,True,False
2026-08-23,Chicago,KMDW,3,06Z,12Z,06Z->12Z,2,3,2026-08-23 06:00:00+00:00,2026-08-23 12:00:00+00:00,2026-08-23 06:44:23+00:00,2026-08-23 13:43:16+00:00,418.8833333333333,76.0,77.0,1.0,2.0,1.0,-1.0,True,True,True,False
2026-08-23,Denver,KDEN,1,prev18Z,00Z,prev18Z->00Z,0,1,2026-08-22 18:00:00+00:00,2026-08-23 00:00:00+00:00,2026-08-22 18:46:38+00:00,2026-08-23 01:19:23+00:00,392.75,93.0,93.0,0.0,2.0,2.0,0.0,False,False,False,False
2026-08-23,Denver,KDEN,2,00Z,06Z,00Z->06Z,1,2,2026-08-23 00:00:00+00:00,2026-08-23 06:00:00+00:00,2026-08-23 01:19:23+00:00,2026-08-23 06:44:23+00:00,325.0,93.0,92.0,-1.0,2.0,2.0,0.0,True,False,True,False
2026-08-23,Denver,KDEN,3,06Z,12Z,06Z->12Z,2,3,2026-08-23 06:00:00+00:00,2026-08-23 12:00:00+00:00,2026-08-23 06:44:23+00:00,2026-08-23 13:43:16+00:00,418.8833333333333,92.0,92.0,0.0,2.0,2.0,0.0,False,False,False,False
2026-08-23,NYC,KNYC,1,prev18Z,00Z,prev18Z->00Z,0,1,2026-08-22 18:00:00+00:00,2026-08-23 00:00:00+00:00,2026-08-22 18:46:38+00:00,2026-08-23 01:19:23+00:00,392.75,81.0,81.0,0.0,2.0,2.0,0.0,False,False,False,False
2026-08-23,NYC,KNYC,2,00Z,06Z,00Z->06Z,1,2,2026-08-23 00:00:00+00:00,2026-08-23 06:00:00+00:00,2026-08-23 01:19:23+00:00,2026-08-23 06:44:23+00:00,325.0,81.0,81.0,0.0,2.0,2.0,0.0,False,False,False,False
2026-08-23,NYC,KNYC,3,06Z,12Z,06Z->12Z,2,3,2026-08-23 06:00:00+00:00,2026-08-23 12:00:00+00:00,2026-08-23 06:44:23+00:00,2026-08-23 13:43:16+00:00,418.8833333333333,81.0,81.0,0.0,2.0,2.0,0.0,False,False,False,False
2026-08-24,Chicago,KMDW,1,prev18Z,00Z,prev18Z->00Z,0,1,2026-08-23 18:00:00+00:00,2026-08-24 00:00:00+00:00,2026-08-23 18:48:58+00:00,2026-08-24 01:18:27+00:00,389.48333333333335,79.0,78.0,-1.0,2.0,2.0,0.0,True,False,True,False
2026-08-24,Chicago,KMDW,2,00Z,06Z,00Z->06Z,1,2,2026-08-24 00:00:00+00:00,2026-08-24 06:00:00+00:00,2026-08-24 01:18:27+00:00,2026-08-24 06:47:47+00:00,329.3333333333333,78.0,78.0,0.0,2.0,2.0,0.0,False,False,False,False
2026-08-24,Chicago,KMDW,3,06Z,12Z,06Z->12Z,2,3,2026-08-24 06:00:00+00:00,2026-08-24 12:00:00+00:00,2026-08-24 06:47:47+00:00,2026-08-24 13:40:12+00:00,412.4166666666667,78.0,78.0,0.0,2.0,1.0,-1.0,False,True,True,False
2026-08-24,Denver,KDEN,1,prev18Z,00Z,prev18Z->00Z,0,1,2026-08-23 18:00:00+00:00,2026-08-24 00:00:00+00:00,2026-08-23 18:48:58+00:00,2026-08-24 01:18:27+00:00,389.48333333333335,91.0,91.0,0.0,2.0,2.0,0.0,False,False,False,False
2026-08-24,Denver,KDEN,2,00Z,06Z,00Z->06Z,1,2,2026-08-24 00:00:00+00:00,2026-08-24 06:00:00+00:00,2026-08-24 01:18:27+00:00,2026-08-24 06:47:47+00:00,329.3333333333333,91.0,91.0,0.0,2.0,1.0,-1.0,False,True,True,False
2026-08-24,Denver,KDEN,3,06Z,12Z,06Z->12Z,2,3,2026-08-24 06:00:00+00:00,2026-08-24 12:00:00+00:00,2026-08-24 06:47:47+00:00,2026-08-24 13:40:12+00:00,412.4166666666667,91.0,91.0,0.0,1.0,2.0,1.0,False,True,True,False
2026-08-24,NYC,KNYC,1,prev18Z,00Z,prev18Z->00Z,0,1,2026-08-23 18:00:00+00:00,2026-08-24 00:00:00+00:00,2026-08-23 18:48:58+00:00,2026-08-24 01:18:27+00:00,389.48333333333335,79.0,79.0,0.0,2.0,2.0,0.0,False,False,False,False
2026-08-24,NYC,KNYC,2,00Z,06Z,00Z->06Z,1,2,2026-08-24 00:00:00+00:00,2026-08-24 06:00:00+00:00,2026-08-24 01:18:27+00:00,2026-08-24 06:47:47+00:00,329.3333333333333,79.0,79.0,0.0,2.0,1.0,-1.0,False,True,True,False
2026-08-24,NYC,KNYC,3,06Z,12Z,06Z->12Z,2,3,2026-08-24 06:00:00+00:00,2026-08-24 12:00:00+00:00,2026-08-24 06:47:47+00:00,2026-08-24 13:40:12+00:00,412.4166666666667,79.0,80.0,1.0,1.0,2.0,1.0,True,True,True,False
2026-08-25,Chicago,KMDW,1,prev18Z,00Z,prev18Z->00Z,0,1,2026-08-24 18:00:00+00:00,2026-08-25 00:00:00+00:00,2026-08-24 18:45:34+00:00,2026-08-25 01:18:39+00:00,393.0833333333333,80.0,81.0,1.0,2.0,1.0,-1.0,True,True,True,False
2026-08-25,Chicago,KMDW,2,00Z,06Z,00Z->06Z,1,2,2026-08-25 00:00:00+00:00,2026-08-25 06:00:00+00:00,2026-08-25 01:18:39+00:00,2026-08-25 06:46:26+00:00,327.78333333333336,81.0,80.0,-1.0,1.0,2.0,1.0,True,True,True,False
2026-08-25,Chicago,KMDW,3,06Z,12Z,06Z->12Z,2,3,2026-08-25 06:00:00+00:00,2026-08-25 12:00:00+00:00,2026-08-25 06:46:26+00:00,2026-08-25 13:39:21+00:00,412.9166666666667,80.0,81.0,1.0,2.0,1.0,-1.0,True,True,True,False
2026-08-25,Denver,KDEN,1,prev18Z,00Z,prev18Z->00Z,0,1,2026-08-24 18:00:00+00:00,2026-08-25 00:00:00+00:00,2026-08-24 18:45:34+00:00,2026-08-25 01:18:39+00:00,393.0833333333333,88.0,89.0,1.0,3.0,3.0,0.0,True,False,True,False
2026-08-25,Denver,KDEN,2,00Z,06Z,00Z->06Z,1,2,2026-08-25 00:00:00+00:00,2026-08-25 06:00:00+00:00,2026-08-25 01:18:39+00:00,2026-08-25 06:46:26+00:00,327.78333333333336,89.0,90.0,1.0,3.0,3.0,0.0,True,False,True,False
2026-08-25,Denver,KDEN,3,06Z,12Z,06Z->12Z,2,3,2026-08-25 06:00:00+00:00,2026-08-25 12:00:00+00:00,2026-08-25 06:46:26+00:00,2026-08-25 13:39:21+00:00,412.9166666666667,90.0,89.0,-1.0,3.0,3.0,0.0,True,False,True,False
2026-08-25,NYC,KNYC,1,prev18Z,00Z,prev18Z->00Z,0,1,2026-08-24 18:00:00+00:00,2026-08-25 00:00:00+00:00,2026-08-24 18:45:34+00:00,2026-08-25 01:18:39+00:00,393.0833333333333,80.0,80.0,0.0,2.0,2.0,0.0,False,False,False,False
2026-08-25,NYC,KNYC,2,00Z,06Z,00Z->06Z,1,2,2026-08-25 00:00:00+00:00,2026-08-25 06:00:00+00:00,2026-08-25 01:18:39+00:00,2026-08-25 06:46:26+00:00,327.78333333333336,80.0,79.0,-1.0,2.0,2.0,0.0,True,False,True,False
2026-08-25,NYC,KNYC,3,06Z,12Z,06Z->12Z,2,3,2026-08-25 06:00:00+00:00,2026-08-25 12:00:00+00:00,2026-08-25 06:46:26+00:00,2026-08-25 13:39:21+00:00,412.9166666666667,79.0,79.0,0.0,2.0,2.0,0.0,False,False,False,False
2026-08-26,Chicago,KMDW,1,prev18Z,00Z,prev18Z->00Z,0,1,2026-08-25 18:00:00+00:00,2026-08-26 00:00:00+00:00,2026-08-25 18:46:28+00:00,2026-08-26 01:19:25+00:00,392.95,84.0,84.0,0.0,2.0,2.0,0.0,False,False,False,False
2026-08-26,Chicago,KMDW,2,00Z,06Z,00Z->06Z,1,2,2026-08-26 00:00:00+00:00,2026-08-26 06:00:00+00:00,2026-08-26 01:19:25+00:00,2026-08-26 06:46:01+00:00,326.6,84.0,84.0,0.0,2.0,2.0,0.0,False,False,False,False
2026-08-26,Chicago,KMDW,3,06Z,12Z,06Z->12Z,2,3,2026-08-26 06:00:00+00:00,2026-08-26 12:00:00+00:00,2026-08-26 06:46:01+00:00,2026-08-26 13:42:15+00:00,416.23333333333335,84.0,84.0,0.0,2.0,1.0,-1.0,False,True,True,False
2026-08-26,Denver,KDEN,1,prev18Z,00Z,prev18Z->00Z,0,1,2026-08-25 18:00:00+00:00,2026-08-26 00:00:00+00:00,2026-08-25 18:46:28+00:00,2026-08-26 01:19:25+00:00,392.95,87.0,88.0,1.0,2.0,2.0,0.0,True,False,True,False
2026-08-26,Denver,KDEN,2,00Z,06Z,00Z->06Z,1,2,2026-08-26 00:00:00+00:00,2026-08-26 06:00:00+00:00,2026-08-26 01:19:25+00:00,2026-08-26 06:46:01+00:00,326.6,88.0,87.0,-1.0,2.0,2.0,0.0,True,False,True,False
2026-08-26,Denver,KDEN,3,06Z,12Z,06Z->12Z,2,3,2026-08-26 06:00:00+00:00,2026-08-26 12:00:00+00:00,2026-08-26 06:46:01+00:00,2026-08-26 13:42:15+00:00,416.23333333333335,87.0,87.0,0.0,2.0,2.0,0.0,False,False,False,False
2026-08-26,NYC,KNYC,1,prev18Z,00Z,prev18Z->00Z,0,1,2026-08-25 18:00:00+00:00,2026-08-26 00:00:00+00:00,2026-08-25 18:46:28+00:00,2026-08-26 01:19:25+00:00,392.95,83.0,83.0,0.0,1.0,1.0,0.0,False,False,False,False
2026-08-26,NYC,KNYC,2,00Z,06Z,00Z->06Z,1,2,2026-08-26 00:00:00+00:00,2026-08-26 06:00:00+00:00,2026-08-26 01:19:25+00:00,2026-08-26 06:46:01+00:00,326.6,83.0,82.0,-1.0,1.0,2.0,1.0,True,True,True,False
2026-08-26,NYC,KNYC,3,06Z,12Z,06Z->12Z,2,3,2026-08-26 06:00:00+00:00,2026-08-26 12:00:00+00:00,2026-08-26 06:46:01+00:00,2026-08-26 13:42:15+00:00,416.23333333333335,82.0,82.0,0.0,2.0,2.0,0.0,False,False,False,False
2026-08-27,Chicago,KMDW,1,prev18Z,00Z,prev18Z->00Z,0,1,2026-08-26 18:00:00+00:00,2026-08-27 00:00:00+00:00,2026-08-26 18:56:10+00:00,2026-08-27 01:14:23+00:00,378.21666666666664,81.0,81.0,0.0,2.0,1.0,-1.0,False,True,True,False
2026-08-27,Chicago,KMDW,2,00Z,06Z,00Z->06Z,1,2,2026-08-27 00:00:00+00:00,2026-08-27 06:00:00+00:00,2026-08-27 01:14:23+00:00,2026-08-27 06:47:41+00:00,333.3,81.0,81.0,0.0,1.0,1.0,0.0,False,False,False,False
2026-08-27,Chicago,KMDW,3,06Z,12Z,06Z->12Z,2,3,2026-08-27 06:00:00+00:00,2026-08-27 12:00:00+00:00,2026-08-27 06:47:41+00:00,2026-08-27 13:42:10+00:00,414.48333333333335,81.0,81.0,0.0,1.0,1.0,0.0,False,False,False,False
2026-08-27,Denver,KDEN,1,prev18Z,00Z,prev18Z->00Z,0,1,2026-08-26 18:00:00+00:00,2026-08-27 00:00:00+00:00,2026-08-26 18:56:10+00:00,2026-08-27 01:14:23+00:00,378.21666666666664,90.0,90.0,0.0,3.0,3.0,0.0,False,False,False,False
2026-08-27,Denver,KDEN,2,00Z,06Z,00Z->06Z,1,2,2026-08-27 00:00:00+00:00,2026-08-27 06:00:00+00:00,2026-08-27 01:14:23+00:00,2026-08-27 06:47:41+00:00,333.3,90.0,89.0,-1.0,3.0,2.0,-1.0,True,True,True,False
2026-08-27,Denver,KDEN,3,06Z,12Z,06Z->12Z,2,3,2026-08-27 06:00:00+00:00,2026-08-27 12:00:00+00:00,2026-08-27 06:47:41+00:00,2026-08-27 13:42:10+00:00,414.48333333333335,89.0,90.0,1.0,2.0,2.0,0.0,True,False,True,False
2026-08-27,NYC,KNYC,1,prev18Z,00Z,prev18Z->00Z,0,1,2026-08-26 18:00:00+00:00,2026-08-27 00:00:00+00:00,2026-08-26 18:56:10+00:00,2026-08-27 01:14:23+00:00,378.21666666666664,81.0,81.0,0.0,2.0,2.0,0.0,False,False,False,False
2026-08-27,NYC,KNYC,2,00Z,06Z,00Z->06Z,1,2,2026-08-27 00:00:00+00:00,2026-08-27 06:00:00+00:00,2026-08-27 01:14:23+00:00,2026-08-27 06:47:41+00:00,333.3,81.0,81.0,0.0,2.0,2.0,0.0,False,False,False,False
2026-08-27,NYC,KNYC,3,06Z,12Z,06Z->12Z,2,3,2026-08-27 06:00:00+00:00,2026-08-27 12:00:00+00:00,2026-08-27 06:47:41+00:00,2026-08-27 13:42:10+00:00,414.48333333333335,81.0,81.0,0.0,2.0,1.0,-1.0,False,True,True,False
2026-08-28,Chicago,KMDW,1,prev18Z,00Z,prev18Z->00Z,0,1,2026-08-27 18:00:00+00:00,2026-08-28 00:00:00+00:00,2026-08-27 19:01:54+00:00,2026-08-28 01:16:40+00:00,374.76666666666665,82.0,82.0,0.0,2.0,2.0,0.0,False,False,False,False
2026-08-28,Chicago,KMDW,2,00Z,06Z,00Z->06Z,1,2,2026-08-28 00:00:00+00:00,2026-08-28 06:00:00+00:00,2026-08-28 01:16:40+00:00,2026-08-28 06:50:01+00:00,333.35,82.0,82.0,0.0,2.0,2.0,0.0,False,False,False,False
2026-08-28,Chicago,KMDW,3,06Z,12Z,06Z->12Z,2,3,2026-08-28 06:00:00+00:00,2026-08-28 12:00:00+00:00,2026-08-28 06:50:01+00:00,2026-08-28 13:26:20+00:00,396.31666666666666,82.0,82.0,0.0,2.0,2.0,0.0,False,False,False,False
2026-08-28,Denver,KDEN,1,prev18Z,00Z,prev18Z->00Z,0,1,2026-08-27 18:00:00+00:00,2026-08-28 00:00:00+00:00,2026-08-27 19:01:54+00:00,2026-08-28 01:16:40+00:00,374.76666666666665,95.0,95.0,0.0,2.0,2.0,0.0,False,False,False,False
2026-08-28,Denver,KDEN,2,00Z,06Z,00Z->06Z,1,2,2026-08-28 00:00:00+00:00,2026-08-28 06:00:00+00:00,2026-08-28 01:16:40+00:00,2026-08-28 06:50:01+00:00,333.35,95.0,95.0,0.0,2.0,2.0,0.0,False,False,False,False
2026-08-28,Denver,KDEN,3,06Z,12Z,06Z->12Z,2,3,2026-08-28 06:00:00+00:00,2026-08-28 12:00:00+00:00,2026-08-28 06:50:01+00:00,2026-08-28 13:26:20+00:00,396.31666666666666,95.0,95.0,0.0,2.0,2.0,0.0,False,False,False,False
2026-08-28,NYC,KNYC,1,prev18Z,00Z,prev18Z->00Z,0,1,2026-08-27 18:00:00+00:00,2026-08-28 00:00:00+00:00,2026-08-27 19:01:54+00:00,2026-08-28 01:16:40+00:00,374.76666666666665,82.0,82.0,0.0,2.0,2.0,0.0,False,False,False,False
2026-08-28,NYC,KNYC,2,00Z,06Z,00Z->06Z,1,2,2026-08-28 00:00:00+00:00,2026-08-28 06:00:00+00:00,2026-08-28 01:16:40+00:00,2026-08-28 06:50:01+00:00,333.35,82.0,82.0,0.0,2.0,2.0,0.0,False,False,False,False
2026-08-28,NYC,KNYC,3,06Z,12Z,06Z->12Z,2,3,2026-08-28 06:00:00+00:00,2026-08-28 12:00:00+00:00,2026-08-28 06:50:01+00:00,2026-08-28 13:26:20+00:00,396.31666666666666,82.0,82.0,0.0,2.0,2.0,0.0,False,False,False,False
2026-08-29,Chicago,KMDW,1,prev18Z,00Z,prev18Z->00Z,0,1,2026-08-28 18:00:00+00:00,2026-08-29 00:00:00+00:00,2026-08-28 18:48:53+00:00,2026-08-29 01:18:56+00:00,390.05,81.0,82.0,1.0,2.0,2.0,0.0,True,False,True,False
2026-08-29,Chicago,KMDW,2,00Z,06Z,00Z->06Z,1,2,2026-08-29 00:00:00+00:00,2026-08-29 06:00:00+00:00,2026-08-29 01:18:56+00:00,2026-08-29 06:45:27+00:00,326.51666666666665,82.0,82.0,0.0,2.0,2.0,0.0,False,False,False,False
2026-08-29,Chicago,KMDW,3,06Z,12Z,06Z->12Z,2,3,2026-08-29 06:00:00+00:00,2026-08-29 12:00:00+00:00,2026-08-29 06:45:27+00:00,2026-08-29 13:39:00+00:00,413.55,82.0,82.0,0.0,2.0,2.0,0.0,False,False,False,False
2026-08-29,Denver,KDEN,1,prev18Z,00Z,prev18Z->00Z,0,1,2026-08-28 18:00:00+00:00,2026-08-29 00:00:00+00:00,2026-08-28 18:48:53+00:00,2026-08-29 01:18:56+00:00,390.05,94.0,94.0,0.0,2.0,2.0,0.0,False,False,False,False
2026-08-29,Denver,KDEN,2,00Z,06Z,00Z->06Z,1,2,2026-08-29 00:00:00+00:00,2026-08-29 06:00:00+00:00,2026-08-29 01:18:56+00:00,2026-08-29 06:45:27+00:00,326.51666666666665,94.0,93.0,-1.0,2.0,2.0,0.0,True,False,True,False
2026-08-29,Denver,KDEN,3,06Z,12Z,06Z->12Z,2,3,2026-08-29 06:00:00+00:00,2026-08-29 12:00:00+00:00,2026-08-29 06:45:27+00:00,2026-08-29 13:39:00+00:00,413.55,93.0,93.0,0.0,2.0,2.0,0.0,False,False,False,False
2026-08-29,NYC,KNYC,1,prev18Z,00Z,prev18Z->00Z,0,1,2026-08-28 18:00:00+00:00,2026-08-29 00:00:00+00:00,2026-08-28 18:48:53+00:00,2026-08-29 01:18:56+00:00,390.05,80.0,80.0,0.0,1.0,2.0,1.0,False,True,True,False
2026-08-29,NYC,KNYC,2,00Z,06Z,00Z->06Z,1,2,2026-08-29 00:00:00+00:00,2026-08-29 06:00:00+00:00,2026-08-29 01:18:56+00:00,2026-08-29 06:45:27+00:00,326.51666666666665,80.0,80.0,0.0,2.0,2.0,0.0,False,False,False,False
2026-08-29,NYC,KNYC,3,06Z,12Z,06Z->12Z,2,3,2026-08-29 06:00:00+00:00,2026-08-29 12:00:00+00:00,2026-08-29 06:45:27+00:00,2026-08-29 13:39:00+00:00,413.55,80.0,80.0,0.0,2.0,2.0,0.0,False,False,False,False
2026-08-30,Chicago,KMDW,1,prev18Z,00Z,prev18Z->00Z,0,1,2026-08-29 18:00:00+00:00,2026-08-30 00:00:00+00:00,2026-08-29 18:56:06+00:00,2026-08-30 01:17:34+00:00,381.46666666666664,87.0,87.0,0.0,3.0,3.0,0.0,False,False,False,False
2026-08-30,Chicago,KMDW,2,00Z,06Z,00Z->06Z,1,2,2026-08-30 00:00:00+00:00,2026-08-30 06:00:00+00:00,2026-08-30 01:17:34+00:00,2026-08-30 06:45:23+00:00,327.81666666666666,87.0,85.0,-2.0,3.0,3.0,0.0,True,False,True,False
2026-08-30,Chicago,KMDW,3,06Z,12Z,06Z->12Z,2,3,2026-08-30 06:00:00+00:00,2026-08-30 12:00:00+00:00,2026-08-30 06:45:23+00:00,2026-08-30 13:42:41+00:00,417.3,85.0,84.0,-1.0,3.0,2.0,-1.0,True,True,True,False
2026-08-30,Denver,KDEN,1,prev18Z,00Z,prev18Z->00Z,0,1,2026-08-29 18:00:00+00:00,2026-08-30 00:00:00+00:00,2026-08-29 18:56:06+00:00,2026-08-30 01:17:34+00:00,381.46666666666664,89.0,89.0,0.0,3.0,3.0,0.0,False,False,False,False
2026-08-30,Denver,KDEN,2,00Z,06Z,00Z->06Z,1,2,2026-08-30 00:00:00+00:00,2026-08-30 06:00:00+00:00,2026-08-30 01:17:34+00:00,2026-08-30 06:45:23+00:00,327.81666666666666,89.0,88.0,-1.0,3.0,2.0,-1.0,True,True,True,False
2026-08-30,Denver,KDEN,3,06Z,12Z,06Z->12Z,2,3,2026-08-30 06:00:00+00:00,2026-08-30 12:00:00+00:00,2026-08-30 06:45:23+00:00,2026-08-30 13:42:41+00:00,417.3,88.0,89.0,1.0,2.0,2.0,0.0,True,False,True,False
2026-08-30,NYC,KNYC,1,prev18Z,00Z,prev18Z->00Z,0,1,2026-08-29 18:00:00+00:00,2026-08-30 00:00:00+00:00,2026-08-29 18:56:06+00:00,2026-08-30 01:17:34+00:00,381.46666666666664,84.0,83.0,-1.0,2.0,2.0,0.0,True,False,True,False
2026-08-30,NYC,KNYC,2,00Z,06Z,00Z->06Z,1,2,2026-08-30 00:00:00+00:00,2026-08-30 06:00:00+00:00,2026-08-30 01:17:34+00:00,2026-08-30 06:45:23+00:00,327.81666666666666,83.0,82.0,-1.0,2.0,2.0,0.0,True,False,True,False
2026-08-30,NYC,KNYC,3,06Z,12Z,06Z->12Z,2,3,2026-08-30 06:00:00+00:00,2026-08-30 12:00:00+00:00,2026-08-30 06:45:23+00:00,2026-08-30 13:42:41+00:00,417.3,82.0,82.0,0.0,2.0,2.0,0.0,False,False,False,False
2026-08-31,Chicago,KMDW,1,prev18Z,00Z,prev18Z->00Z,0,1,2026-08-30 18:00:00+00:00,2026-08-31 00:00:00+00:00,2026-08-30 18:56:31+00:00,2026-08-31 01:19:00+00:00,382.48333333333335,88.0,88.0,0.0,2.0,2.0,0.0,False,False,False,False
2026-08-31,Chicago,KMDW,2,00Z,06Z,00Z->06Z,1,2,2026-08-31 00:00:00+00:00,2026-08-31 06:00:00+00:00,2026-08-31 01:19:00+00:00,2026-08-31 06:49:06+00:00,330.1,88.0,88.0,0.0,2.0,3.0,1.0,False,True,True,False
2026-08-31,Chicago,KMDW,3,06Z,12Z,06Z->12Z,2,3,2026-08-31 06:00:00+00:00,2026-08-31 12:00:00+00:00,2026-08-31 06:49:06+00:00,2026-08-31 14:08:38+00:00,439.53333333333336,88.0,89.0,1.0,3.0,2.0,-1.0,True,True,True,False
2026-08-31,Denver,KDEN,1,prev18Z,00Z,prev18Z->00Z,0,1,2026-08-30 18:00:00+00:00,2026-08-31 00:00:00+00:00,2026-08-30 18:56:31+00:00,2026-08-31 01:19:00+00:00,382.48333333333335,86.0,86.0,0.0,2.0,2.0,0.0,False,False,False,False
2026-08-31,Denver,KDEN,2,00Z,06Z,00Z->06Z,1,2,2026-08-31 00:00:00+00:00,2026-08-31 06:00:00+00:00,2026-08-31 01:19:00+00:00,2026-08-31 06:49:06+00:00,330.1,86.0,85.0,-1.0,2.0,2.0,0.0,True,False,True,False
2026-08-31,Denver,KDEN,3,06Z,12Z,06Z->12Z,2,3,2026-08-31 06:00:00+00:00,2026-08-31 12:00:00+00:00,2026-08-31 06:49:06+00:00,2026-08-31 14:08:38+00:00,439.53333333333336,85.0,84.0,-1.0,2.0,2.0,0.0,True,False,True,False
2026-08-31,NYC,KNYC,1,prev18Z,00Z,prev18Z->00Z,0,1,2026-08-30 18:00:00+00:00,2026-08-31 00:00:00+00:00,2026-08-30 18:56:31+00:00,2026-08-31 01:19:00+00:00,382.48333333333335,81.0,81.0,0.0,2.0,2.0,0.0,False,False,False,False
2026-08-31,NYC,KNYC,2,00Z,06Z,00Z->06Z,1,2,2026-08-31 00:00:00+00:00,2026-08-31 06:00:00+00:00,2026-08-31 01:19:00+00:00,2026-08-31 06:49:06+00:00,330.1,81.0,79.0,-2.0,2.0,3.0,1.0,True,True,True,False
2026-08-31,NYC,KNYC,3,06Z,12Z,06Z->12Z,2,3,2026-08-31 06:00:00+00:00,2026-08-31 12:00:00+00:00,2026-08-31 06:49:06+00:00,2026-08-31 14:08:38+00:00,439.53333333333336,79.0,78.0,-1.0,3.0,4.0,1.0,True,True,True,False
2026-09-01,Chicago,KMDW,1,prev18Z,00Z,prev18Z->00Z,0,1,2026-08-31 18:00:00+00:00,2026-09-01 00:00:00+00:00,2026-08-31 19:00:04+00:00,2026-09-01 01:16:16+00:00,376.2,91.0,91.0,0.0,3.0,3.0,0.0,False,False,False,False
2026-09-01,Chicago,KMDW,2,00Z,06Z,00Z->06Z,1,2,2026-09-01 00:00:00+00:00,2026-09-01 06:00:00+00:00,2026-09-01 01:16:16+00:00,2026-09-01 06:51:02+00:00,334.76666666666665,91.0,92.0,1.0,3.0,3.0,0.0,True,False,True,False
2026-09-01,Chicago,KMDW,3,06Z,12Z,06Z->12Z,2,3,2026-09-01 06:00:00+00:00,2026-09-01 12:00:00+00:00,2026-09-01 06:51:02+00:00,2026-09-01 13:34:48+00:00,403.76666666666665,92.0,92.0,0.0,3.0,2.0,-1.0,False,True,True,False
2026-09-01,Denver,KDEN,1,prev18Z,00Z,prev18Z->00Z,0,1,2026-08-31 18:00:00+00:00,2026-09-01 00:00:00+00:00,2026-08-31 19:00:04+00:00,2026-09-01 01:16:16+00:00,376.2,85.0,85.0,0.0,2.0,2.0,0.0,False,False,False,False
2026-09-01,Denver,KDEN,2,00Z,06Z,00Z->06Z,1,2,2026-09-01 00:00:00+00:00,2026-09-01 06:00:00+00:00,2026-09-01 01:16:16+00:00,2026-09-01 06:51:02+00:00,334.76666666666665,85.0,85.0,0.0,2.0,2.0,0.0,False,False,False,False
2026-09-01,Denver,KDEN,3,06Z,12Z,06Z->12Z,2,3,2026-09-01 06:00:00+00:00,2026-09-01 12:00:00+00:00,2026-09-01 06:51:02+00:00,2026-09-01 13:34:48+00:00,403.76666666666665,85.0,85.0,0.0,2.0,2.0,0.0,False,False,False,False
2026-09-01,NYC,KNYC,1,prev18Z,00Z,prev18Z->00Z,0,1,2026-08-31 18:00:00+00:00,2026-09-01 00:00:00+00:00,2026-08-31 19:00:04+00:00,2026-09-01 01:16:16+00:00,376.2,83.0,83.0,0.0,3.0,3.0,0.0,False,False,False,False
2026-09-01,NYC,KNYC,2,00Z,06Z,00Z->06Z,1,2,2026-09-01 00:00:00+00:00,2026-09-01 06:00:00+00:00,2026-09-01 01:16:16+00:00,2026-09-01 06:51:02+00:00,334.76666666666665,83.0,83.0,0.0,3.0,3.0,0.0,False,False,False,False
2026-09-01,NYC,KNYC,3,06Z,12Z,06Z->12Z,2,3,2026-09-01 06:00:00+00:00,2026-09-01 12:00:00+00:00,2026-09-01 06:51:02+00:00,2026-09-01 13:34:48+00:00,403.76666666666665,83.0,83.0,0.0,3.0,3.0,0.0,False,False,False,False
2026-09-02,Chicago,KMDW,1,prev18Z,00Z,prev18Z->00Z,0,1,2026-09-01 18:00:00+00:00,2026-09-02 00:00:00+00:00,2026-09-01 18:50:25+00:00,2026-09-02 01:19:43+00:00,389.3,94.0,93.0,-1.0,2.0,2.0,0.0,True,False,True,False
2026-09-02,Chicago,KMDW,2,00Z,06Z,00Z->06Z,1,2,2026-09-02 00:00:00+00:00,2026-09-02 06:00:00+00:00,2026-09-02 01:19:43+00:00,2026-09-02 06:47:07+00:00,327.4,93.0,94.0,1.0,2.0,2.0,0.0,True,False,True,False
2026-09-02,Chicago,KMDW,3,06Z,12Z,06Z->12Z,2,3,2026-09-02 06:00:00+00:00,2026-09-02 12:00:00+00:00,2026-09-02 06:47:07+00:00,2026-09-02 13:39:50+00:00,412.71666666666664,94.0,93.0,-1.0,2.0,2.0,0.0,True,False,True,False
2026-09-02,Denver,KDEN,1,prev18Z,00Z,prev18Z->00Z,0,1,2026-09-01 18:00:00+00:00,2026-09-02 00:00:00+00:00,2026-09-01 18:50:25+00:00,2026-09-02 01:19:43+00:00,389.3,90.0,89.0,-1.0,2.0,2.0,0.0,True,False,True,False
2026-09-02,Denver,KDEN,2,00Z,06Z,00Z->06Z,1,2,2026-09-02 00:00:00+00:00,2026-09-02 06:00:00+00:00,2026-09-02 01:19:43+00:00,2026-09-02 06:47:07+00:00,327.4,89.0,89.0,0.0,2.0,1.0,-1.0,False,True,True,False
2026-09-02,Denver,KDEN,3,06Z,12Z,06Z->12Z,2,3,2026-09-02 06:00:00+00:00,2026-09-02 12:00:00+00:00,2026-09-02 06:47:07+00:00,2026-09-02 13:39:50+00:00,412.71666666666664,89.0,89.0,0.0,1.0,2.0,1.0,False,True,True,False
2026-09-02,NYC,KNYC,1,prev18Z,00Z,prev18Z->00Z,0,1,2026-09-01 18:00:00+00:00,2026-09-02 00:00:00+00:00,2026-09-01 18:50:25+00:00,2026-09-02 01:19:43+00:00,389.3,75.0,75.0,0.0,2.0,3.0,1.0,False,True,True,False
2026-09-02,NYC,KNYC,2,00Z,06Z,00Z->06Z,1,2,2026-09-02 00:00:00+00:00,2026-09-02 06:00:00+00:00,2026-09-02 01:19:43+00:00,2026-09-02 06:47:07+00:00,327.4,75.0,74.0,-1.0,3.0,3.0,0.0,True,False,True,False
2026-09-02,NYC,KNYC,3,06Z,12Z,06Z->12Z,2,3,2026-09-02 06:00:00+00:00,2026-09-02 12:00:00+00:00,2026-09-02 06:47:07+00:00,2026-09-02 13:39:50+00:00,412.71666666666664,74.0,75.0,1.0,3.0,2.0,-1.0,True,True,True,False
2026-09-03,Chicago,KMDW,1,prev18Z,00Z,prev18Z->00Z,0,1,2026-09-02 18:00:00+00:00,2026-09-03 00:00:00+00:00,2026-09-02 18:46:08+00:00,2026-09-03 01:18:53+00:00,392.75,91.0,91.0,0.0,4.0,4.0,0.0,False,False,False,False
2026-09-03,Chicago,KMDW,2,00Z,06Z,00Z->06Z,1,2,2026-09-03 00:00:00+00:00,2026-09-03 06:00:00+00:00,2026-09-03 01:18:53+00:00,2026-09-03 06:47:15+00:00,328.3666666666667,91.0,91.0,0.0,4.0,3.0,-1.0,False,True,True,False
2026-09-03,Chicago,KMDW,3,06Z,12Z,06Z->12Z,2,3,2026-09-03 06:00:00+00:00,2026-09-03 12:00:00+00:00,2026-09-03 06:47:15+00:00,2026-09-03 13:30:58+00:00,403.71666666666664,91.0,91.0,0.0,3.0,3.0,0.0,False,False,False,False
2026-09-03,Denver,KDEN,1,prev18Z,00Z,prev18Z->00Z,0,1,2026-09-02 18:00:00+00:00,2026-09-03 00:00:00+00:00,2026-09-02 18:46:08+00:00,2026-09-03 01:18:53+00:00,392.75,90.0,90.0,0.0,2.0,2.0,0.0,False,False,False,False
2026-09-03,Denver,KDEN,2,00Z,06Z,00Z->06Z,1,2,2026-09-03 00:00:00+00:00,2026-09-03 06:00:00+00:00,2026-09-03 01:18:53+00:00,2026-09-03 06:47:15+00:00,328.3666666666667,90.0,90.0,0.0,2.0,2.0,0.0,False,False,False,False
2026-09-03,Denver,KDEN,3,06Z,12Z,06Z->12Z,2,3,2026-09-03 06:00:00+00:00,2026-09-03 12:00:00+00:00,2026-09-03 06:47:15+00:00,2026-09-03 13:30:58+00:00,403.71666666666664,90.0,91.0,1.0,2.0,2.0,0.0,True,False,True,False
2026-09-03,NYC,KNYC,1,prev18Z,00Z,prev18Z->00Z,0,1,2026-09-02 18:00:00+00:00,2026-09-03 00:00:00+00:00,2026-09-02 18:46:08+00:00,2026-09-03 01:18:53+00:00,392.75,84.0,84.0,0.0,2.0,2.0,0.0,False,False,False,False
2026-09-03,NYC,KNYC,2,00Z,06Z,00Z->06Z,1,2,2026-09-03 00:00:00+00:00,2026-09-03 06:00:00+00:00,2026-09-03 01:18:53+00:00,2026-09-03 06:47:15+00:00,328.3666666666667,84.0,84.0,0.0,2.0,2.0,0.0,False,False,False,False
2026-09-03,NYC,KNYC,3,06Z,12Z,06Z->12Z,2,3,2026-09-03 06:00:00+00:00,2026-09-03 12:00:00+00:00,2026-09-03 06:47:15+00:00,2026-09-03 13:30:58+00:00,403.71666666666664,84.0,85.0,1.0,2.0,2.0,0.0,True,False,True,False
2026-09-04,Chicago,KMDW,1,prev18Z,00Z,prev18Z->00Z,0,1,2026-09-03 18:00:00+00:00,2026-09-04 00:00:00+00:00,2026-09-03 18:47:34+00:00,2026-09-04 01:17:45+00:00,390.18333333333334,92.0,92.0,0.0,4.0,3.0,-1.0,False,True,True,False
2026-09-04,Chicago,KMDW,2,00Z,06Z,00Z->06Z,1,2,2026-09-04 00:00:00+00:00,2026-09-04 06:00:00+00:00,2026-09-04 01:17:45+00:00,2026-09-04 06:49:26+00:00,331.68333333333334,92.0,93.0,1.0,3.0,3.0,0.0,True,False,True,False
2026-09-04,Chicago,KMDW,3,06Z,12Z,06Z->12Z,2,3,2026-09-04 06:00:00+00:00,2026-09-04 12:00:00+00:00,2026-09-04 06:49:26+00:00,2026-09-04 13:32:31+00:00,403.0833333333333,93.0,91.0,-2.0,3.0,3.0,0.0,True,False,True,False
2026-09-04,Denver,KDEN,1,prev18Z,00Z,prev18Z->00Z,0,1,2026-09-03 18:00:00+00:00,2026-09-04 00:00:00+00:00,2026-09-03 18:47:34+00:00,2026-09-04 01:17:45+00:00,390.18333333333334,92.0,91.0,-1.0,2.0,2.0,0.0,True,False,True,False
2026-09-04,Denver,KDEN,2,00Z,06Z,00Z->06Z,1,2,2026-09-04 00:00:00+00:00,2026-09-04 06:00:00+00:00,2026-09-04 01:17:45+00:00,2026-09-04 06:49:26+00:00,331.68333333333334,91.0,91.0,0.0,2.0,2.0,0.0,False,False,False,False
2026-09-04,Denver,KDEN,3,06Z,12Z,06Z->12Z,2,3,2026-09-04 06:00:00+00:00,2026-09-04 12:00:00+00:00,2026-09-04 06:49:26+00:00,2026-09-04 13:32:31+00:00,403.0833333333333,91.0,92.0,1.0,2.0,2.0,0.0,True,False,True,False
2026-09-04,NYC,KNYC,1,prev18Z,00Z,prev18Z->00Z,0,1,2026-09-03 18:00:00+00:00,2026-09-04 00:00:00+00:00,2026-09-03 18:47:34+00:00,2026-09-04 01:17:45+00:00,390.18333333333334,83.0,83.0,0.0,2.0,2.0,0.0,False,False,False,False
2026-09-04,NYC,KNYC,2,00Z,06Z,00Z->06Z,1,2,2026-09-04 00:00:00+00:00,2026-09-04 06:00:00+00:00,2026-09-04 01:17:45+00:00,2026-09-04 06:49:26+00:00,331.68333333333334,83.0,84.0,1.0,2.0,2.0,0.0,True,False,True,False
2026-09-04,NYC,KNYC,3,06Z,12Z,06Z->12Z,2,3,2026-09-04 06:00:00+00:00,2026-09-04 12:00:00+00:00,2026-09-04 06:49:26+00:00,2026-09-04 13:32:31+00:00,403.0833333333333,84.0,84.0,0.0,2.0,1.0,-1.0,False,True,True,False
2026-09-05,Chicago,KMDW,1,prev18Z,00Z,prev18Z->00Z,0,1,2026-09-04 18:00:00+00:00,2026-09-05 00:00:00+00:00,2026-09-04 18:46:45+00:00,2026-09-05 01:19:09+00:00,392.4,84.0,83.0,-1.0,3.0,3.0,0.0,True,False,True,False
2026-09-05,Chicago,KMDW,2,00Z,06Z,00Z->06Z,1,2,2026-09-05 00:00:00+00:00,2026-09-05 06:00:00+00:00,2026-09-05 01:19:09+00:00,2026-09-05 06:45:22+00:00,326.21666666666664,83.0,82.0,-1.0,3.0,3.0,0.0,True,False,True,False
2026-09-05,Chicago,KMDW,3,06Z,12Z,06Z->12Z,2,3,2026-09-05 06:00:00+00:00,2026-09-05 12:00:00+00:00,2026-09-05 06:45:22+00:00,2026-09-05 13:39:59+00:00,414.6166666666667,82.0,81.0,-1.0,3.0,2.0,-1.0,True,True,True,False
2026-09-05,Denver,KDEN,1,prev18Z,00Z,prev18Z->00Z,0,1,2026-09-04 18:00:00+00:00,2026-09-05 00:00:00+00:00,2026-09-04 18:46:45+00:00,2026-09-05 01:19:09+00:00,392.4,91.0,91.0,0.0,3.0,4.0,1.0,False,True,True,False
2026-09-05,Denver,KDEN,2,00Z,06Z,00Z->06Z,1,2,2026-09-05 00:00:00+00:00,2026-09-05 06:00:00+00:00,2026-09-05 01:19:09+00:00,2026-09-05 06:45:22+00:00,326.21666666666664,91.0,91.0,0.0,4.0,3.0,-1.0,False,True,True,False
2026-09-05,Denver,KDEN,3,06Z,12Z,06Z->12Z,2,3,2026-09-05 06:00:00+00:00,2026-09-05 12:00:00+00:00,2026-09-05 06:45:22+00:00,2026-09-05 13:39:59+00:00,414.6166666666667,91.0,92.0,1.0,3.0,3.0,0.0,True,False,True,False
2026-09-05,NYC,KNYC,1,prev18Z,00Z,prev18Z->00Z,0,1,2026-09-04 18:00:00+00:00,2026-09-05 00:00:00+00:00,2026-09-04 18:46:45+00:00,2026-09-05 01:19:09+00:00,392.4,80.0,80.0,0.0,1.0,2.0,1.0,False,True,True,False
2026-09-05,NYC,KNYC,2,00Z,06Z,00Z->06Z,1,2,2026-09-05 00:00:00+00:00,2026-09-05 06:00:00+00:00,2026-09-05 01:19:09+00:00,2026-09-05 06:45:22+00:00,326.21666666666664,80.0,80.0,0.0,2.0,1.0,-1.0,False,True,True,False
2026-09-05,NYC,KNYC,3,06Z,12Z,06Z->12Z,2,3,2026-09-05 06:00:00+00:00,2026-09-05 12:00:00+00:00,2026-09-05 06:45:22+00:00,2026-09-05 13:39:59+00:00,414.6166666666667,80.0,80.0,0.0,1.0,2.0,1.0,False,True,True,False
2026-09-06,Chicago,KMDW,1,prev18Z,00Z,prev18Z->00Z,0,1,2026-09-05 18:00:00+00:00,2026-09-06 00:00:00+00:00,2026-09-05 18:46:40+00:00,2026-09-06 01:20:11+00:00,393.51666666666665,77.0,77.0,0.0,2.0,2.0,0.0,False,False,False,False
2026-09-06,Chicago,KMDW,2,00Z,06Z,00Z->06Z,1,2,2026-09-06 00:00:00+00:00,2026-09-06 06:00:00+00:00,2026-09-06 01:20:11+00:00,2026-09-06 06:46:45+00:00,326.56666666666666,77.0,77.0,0.0,2.0,2.0,0.0,False,False,False,False
2026-09-06,Chicago,KMDW,3,06Z,12Z,06Z->12Z,2,3,2026-09-06 06:00:00+00:00,2026-09-06 12:00:00+00:00,2026-09-06 06:46:45+00:00,2026-09-06 13:36:32+00:00,409.78333333333336,77.0,77.0,0.0,2.0,2.0,0.0,False,False,False,False
2026-09-06,Denver,KDEN,1,prev18Z,00Z,prev18Z->00Z,0,1,2026-09-05 18:00:00+00:00,2026-09-06 00:00:00+00:00,2026-09-05 18:46:40+00:00,2026-09-06 01:20:11+00:00,393.51666666666665,92.0,92.0,0.0,3.0,2.0,-1.0,False,True,True,False
2026-09-06,Denver,KDEN,2,00Z,06Z,00Z->06Z,1,2,2026-09-06 00:00:00+00:00,2026-09-06 06:00:00+00:00,2026-09-06 01:20:11+00:00,2026-09-06 06:46:45+00:00,326.56666666666666,92.0,91.0,-1.0,2.0,2.0,0.0,True,False,True,False
2026-09-06,Denver,KDEN,3,06Z,12Z,06Z->12Z,2,3,2026-09-06 06:00:00+00:00,2026-09-06 12:00:00+00:00,2026-09-06 06:46:45+00:00,2026-09-06 13:36:32+00:00,409.78333333333336,91.0,91.0,0.0,2.0,2.0,0.0,False,False,False,False
2026-09-06,NYC,KNYC,1,prev18Z,00Z,prev18Z->00Z,0,1,2026-09-05 18:00:00+00:00,2026-09-06 00:00:00+00:00,2026-09-05 18:46:40+00:00,2026-09-06 01:20:11+00:00,393.51666666666665,74.0,74.0,0.0,3.0,3.0,0.0,False,False,False,False
2026-09-06,NYC,KNYC,2,00Z,06Z,00Z->06Z,1,2,2026-09-06 00:00:00+00:00,2026-09-06 06:00:00+00:00,2026-09-06 01:20:11+00:00,2026-09-06 06:46:45+00:00,326.56666666666666,74.0,74.0,0.0,3.0,3.0,0.0,False,False,False,False
2026-09-06,NYC,KNYC,3,06Z,12Z,06Z->12Z,2,3,2026-09-06 06:00:00+00:00,2026-09-06 12:00:00+00:00,2026-09-06 06:46:45+00:00,2026-09-06 13:36:32+00:00,409.78333333333336,74.0,74.0,0.0,3.0,2.0,-1.0,False,True,True,False
2026-09-07,Chicago,KMDW,1,prev18Z,00Z,prev18Z->00Z,0,1,2026-09-06 18:00:00+00:00,2026-09-07 00:00:00+00:00,2026-09-06 18:44:08+00:00,2026-09-07 01:20:18+00:00,396.1666666666667,79.0,79.0,0.0,2.0,2.0,0.0,False,False,False,False
2026-09-07,Chicago,KMDW,2,00Z,06Z,00Z->06Z,1,2,2026-09-07 00:00:00+00:00,2026-09-07 06:00:00+00:00,2026-09-07 01:20:18+00:00,2026-09-07 06:49:50+00:00,329.53333333333336,79.0,79.0,0.0,2.0,2.0,0.0,False,False,False,False
2026-09-07,Chicago,KMDW,3,06Z,12Z,06Z->12Z,2,3,2026-09-07 06:00:00+00:00,2026-09-07 12:00:00+00:00,2026-09-07 06:49:50+00:00,2026-09-07 13:35:39+00:00,405.81666666666666,79.0,79.0,0.0,2.0,2.0,0.0,False,False,False,False
2026-09-07,Denver,KDEN,1,prev18Z,00Z,prev18Z->00Z,0,1,2026-09-06 18:00:00+00:00,2026-09-07 00:00:00+00:00,2026-09-06 18:44:08+00:00,2026-09-07 01:20:18+00:00,396.1666666666667,91.0,91.0,0.0,3.0,3.0,0.0,False,False,False,False
2026-09-07,Denver,KDEN,2,00Z,06Z,00Z->06Z,1,2,2026-09-07 00:00:00+00:00,2026-09-07 06:00:00+00:00,2026-09-07 01:20:18+00:00,2026-09-07 06:49:50+00:00,329.53333333333336,91.0,90.0,-1.0,3.0,2.0,-1.0,True,True,True,False
2026-09-07,Denver,KDEN,3,06Z,12Z,06Z->12Z,2,3,2026-09-07 06:00:00+00:00,2026-09-07 12:00:00+00:00,2026-09-07 06:49:50+00:00,2026-09-07 13:35:39+00:00,405.81666666666666,90.0,90.0,0.0,2.0,2.0,0.0,False,False,False,False
2026-09-07,NYC,KNYC,1,prev18Z,00Z,prev18Z->00Z,0,1,2026-09-06 18:00:00+00:00,2026-09-07 00:00:00+00:00,2026-09-06 18:44:08+00:00,2026-09-07 01:20:18+00:00,396.1666666666667,79.0,80.0,1.0,1.0,1.0,0.0,True,False,True,False
2026-09-07,NYC,KNYC,2,00Z,06Z,00Z->06Z,1,2,2026-09-07 00:00:00+00:00,2026-09-07 06:00:00+00:00,2026-09-07 01:20:18+00:00,2026-09-07 06:49:50+00:00,329.53333333333336,80.0,80.0,0.0,1.0,1.0,0.0,False,False,False,False
2026-09-07,NYC,KNYC,3,06Z,12Z,06Z->12Z,2,3,2026-09-07 06:00:00+00:00,2026-09-07 12:00:00+00:00,2026-09-07 06:49:50+00:00,2026-09-07 13:35:39+00:00,405.81666666666666,80.0,80.0,0.0,1.0,1.0,0.0,False,False,False,False
2026-09-08,Chicago,KMDW,1,prev18Z,00Z,prev18Z->00Z,0,1,2026-09-07 18:00:00+00:00,2026-09-08 00:00:00+00:00,2026-09-07 18:48:08+00:00,2026-09-08 01:18:58+00:00,390.8333333333333,87.0,86.0,-1.0,3.0,2.0,-1.0,True,True,True,False
2026-09-08,Chicago,KMDW,2,00Z,06Z,00Z->06Z,1,2,2026-09-08 00:00:00+00:00,2026-09-08 06:00:00+00:00,2026-09-08 01:18:58+00:00,2026-09-08 06:48:02+00:00,329.06666666666666,86.0,86.0,0.0,2.0,2.0,0.0,False,False,False,False
2026-09-08,Chicago,KMDW,3,06Z,12Z,06Z->12Z,2,3,2026-09-08 06:00:00+00:00,2026-09-08 12:00:00+00:00,2026-09-08 06:48:02+00:00,2026-09-08 13:37:25+00:00,409.3833333333333,86.0,86.0,0.0,2.0,2.0,0.0,False,False,False,False
2026-09-08,Denver,KDEN,1,prev18Z,00Z,prev18Z->00Z,0,1,2026-09-07 18:00:00+00:00,2026-09-08 00:00:00+00:00,2026-09-07 18:48:08+00:00,2026-09-08 01:18:58+00:00,390.8333333333333,86.0,86.0,0.0,2.0,2.0,0.0,False,False,False,False
2026-09-08,Denver,KDEN,2,00Z,06Z,00Z->06Z,1,2,2026-09-08 00:00:00+00:00,2026-09-08 06:00:00+00:00,2026-09-08 01:18:58+00:00,2026-09-08 06:48:02+00:00,329.06666666666666,86.0,85.0,-1.0,2.0,2.0,0.0,True,False,True,False
2026-09-08,Denver,KDEN,3,06Z,12Z,06Z->12Z,2,3,2026-09-08 06:00:00+00:00,2026-09-08 12:00:00+00:00,2026-09-08 06:48:02+00:00,2026-09-08 13:37:25+00:00,409.3833333333333,85.0,84.0,-1.0,2.0,2.0,0.0,True,False,True,False
2026-09-08,NYC,KNYC,1,prev18Z,00Z,prev18Z->00Z,0,1,2026-09-07 18:00:00+00:00,2026-09-08 00:00:00+00:00,2026-09-07 18:48:08+00:00,2026-09-08 01:18:58+00:00,390.8333333333333,83.0,83.0,0.0,2.0,2.0,0.0,False,False,False,False
2026-09-08,NYC,KNYC,2,00Z,06Z,00Z->06Z,1,2,2026-09-08 00:00:00+00:00,2026-09-08 06:00:00+00:00,2026-09-08 01:18:58+00:00,2026-09-08 06:48:02+00:00,329.06666666666666,83.0,83.0,0.0,2.0,2.0,0.0,False,False,False,False
2026-09-08,NYC,KNYC,3,06Z,12Z,06Z->12Z,2,3,2026-09-08 06:00:00+00:00,2026-09-08 12:00:00+00:00,2026-09-08 06:48:02+00:00,2026-09-08 13:37:25+00:00,409.3833333333333,83.0,83.0,0.0,2.0,1.0,-1.0,False,True,True,False
2026-09-09,Chicago,KMDW,1,prev18Z,00Z,prev18Z->00Z,0,1,2026-09-08 18:00:00+00:00,2026-09-09 00:00:00+00:00,2026-09-08 18:45:21+00:00,2026-09-09 01:17:08+00:00,391.78333333333336,83.0,83.0,0.0,3.0,3.0,0.0,False,False,False,False
2026-09-09,Chicago,KMDW,2,00Z,06Z,00Z->06Z,1,2,2026-09-09 00:00:00+00:00,2026-09-09 06:00:00+00:00,2026-09-09 01:17:08+00:00,2026-09-09 06:45:10+00:00,328.03333333333336,83.0,82.0,-1.0,3.0,2.0,-1.0,True,True,True,False
2026-09-09,Chicago,KMDW,3,06Z,12Z,06Z->12Z,2,3,2026-09-09 06:00:00+00:00,2026-09-09 12:00:00+00:00,2026-09-09 06:45:10+00:00,2026-09-09 13:37:14+00:00,412.06666666666666,82.0,82.0,0.0,2.0,2.0,0.0,False,False,False,False
2026-09-09,Denver,KDEN,1,prev18Z,00Z,prev18Z->00Z,0,1,2026-09-08 18:00:00+00:00,2026-09-09 00:00:00+00:00,2026-09-08 18:45:21+00:00,2026-09-09 01:17:08+00:00,391.78333333333336,82.0,82.0,0.0,3.0,3.0,0.0,False,False,False,False
2026-09-09,Denver,KDEN,2,00Z,06Z,00Z->06Z,1,2,2026-09-09 00:00:00+00:00,2026-09-09 06:00:00+00:00,2026-09-09 01:17:08+00:00,2026-09-09 06:45:10+00:00,328.03333333333336,82.0,81.0,-1.0,3.0,2.0,-1.0,True,True,True,False
2026-09-09,Denver,KDEN,3,06Z,12Z,06Z->12Z,2,3,2026-09-09 06:00:00+00:00,2026-09-09 12:00:00+00:00,2026-09-09 06:45:10+00:00,2026-09-09 13:37:14+00:00,412.06666666666666,81.0,81.0,0.0,2.0,2.0,0.0,False,False,False,False
2026-09-09,NYC,KNYC,1,prev18Z,00Z,prev18Z->00Z,0,1,2026-09-08 18:00:00+00:00,2026-09-09 00:00:00+00:00,2026-09-08 18:45:21+00:00,2026-09-09 01:17:08+00:00,391.78333333333336,86.0,86.0,0.0,2.0,2.0,0.0,False,False,False,False
2026-09-09,NYC,KNYC,2,00Z,06Z,00Z->06Z,1,2,2026-09-09 00:00:00+00:00,2026-09-09 06:00:00+00:00,2026-09-09 01:17:08+00:00,2026-09-09 06:45:10+00:00,328.03333333333336,86.0,86.0,0.0,2.0,2.0,0.0,False,False,False,False
2026-09-09,NYC,KNYC,3,06Z,12Z,06Z->12Z,2,3,2026-09-09 06:00:00+00:00,2026-09-09 12:00:00+00:00,2026-09-09 06:45:10+00:00,2026-09-09 13:37:14+00:00,412.06666666666666,86.0,86.0,0.0,2.0,2.0,0.0,False,False,False,False
2026-09-10,Chicago,KMDW,1,prev18Z,00Z,prev18Z->00Z,0,1,2026-09-09 18:00:00+00:00,2026-09-10 00:00:00+00:00,2026-09-09 18:45:36+00:00,2026-09-10 01:17:27+00:00,391.85,78.0,79.0,1.0,2.0,2.0,0.0,True,False,True,False
2026-09-10,Chicago,KMDW,2,00Z,06Z,00Z->06Z,1,2,2026-09-10 00:00:00+00:00,2026-09-10 06:00:00+00:00,2026-09-10 01:17:27+00:00,2026-09-10 06:52:07+00:00,334.6666666666667,79.0,78.0,-1.0,2.0,2.0,0.0,True,False,True,False
2026-09-10,Chicago,KMDW,3,06Z,12Z,06Z->12Z,2,3,2026-09-10 06:00:00+00:00,2026-09-10 12:00:00+00:00,2026-09-10 06:52:07+00:00,2026-09-10 13:30:46+00:00,398.65,78.0,78.0,0.0,2.0,2.0,0.0,False,False,False,False
2026-09-10,Denver,KDEN,1,prev18Z,00Z,prev18Z->00Z,0,1,2026-09-09 18:00:00+00:00,2026-09-10 00:00:00+00:00,2026-09-09 18:45:36+00:00,2026-09-10 01:17:27+00:00,391.85,88.0,88.0,0.0,2.0,2.0,0.0,False,False,False,False
2026-09-10,Denver,KDEN,2,00Z,06Z,00Z->06Z,1,2,2026-09-10 00:00:00+00:00,2026-09-10 06:00:00+00:00,2026-09-10 01:17:27+00:00,2026-09-10 06:52:07+00:00,334.6666666666667,88.0,88.0,0.0,2.0,2.0,0.0,False,False,False,False
2026-09-10,Denver,KDEN,3,06Z,12Z,06Z->12Z,2,3,2026-09-10 06:00:00+00:00,2026-09-10 12:00:00+00:00,2026-09-10 06:52:07+00:00,2026-09-10 13:30:46+00:00,398.65,88.0,88.0,0.0,2.0,2.0,0.0,False,False,False,False
2026-09-10,NYC,KNYC,1,prev18Z,00Z,prev18Z->00Z,0,1,2026-09-09 18:00:00+00:00,2026-09-10 00:00:00+00:00,2026-09-09 18:45:36+00:00,2026-09-10 01:17:27+00:00,391.85,86.0,87.0,1.0,3.0,2.0,-1.0,True,True,True,False
2026-09-10,NYC,KNYC,2,00Z,06Z,00Z->06Z,1,2,2026-09-10 00:00:00+00:00,2026-09-10 06:00:00+00:00,2026-09-10 01:17:27+00:00,2026-09-10 06:52:07+00:00,334.6666666666667,87.0,88.0,1.0,2.0,2.0,0.0,True,False,True,False
2026-09-10,NYC,KNYC,3,06Z,12Z,06Z->12Z,2,3,2026-09-10 06:00:00+00:00,2026-09-10 12:00:00+00:00,2026-09-10 06:52:07+00:00,2026-09-10 13:30:46+00:00,398.65,88.0,88.0,0.0,2.0,1.0,-1.0,False,True,True,False
2026-09-11,Chicago,KMDW,1,prev18Z,00Z,prev18Z->00Z,0,1,2026-09-10 18:00:00+00:00,2026-09-11 00:00:00+00:00,2026-09-10 18:48:16+00:00,2026-09-11 01:16:21+00:00,388.0833333333333,80.0,79.0,-1.0,2.0,2.0,0.0,True,False,True,False
2026-09-11,Chicago,KMDW,2,00Z,06Z,00Z->06Z,1,2,2026-09-11 00:00:00+00:00,2026-09-11 06:00:00+00:00,2026-09-11 01:16:21+00:00,2026-09-11 06:45:54+00:00,329.55,79.0,80.0,1.0,2.0,2.0,0.0,True,False,True,False
2026-09-11,Chicago,KMDW,3,06Z,12Z,06Z->12Z,2,3,2026-09-11 06:00:00+00:00,2026-09-11 12:00:00+00:00,2026-09-11 06:45:54+00:00,2026-09-11 13:33:52+00:00,407.96666666666664,80.0,80.0,0.0,2.0,2.0,0.0,False,False,False,False
2026-09-11,Denver,KDEN,1,prev18Z,00Z,prev18Z->00Z,0,1,2026-09-10 18:00:00+00:00,2026-09-11 00:00:00+00:00,2026-09-10 18:48:16+00:00,2026-09-11 01:16:21+00:00,388.0833333333333,91.0,91.0,0.0,2.0,2.0,0.0,False,False,False,False
2026-09-11,Denver,KDEN,2,00Z,06Z,00Z->06Z,1,2,2026-09-11 00:00:00+00:00,2026-09-11 06:00:00+00:00,2026-09-11 01:16:21+00:00,2026-09-11 06:45:54+00:00,329.55,91.0,91.0,0.0,2.0,2.0,0.0,False,False,False,False
2026-09-11,Denver,KDEN,3,06Z,12Z,06Z->12Z,2,3,2026-09-11 06:00:00+00:00,2026-09-11 12:00:00+00:00,2026-09-11 06:45:54+00:00,2026-09-11 13:33:52+00:00,407.96666666666664,91.0,91.0,0.0,2.0,1.0,-1.0,False,True,True,False
2026-09-11,NYC,KNYC,1,prev18Z,00Z,prev18Z->00Z,0,1,2026-09-10 18:00:00+00:00,2026-09-11 00:00:00+00:00,2026-09-10 18:48:16+00:00,2026-09-11 01:16:21+00:00,388.0833333333333,80.0,79.0,-1.0,2.0,2.0,0.0,True,False,True,False
2026-09-11,NYC,KNYC,2,00Z,06Z,00Z->06Z,1,2,2026-09-11 00:00:00+00:00,2026-09-11 06:00:00+00:00,2026-09-11 01:16:21+00:00,2026-09-11 06:45:54+00:00,329.55,79.0,80.0,1.0,2.0,2.0,0.0,True,False,True,False
2026-09-11,NYC,KNYC,3,06Z,12Z,06Z->12Z,2,3,2026-09-11 06:00:00+00:00,2026-09-11 12:00:00+00:00,2026-09-11 06:45:54+00:00,2026-09-11 13:33:52+00:00,407.96666666666664,80.0,80.0,0.0,2.0,2.0,0.0,False,False,False,False
2026-09-12,Chicago,KMDW,1,prev18Z,00Z,prev18Z->00Z,0,1,2026-09-11 18:00:00+00:00,2026-09-12 00:00:00+00:00,2026-09-11 18:49:27+00:00,2026-09-12 01:17:45+00:00,388.3,86.0,86.0,0.0,2.0,2.0,0.0,False,False,False,False
2026-09-12,Chicago,KMDW,2,00Z,06Z,00Z->06Z,1,2,2026-09-12 00:00:00+00:00,2026-09-12 06:00:00+00:00,2026-09-12 01:17:45+00:00,2026-09-12 06:48:07+00:00,330.3666666666667,86.0,86.0,0.0,2.0,2.0,0.0,False,False,False,False
2026-09-12,Chicago,KMDW,3,06Z,12Z,06Z->12Z,2,3,2026-09-12 06:00:00+00:00,2026-09-12 12:00:00+00:00,2026-09-12 06:48:07+00:00,2026-09-12 13:41:46+00:00,413.65,86.0,87.0,1.0,2.0,2.0,0.0,True,False,True,False
2026-09-12,Denver,KDEN,1,prev18Z,00Z,prev18Z->00Z,0,1,2026-09-11 18:00:00+00:00,2026-09-12 00:00:00+00:00,2026-09-11 18:49:27+00:00,2026-09-12 01:17:45+00:00,388.3,85.0,85.0,0.0,3.0,2.0,-1.0,False,True,True,False
2026-09-12,Denver,KDEN,2,00Z,06Z,00Z->06Z,1,2,2026-09-12 00:00:00+00:00,2026-09-12 06:00:00+00:00,2026-09-12 01:17:45+00:00,2026-09-12 06:48:07+00:00,330.3666666666667,85.0,84.0,-1.0,2.0,3.0,1.0,True,True,True,False
2026-09-12,Denver,KDEN,3,06Z,12Z,06Z->12Z,2,3,2026-09-12 06:00:00+00:00,2026-09-12 12:00:00+00:00,2026-09-12 06:48:07+00:00,2026-09-12 13:41:46+00:00,413.65,84.0,85.0,1.0,3.0,3.0,0.0,True,False,True,False
2026-09-12,NYC,KNYC,1,prev18Z,00Z,prev18Z->00Z,0,1,2026-09-11 18:00:00+00:00,2026-09-12 00:00:00+00:00,2026-09-11 18:49:27+00:00,2026-09-12 01:17:45+00:00,388.3,79.0,79.0,0.0,2.0,2.0,0.0,False,False,False,False
2026-09-12,NYC,KNYC,2,00Z,06Z,00Z->06Z,1,2,2026-09-12 00:00:00+00:00,2026-09-12 06:00:00+00:00,2026-09-12 01:17:45+00:00,2026-09-12 06:48:07+00:00,330.3666666666667,79.0,79.0,0.0,2.0,2.0,0.0,False,False,False,False
2026-09-12,NYC,KNYC,3,06Z,12Z,06Z->12Z,2,3,2026-09-12 06:00:00+00:00,2026-09-12 12:00:00+00:00,2026-09-12 06:48:07+00:00,2026-09-12 13:41:46+00:00,413.65,79.0,78.0,-1.0,2.0,2.0,0.0,True,False,True,False
2026-09-13,Chicago,KMDW,1,prev18Z,00Z,prev18Z->00Z,0,1,2026-09-12 18:00:00+00:00,2026-09-13 00:00:00+00:00,2026-09-12 18:49:58+00:00,2026-09-13 01:23:31+00:00,393.55,76.0,76.0,0.0,3.0,3.0,0.0,False,False,False,False
2026-09-13,Chicago,KMDW,2,00Z,06Z,00Z->06Z,1,2,2026-09-13 00:00:00+00:00,2026-09-13 06:00:00+00:00,2026-09-13 01:23:31+00:00,2026-09-13 07:10:26+00:00,346.9166666666667,76.0,75.0,-1.0,3.0,2.0,-1.0,True,True,True,False
2026-09-13,Chicago,KMDW,3,06Z,12Z,06Z->12Z,2,3,2026-09-13 06:00:00+00:00,2026-09-13 12:00:00+00:00,2026-09-13 07:10:26+00:00,2026-09-13 13:34:06+00:00,383.6666666666667,75.0,75.0,0.0,2.0,2.0,0.0,False,False,False,False
2026-09-13,Denver,KDEN,1,prev18Z,00Z,prev18Z->00Z,0,1,2026-09-12 18:00:00+00:00,2026-09-13 00:00:00+00:00,2026-09-12 18:49:58+00:00,2026-09-13 01:23:31+00:00,393.55,93.0,92.0,-1.0,2.0,2.0,0.0,True,False,True,False
2026-09-13,Denver,KDEN,2,00Z,06Z,00Z->06Z,1,2,2026-09-13 00:00:00+00:00,2026-09-13 06:00:00+00:00,2026-09-13 01:23:31+00:00,2026-09-13 07:10:26+00:00,346.9166666666667,92.0,92.0,0.0,2.0,2.0,0.0,False,False,False,False
2026-09-13,Denver,KDEN,3,06Z,12Z,06Z->12Z,2,3,2026-09-13 06:00:00+00:00,2026-09-13 12:00:00+00:00,2026-09-13 07:10:26+00:00,2026-09-13 13:34:06+00:00,383.6666666666667,92.0,93.0,1.0,2.0,2.0,0.0,True,False,True,False
2026-09-13,NYC,KNYC,1,prev18Z,00Z,prev18Z->00Z,0,1,2026-09-12 18:00:00+00:00,2026-09-13 00:00:00+00:00,2026-09-12 18:49:58+00:00,2026-09-13 01:23:31+00:00,393.55,80.0,80.0,0.0,3.0,2.0,-1.0,False,True,True,False
2026-09-13,NYC,KNYC,2,00Z,06Z,00Z->06Z,1,2,2026-09-13 00:00:00+00:00,2026-09-13 06:00:00+00:00,2026-09-13 01:23:31+00:00,2026-09-13 07:10:26+00:00,346.9166666666667,80.0,80.0,0.0,2.0,2.0,0.0,False,False,False,False
2026-09-13,NYC,KNYC,3,06Z,12Z,06Z->12Z,2,3,2026-09-13 06:00:00+00:00,2026-09-13 12:00:00+00:00,2026-09-13 07:10:26+00:00,2026-09-13 13:34:06+00:00,383.6666666666667,80.0,80.0,0.0,2.0,3.0,1.0,False,True,True,False
2026-09-14,Chicago,KMDW,1,prev18Z,00Z,prev18Z->00Z,0,1,2026-09-13 18:00:00+00:00,2026-09-14 00:00:00+00:00,2026-09-13 18:46:04+00:00,2026-09-14 01:18:49+00:00,392.75,75.0,75.0,0.0,2.0,2.0,0.0,False,False,False,False
2026-09-14,Chicago,KMDW,2,00Z,06Z,00Z->06Z,1,2,2026-09-14 00:00:00+00:00,2026-09-14 06:00:00+00:00,2026-09-14 01:18:49+00:00,2026-09-14 07:03:47+00:00,344.96666666666664,75.0,75.0,0.0,2.0,2.0,0.0,False,False,False,False
2026-09-14,Chicago,KMDW,3,06Z,12Z,06Z->12Z,2,3,2026-09-14 06:00:00+00:00,2026-09-14 12:00:00+00:00,2026-09-14 07:03:47+00:00,2026-09-14 13:38:03+00:00,394.26666666666665,75.0,75.0,0.0,2.0,2.0,0.0,False,False,False,False
2026-09-14,Denver,KDEN,1,prev18Z,00Z,prev18Z->00Z,0,1,2026-09-13 18:00:00+00:00,2026-09-14 00:00:00+00:00,2026-09-13 18:46:04+00:00,2026-09-14 01:18:49+00:00,392.75,88.0,88.0,0.0,2.0,2.0,0.0,False,False,False,False
2026-09-14,Denver,KDEN,2,00Z,06Z,00Z->06Z,1,2,2026-09-14 00:00:00+00:00,2026-09-14 06:00:00+00:00,2026-09-14 01:18:49+00:00,2026-09-14 07:03:47+00:00,344.96666666666664,88.0,88.0,0.0,2.0,2.0,0.0,False,False,False,False
2026-09-14,Denver,KDEN,3,06Z,12Z,06Z->12Z,2,3,2026-09-14 06:00:00+00:00,2026-09-14 12:00:00+00:00,2026-09-14 07:03:47+00:00,2026-09-14 13:38:03+00:00,394.26666666666665,88.0,89.0,1.0,2.0,2.0,0.0,True,False,True,False
2026-09-14,NYC,KNYC,1,prev18Z,00Z,prev18Z->00Z,0,1,2026-09-13 18:00:00+00:00,2026-09-14 00:00:00+00:00,2026-09-13 18:46:04+00:00,2026-09-14 01:18:49+00:00,392.75,74.0,75.0,1.0,2.0,2.0,0.0,True,False,True,False
2026-09-14,NYC,KNYC,2,00Z,06Z,00Z->06Z,1,2,2026-09-14 00:00:00+00:00,2026-09-14 06:00:00+00:00,2026-09-14 01:18:49+00:00,2026-09-14 07:03:47+00:00,344.96666666666664,75.0,74.0,-1.0,2.0,1.0,-1.0,True,True,True,False
2026-09-14,NYC,KNYC,3,06Z,12Z,06Z->12Z,2,3,2026-09-14 06:00:00+00:00,2026-09-14 12:00:00+00:00,2026-09-14 07:03:47+00:00,2026-09-14 13:38:03+00:00,394.26666666666665,74.0,74.0,0.0,1.0,2.0,1.0,False,True,True,False
2026-09-15,Chicago,KMDW,1,prev18Z,00Z,prev18Z->00Z,0,1,2026-09-14 18:00:00+00:00,2026-09-15 00:00:00+00:00,2026-09-14 20:58:58+00:00,2026-09-15 01:18:37+00:00,259.65,85.0,86.0,1.0,4.0,4.0,0.0,True,False,True,False
2026-09-15,Chicago,KMDW,2,00Z,06Z,00Z->06Z,1,2,2026-09-15 00:00:00+00:00,2026-09-15 06:00:00+00:00,2026-09-15 01:18:37+00:00,2026-09-15 06:44:15+00:00,325.6333333333333,86.0,86.0,0.0,4.0,3.0,-1.0,False,True,True,False
2026-09-15,Chicago,KMDW,3,06Z,12Z,06Z->12Z,2,3,2026-09-15 06:00:00+00:00,2026-09-15 12:00:00+00:00,2026-09-15 06:44:15+00:00,2026-09-15 13:40:31+00:00,416.26666666666665,86.0,86.0,0.0,3.0,3.0,0.0,False,False,False,False
2026-09-15,Denver,KDEN,1,prev18Z,00Z,prev18Z->00Z,0,1,2026-09-14 18:00:00+00:00,2026-09-15 00:00:00+00:00,2026-09-14 20:58:58+00:00,2026-09-15 01:18:37+00:00,259.65,77.0,77.0,0.0,3.0,3.0,0.0,False,False,False,False
2026-09-15,Denver,KDEN,2,00Z,06Z,00Z->06Z,1,2,2026-09-15 00:00:00+00:00,2026-09-15 06:00:00+00:00,2026-09-15 01:18:37+00:00,2026-09-15 06:44:15+00:00,325.6333333333333,77.0,75.0,-2.0,3.0,3.0,0.0,True,False,True,False
2026-09-15,Denver,KDEN,3,06Z,12Z,06Z->12Z,2,3,2026-09-15 06:00:00+00:00,2026-09-15 12:00:00+00:00,2026-09-15 06:44:15+00:00,2026-09-15 13:40:31+00:00,416.26666666666665,75.0,75.0,0.0,3.0,3.0,0.0,False,False,False,False
2026-09-15,NYC,KNYC,1,prev18Z,00Z,prev18Z->00Z,0,1,2026-09-14 18:00:00+00:00,2026-09-15 00:00:00+00:00,2026-09-14 20:58:58+00:00,2026-09-15 01:18:37+00:00,259.65,71.0,71.0,0.0,2.0,2.0,0.0,False,False,False,False
2026-09-15,NYC,KNYC,2,00Z,06Z,00Z->06Z,1,2,2026-09-15 00:00:00+00:00,2026-09-15 06:00:00+00:00,2026-09-15 01:18:37+00:00,2026-09-15 06:44:15+00:00,325.6333333333333,71.0,72.0,1.0,2.0,2.0,0.0,True,False,True,False
2026-09-15,NYC,KNYC,3,06Z,12Z,06Z->12Z,2,3,2026-09-15 06:00:00+00:00,2026-09-15 12:00:00+00:00,2026-09-15 06:44:15+00:00,2026-09-15 13:40:31+00:00,416.26666666666665,72.0,72.0,0.0,2.0,2.0,0.0,False,False,False,False
2026-09-16,Chicago,KMDW,1,prev18Z,00Z,prev18Z->00Z,0,1,2026-09-15 18:00:00+00:00,2026-09-16 00:00:00+00:00,2026-09-15 18:47:20+00:00,2026-09-16 01:16:35+00:00,389.25,74.0,74.0,0.0,3.0,3.0,0.0,False,False,False,False
2026-09-16,Chicago,KMDW,2,00Z,06Z,00Z->06Z,1,2,2026-09-16 00:00:00+00:00,2026-09-16 06:00:00+00:00,2026-09-16 01:16:35+00:00,2026-09-16 06:47:10+00:00,330.5833333333333,74.0,75.0,1.0,3.0,3.0,0.0,True,False,True,False
2026-09-16,Chicago,KMDW,3,06Z,12Z,06Z->12Z,2,3,2026-09-16 06:00:00+00:00,2026-09-16 12:00:00+00:00,2026-09-16 06:47:10+00:00,2026-09-16 13:25:15+00:00,398.0833333333333,75.0,76.0,1.0,3.0,2.0,-1.0,True,True,True,False
2026-09-16,Denver,KDEN,1,prev18Z,00Z,prev18Z->00Z,0,1,2026-09-15 18:00:00+00:00,2026-09-16 00:00:00+00:00,2026-09-15 18:47:20+00:00,2026-09-16 01:16:35+00:00,389.25,82.0,82.0,0.0,3.0,3.0,0.0,False,False,False,False
2026-09-16,Denver,KDEN,2,00Z,06Z,00Z->06Z,1,2,2026-09-16 00:00:00+00:00,2026-09-16 06:00:00+00:00,2026-09-16 01:16:35+00:00,2026-09-16 06:47:10+00:00,330.5833333333333,82.0,83.0,1.0,3.0,3.0,0.0,True,False,True,False
2026-09-16,Denver,KDEN,3,06Z,12Z,06Z->12Z,2,3,2026-09-16 06:00:00+00:00,2026-09-16 12:00:00+00:00,2026-09-16 06:47:10+00:00,2026-09-16 13:25:15+00:00,398.0833333333333,83.0,83.0,0.0,3.0,3.0,0.0,False,False,False,False
2026-09-16,NYC,KNYC,1,prev18Z,00Z,prev18Z->00Z,0,1,2026-09-15 18:00:00+00:00,2026-09-16 00:00:00+00:00,2026-09-15 18:47:20+00:00,2026-09-16 01:16:35+00:00,389.25,80.0,79.0,-1.0,2.0,2.0,0.0,True,False,True,False
2026-09-16,NYC,KNYC,2,00Z,06Z,00Z->06Z,1,2,2026-09-16 00:00:00+00:00,2026-09-16 06:00:00+00:00,2026-09-16 01:16:35+00:00,2026-09-16 06:47:10+00:00,330.5833333333333,79.0,79.0,0.0,2.0,2.0,0.0,False,False,False,False
2026-09-16,NYC,KNYC,3,06Z,12Z,06Z->12Z,2,3,2026-09-16 06:00:00+00:00,2026-09-16 12:00:00+00:00,2026-09-16 06:47:10+00:00,2026-09-16 13:25:15+00:00,398.0833333333333,79.0,79.0,0.0,2.0,2.0,0.0,False,False,False,False
2026-09-17,Chicago,KMDW,1,prev18Z,00Z,prev18Z->00Z,0,1,2026-09-16 18:00:00+00:00,2026-09-17 00:00:00+00:00,2026-09-16 18:45:32+00:00,2026-09-17 01:19:31+00:00,393.98333333333335,77.0,77.0,0.0,3.0,3.0,0.0,False,False,False,False
2026-09-17,Chicago,KMDW,2,00Z,06Z,00Z->06Z,1,2,2026-09-17 00:00:00+00:00,2026-09-17 06:00:00+00:00,2026-09-17 01:19:31+00:00,2026-09-17 06:48:11+00:00,328.6666666666667,77.0,78.0,1.0,3.0,3.0,0.0,True,False,True,False
2026-09-17,Chicago,KMDW,3,06Z,12Z,06Z->12Z,2,3,2026-09-17 06:00:00+00:00,2026-09-17 12:00:00+00:00,2026-09-17 06:48:11+00:00,2026-09-17 13:33:20+00:00,405.15,78.0,78.0,0.0,3.0,3.0,0.0,False,False,False,False
2026-09-17,Denver,KDEN,1,prev18Z,00Z,prev18Z->00Z,0,1,2026-09-16 18:00:00+00:00,2026-09-17 00:00:00+00:00,2026-09-16 18:45:32+00:00,2026-09-17 01:19:31+00:00,393.98333333333335,84.0,83.0,-1.0,3.0,3.0,0.0,True,False,True,False
2026-09-17,Denver,KDEN,2,00Z,06Z,00Z->06Z,1,2,2026-09-17 00:00:00+00:00,2026-09-17 06:00:00+00:00,2026-09-17 01:19:31+00:00,2026-09-17 06:48:11+00:00,328.6666666666667,83.0,82.0,-1.0,3.0,3.0,0.0,True,False,True,False
2026-09-17,Denver,KDEN,3,06Z,12Z,06Z->12Z,2,3,2026-09-17 06:00:00+00:00,2026-09-17 12:00:00+00:00,2026-09-17 06:48:11+00:00,2026-09-17 13:33:20+00:00,405.15,82.0,84.0,2.0,3.0,3.0,0.0,True,False,True,False
2026-09-17,NYC,KNYC,1,prev18Z,00Z,prev18Z->00Z,0,1,2026-09-16 18:00:00+00:00,2026-09-17 00:00:00+00:00,2026-09-16 18:45:32+00:00,2026-09-17 01:19:31+00:00,393.98333333333335,82.0,82.0,0.0,2.0,2.0,0.0,False,False,False,False
2026-09-17,NYC,KNYC,2,00Z,06Z,00Z->06Z,1,2,2026-09-17 00:00:00+00:00,2026-09-17 06:00:00+00:00,2026-09-17 01:19:31+00:00,2026-09-17 06:48:11+00:00,328.6666666666667,82.0,81.0,-1.0,2.0,2.0,0.0,True,False,True,False
2026-09-17,NYC,KNYC,3,06Z,12Z,06Z->12Z,2,3,2026-09-17 06:00:00+00:00,2026-09-17 12:00:00+00:00,2026-09-17 06:48:11+00:00,2026-09-17 13:33:20+00:00,405.15,81.0,82.0,1.0,2.0,2.0,0.0,True,False,True,False
2026-09-18,Chicago,KMDW,1,prev18Z,00Z,prev18Z->00Z,0,1,2026-09-17 18:00:00+00:00,2026-09-18 00:00:00+00:00,2026-09-17 18:45:37+00:00,2026-09-18 01:16:40+00:00,391.05,72.0,72.0,0.0,2.0,2.0,0.0,False,False,False,False
2026-09-18,Chicago,KMDW,2,00Z,06Z,00Z->06Z,1,2,2026-09-18 00:00:00+00:00,2026-09-18 06:00:00+00:00,2026-09-18 01:16:40+00:00,2026-09-18 06:45:35+00:00,328.9166666666667,72.0,72.0,0.0,2.0,2.0,0.0,False,False,False,False
2026-09-18,Chicago,KMDW,3,06Z,12Z,06Z->12Z,2,3,2026-09-18 06:00:00+00:00,2026-09-18 12:00:00+00:00,2026-09-18 06:45:35+00:00,2026-09-18 13:35:42+00:00,410.1166666666667,72.0,73.0,1.0,2.0,2.0,0.0,True,False,True,False
2026-09-18,Denver,KDEN,1,prev18Z,00Z,prev18Z->00Z,0,1,2026-09-17 18:00:00+00:00,2026-09-18 00:00:00+00:00,2026-09-17 18:45:37+00:00,2026-09-18 01:16:40+00:00,391.05,85.0,85.0,0.0,2.0,2.0,0.0,False,False,False,False
2026-09-18,Denver,KDEN,2,00Z,06Z,00Z->06Z,1,2,2026-09-18 00:00:00+00:00,2026-09-18 06:00:00+00:00,2026-09-18 01:16:40+00:00,2026-09-18 06:45:35+00:00,328.9166666666667,85.0,85.0,0.0,2.0,2.0,0.0,False,False,False,False
2026-09-18,Denver,KDEN,3,06Z,12Z,06Z->12Z,2,3,2026-09-18 06:00:00+00:00,2026-09-18 12:00:00+00:00,2026-09-18 06:45:35+00:00,2026-09-18 13:35:42+00:00,410.1166666666667,85.0,86.0,1.0,2.0,2.0,0.0,True,False,True,False
2026-09-18,NYC,KNYC,1,prev18Z,00Z,prev18Z->00Z,0,1,2026-09-17 18:00:00+00:00,2026-09-18 00:00:00+00:00,2026-09-17 18:45:37+00:00,2026-09-18 01:16:40+00:00,391.05,80.0,81.0,1.0,1.0,1.0,0.0,True,False,True,False
2026-09-18,NYC,KNYC,2,00Z,06Z,00Z->06Z,1,2,2026-09-18 00:00:00+00:00,2026-09-18 06:00:00+00:00,2026-09-18 01:16:40+00:00,2026-09-18 06:45:35+00:00,328.9166666666667,81.0,81.0,0.0,1.0,1.0,0.0,False,False,False,False
2026-09-18,NYC,KNYC,3,06Z,12Z,06Z->12Z,2,3,2026-09-18 06:00:00+00:00,2026-09-18 12:00:00+00:00,2026-09-18 06:45:35+00:00,2026-09-18 13:35:42+00:00,410.1166666666667,81.0,81.0,0.0,1.0,1.0,0.0,False,False,False,False
2026-09-19,Chicago,KMDW,1,prev18Z,00Z,prev18Z->00Z,0,1,2026-09-18 18:00:00+00:00,2026-09-19 00:00:00+00:00,2026-09-18 18:54:57+00:00,2026-09-19 01:16:32+00:00,381.5833333333333,77.0,77.0,0.0,7.0,6.0,-1.0,False,True,True,False
2026-09-19,Chicago,KMDW,2,00Z,06Z,00Z->06Z,1,2,2026-09-19 00:00:00+00:00,2026-09-19 06:00:00+00:00,2026-09-19 01:16:32+00:00,2026-09-19 06:48:17+00:00,331.75,77.0,77.0,0.0,6.0,6.0,0.0,False,False,False,False
2026-09-19,Chicago,KMDW,3,06Z,12Z,06Z->12Z,2,3,2026-09-19 06:00:00+00:00,2026-09-19 12:00:00+00:00,2026-09-19 06:48:17+00:00,2026-09-19 13:21:07+00:00,392.8333333333333,77.0,77.0,0.0,6.0,5.0,-1.0,False,True,True,False
2026-09-19,Denver,KDEN,1,prev18Z,00Z,prev18Z->00Z,0,1,2026-09-18 18:00:00+00:00,2026-09-19 00:00:00+00:00,2026-09-18 18:54:57+00:00,2026-09-19 01:16:32+00:00,381.5833333333333,76.0,76.0,0.0,3.0,3.0,0.0,False,False,False,False
2026-09-19,Denver,KDEN,2,00Z,06Z,00Z->06Z,1,2,2026-09-19 00:00:00+00:00,2026-09-19 06:00:00+00:00,2026-09-19 01:16:32+00:00,2026-09-19 06:48:17+00:00,331.75,76.0,76.0,0.0,3.0,3.0,0.0,False,False,False,False
2026-09-19,Denver,KDEN,3,06Z,12Z,06Z->12Z,2,3,2026-09-19 06:00:00+00:00,2026-09-19 12:00:00+00:00,2026-09-19 06:48:17+00:00,2026-09-19 13:21:07+00:00,392.8333333333333,76.0,77.0,1.0,3.0,2.0,-1.0,True,True,True,False
2026-09-19,NYC,KNYC,1,prev18Z,00Z,prev18Z->00Z,0,1,2026-09-18 18:00:00+00:00,2026-09-19 00:00:00+00:00,2026-09-18 18:54:57+00:00,2026-09-19 01:16:32+00:00,381.5833333333333,71.0,71.0,0.0,3.0,3.0,0.0,False,False,False,False
2026-09-19,NYC,KNYC,2,00Z,06Z,00Z->06Z,1,2,2026-09-19 00:00:00+00:00,2026-09-19 06:00:00+00:00,2026-09-19 01:16:32+00:00,2026-09-19 06:48:17+00:00,331.75,71.0,71.0,0.0,3.0,3.0,0.0,False,False,False,False
2026-09-19,NYC,KNYC,3,06Z,12Z,06Z->12Z,2,3,2026-09-19 06:00:00+00:00,2026-09-19 12:00:00+00:00,2026-09-19 06:48:17+00:00,2026-09-19 13:21:07+00:00,392.8333333333333,71.0,71.0,0.0,3.0,3.0,0.0,False,False,False,False
2026-09-20,Chicago,KMDW,1,prev18Z,00Z,prev18Z->00Z,0,1,2026-09-19 18:00:00+00:00,2026-09-20 00:00:00+00:00,2026-09-19 18:47:37+00:00,2026-09-20 01:20:30+00:00,392.8833333333333,69.0,70.0,1.0,1.0,2.0,1.0,True,True,True,False
2026-09-20,Chicago,KMDW,2,00Z,06Z,00Z->06Z,1,2,2026-09-20 00:00:00+00:00,2026-09-20 06:00:00+00:00,2026-09-20 01:20:30+00:00,2026-09-20 06:45:45+00:00,325.25,70.0,69.0,-1.0,2.0,2.0,0.0,True,False,True,False
2026-09-20,Chicago,KMDW,3,06Z,12Z,06Z->12Z,2,3,2026-09-20 06:00:00+00:00,2026-09-20 12:00:00+00:00,2026-09-20 06:45:45+00:00,2026-09-20 13:25:06+00:00,399.35,69.0,70.0,1.0,2.0,2.0,0.0,True,False,True,False
2026-09-20,Denver,KDEN,1,prev18Z,00Z,prev18Z->00Z,0,1,2026-09-19 18:00:00+00:00,2026-09-20 00:00:00+00:00,2026-09-19 18:47:37+00:00,2026-09-20 01:20:30+00:00,392.8833333333333,71.0,72.0,1.0,3.0,2.0,-1.0,True,True,True,False
2026-09-20,Denver,KDEN,2,00Z,06Z,00Z->06Z,1,2,2026-09-20 00:00:00+00:00,2026-09-20 06:00:00+00:00,2026-09-20 01:20:30+00:00,2026-09-20 06:45:45+00:00,325.25,72.0,72.0,0.0,2.0,2.0,0.0,False,False,False,False
2026-09-20,Denver,KDEN,3,06Z,12Z,06Z->12Z,2,3,2026-09-20 06:00:00+00:00,2026-09-20 12:00:00+00:00,2026-09-20 06:45:45+00:00,2026-09-20 13:25:06+00:00,399.35,72.0,73.0,1.0,2.0,3.0,1.0,True,True,True,False
2026-09-20,NYC,KNYC,1,prev18Z,00Z,prev18Z->00Z,0,1,2026-09-19 18:00:00+00:00,2026-09-20 00:00:00+00:00,2026-09-19 18:47:37+00:00,2026-09-20 01:20:30+00:00,392.8833333333333,71.0,71.0,0.0,4.0,4.0,0.0,False,False,False,False
2026-09-20,NYC,KNYC,2,00Z,06Z,00Z->06Z,1,2,2026-09-20 00:00:00+00:00,2026-09-20 06:00:00+00:00,2026-09-20 01:20:30+00:00,2026-09-20 06:45:45+00:00,325.25,71.0,70.0,-1.0,4.0,3.0,-1.0,True,True,True,False
2026-09-20,NYC,KNYC,3,06Z,12Z,06Z->12Z,2,3,2026-09-20 06:00:00+00:00,2026-09-20 12:00:00+00:00,2026-09-20 06:45:45+00:00,2026-09-20 13:25:06+00:00,399.35,70.0,71.0,1.0,3.0,3.0,0.0,True,False,True,False
2026-09-21,Chicago,KMDW,1,prev18Z,00Z,prev18Z->00Z,0,1,2026-09-20 18:00:00+00:00,2026-09-21 00:00:00+00:00,2026-09-20 18:46:22+00:00,2026-09-21 01:17:55+00:00,391.55,65.0,65.0,0.0,2.0,2.0,0.0,False,False,False,False
2026-09-21,Chicago,KMDW,2,00Z,06Z,00Z->06Z,1,2,2026-09-21 00:00:00+00:00,2026-09-21 06:00:00+00:00,2026-09-21 01:17:55+00:00,2026-09-21 06:56:03+00:00,338.1333333333333,65.0,65.0,0.0,2.0,2.0,0.0,False,False,False,False
2026-09-21,Chicago,KMDW,3,06Z,12Z,06Z->12Z,2,3,2026-09-21 06:00:00+00:00,2026-09-21 12:00:00+00:00,2026-09-21 06:56:03+00:00,2026-09-21 13:24:06+00:00,388.05,65.0,65.0,0.0,2.0,2.0,0.0,False,False,False,False
2026-09-21,Denver,KDEN,1,prev18Z,00Z,prev18Z->00Z,0,1,2026-09-20 18:00:00+00:00,2026-09-21 00:00:00+00:00,2026-09-20 18:46:22+00:00,2026-09-21 01:17:55+00:00,391.55,74.0,74.0,0.0,2.0,1.0,-1.0,False,True,True,False
2026-09-21,Denver,KDEN,2,00Z,06Z,00Z->06Z,1,2,2026-09-21 00:00:00+00:00,2026-09-21 06:00:00+00:00,2026-09-21 01:17:55+00:00,2026-09-21 06:56:03+00:00,338.1333333333333,74.0,74.0,0.0,1.0,2.0,1.0,False,True,True,False
2026-09-21,Denver,KDEN,3,06Z,12Z,06Z->12Z,2,3,2026-09-21 06:00:00+00:00,2026-09-21 12:00:00+00:00,2026-09-21 06:56:03+00:00,2026-09-21 13:24:06+00:00,388.05,74.0,75.0,1.0,2.0,2.0,0.0,True,False,True,False
2026-09-21,NYC,KNYC,1,prev18Z,00Z,prev18Z->00Z,0,1,2026-09-20 18:00:00+00:00,2026-09-21 00:00:00+00:00,2026-09-20 18:46:22+00:00,2026-09-21 01:17:55+00:00,391.55,70.0,70.0,0.0,3.0,3.0,0.0,False,False,False,False
2026-09-21,NYC,KNYC,2,00Z,06Z,00Z->06Z,1,2,2026-09-21 00:00:00+00:00,2026-09-21 06:00:00+00:00,2026-09-21 01:17:55+00:00,2026-09-21 06:56:03+00:00,338.1333333333333,70.0,71.0,1.0,3.0,3.0,0.0,True,False,True,False
2026-09-21,NYC,KNYC,3,06Z,12Z,06Z->12Z,2,3,2026-09-21 06:00:00+00:00,2026-09-21 12:00:00+00:00,2026-09-21 06:56:03+00:00,2026-09-21 13:24:06+00:00,388.05,71.0,73.0,2.0,3.0,2.0,-1.0,True,True,True,False
2026-09-22,Chicago,KMDW,1,prev18Z,00Z,prev18Z->00Z,0,1,2026-09-21 18:00:00+00:00,2026-09-22 00:00:00+00:00,2026-09-21 18:43:34+00:00,2026-09-22 01:15:49+00:00,392.25,63.0,63.0,0.0,2.0,2.0,0.0,False,False,False,False
2026-09-22,Chicago,KMDW,2,00Z,06Z,00Z->06Z,1,2,2026-09-22 00:00:00+00:00,2026-09-22 06:00:00+00:00,2026-09-22 01:15:49+00:00,2026-09-22 06:45:05+00:00,329.26666666666665,63.0,63.0,0.0,2.0,2.0,0.0,False,False,False,False
2026-09-22,Chicago,KMDW,3,06Z,12Z,06Z->12Z,2,3,2026-09-22 06:00:00+00:00,2026-09-22 12:00:00+00:00,2026-09-22 06:45:05+00:00,2026-09-22 13:31:54+00:00,406.81666666666666,63.0,65.0,2.0,2.0,2.0,0.0,True,False,True,False
2026-09-22,Denver,KDEN,1,prev18Z,00Z,prev18Z->00Z,0,1,2026-09-21 18:00:00+00:00,2026-09-22 00:00:00+00:00,2026-09-21 18:43:34+00:00,2026-09-22 01:15:49+00:00,392.25,82.0,82.0,0.0,2.0,2.0,0.0,False,False,False,False
2026-09-22,Denver,KDEN,2,00Z,06Z,00Z->06Z,1,2,2026-09-22 00:00:00+00:00,2026-09-22 06:00:00+00:00,2026-09-22 01:15:49+00:00,2026-09-22 06:45:05+00:00,329.26666666666665,82.0,82.0,0.0,2.0,2.0,0.0,False,False,False,False
2026-09-22,Denver,KDEN,3,06Z,12Z,06Z->12Z,2,3,2026-09-22 06:00:00+00:00,2026-09-22 12:00:00+00:00,2026-09-22 06:45:05+00:00,2026-09-22 13:31:54+00:00,406.81666666666666,82.0,84.0,2.0,2.0,2.0,0.0,True,False,True,False
2026-09-22,NYC,KNYC,1,prev18Z,00Z,prev18Z->00Z,0,1,2026-09-21 18:00:00+00:00,2026-09-22 00:00:00+00:00,2026-09-21 18:43:34+00:00,2026-09-22 01:15:49+00:00,392.25,64.0,64.0,0.0,3.0,3.0,0.0,False,False,False,False
2026-09-22,NYC,KNYC,2,00Z,06Z,00Z->06Z,1,2,2026-09-22 00:00:00+00:00,2026-09-22 06:00:00+00:00,2026-09-22 01:15:49+00:00,2026-09-22 06:45:05+00:00,329.26666666666665,64.0,64.0,0.0,3.0,3.0,0.0,False,False,False,False
2026-09-22,NYC,KNYC,3,06Z,12Z,06Z->12Z,2,3,2026-09-22 06:00:00+00:00,2026-09-22 12:00:00+00:00,2026-09-22 06:45:05+00:00,2026-09-22 13:31:54+00:00,406.81666666666666,64.0,67.0,3.0,3.0,3.0,0.0,True,False,True,False
2026-09-23,Chicago,KMDW,1,prev18Z,00Z,prev18Z->00Z,0,1,2026-09-22 18:00:00+00:00,2026-09-23 00:00:00+00:00,2026-09-22 18:43:33+00:00,2026-09-23 01:18:36+00:00,395.05,67.0,66.0,-1.0,2.0,2.0,0.0,True,False,True,False
2026-09-23,Chicago,KMDW,2,00Z,06Z,00Z->06Z,1,2,2026-09-23 00:00:00+00:00,2026-09-23 06:00:00+00:00,2026-09-23 01:18:36+00:00,2026-09-23 06:46:11+00:00,327.5833333333333,66.0,66.0,0.0,2.0,2.0,0.0,False,False,False,False
2026-09-23,Chicago,KMDW,3,06Z,12Z,06Z->12Z,2,3,2026-09-23 06:00:00+00:00,2026-09-23 12:00:00+00:00,2026-09-23 06:46:11+00:00,2026-09-23 13:35:02+00:00,408.85,66.0,68.0,2.0,2.0,3.0,1.0,True,True,True,False
2026-09-23,Denver,KDEN,1,prev18Z,00Z,prev18Z->00Z,0,1,2026-09-22 18:00:00+00:00,2026-09-23 00:00:00+00:00,2026-09-22 18:43:33+00:00,2026-09-23 01:18:36+00:00,395.05,79.0,79.0,0.0,3.0,2.0,-1.0,False,True,True,False
2026-09-23,Denver,KDEN,2,00Z,06Z,00Z->06Z,1,2,2026-09-23 00:00:00+00:00,2026-09-23 06:00:00+00:00,2026-09-23 01:18:36+00:00,2026-09-23 06:46:11+00:00,327.5833333333333,79.0,78.0,-1.0,2.0,2.0,0.0,True,False,True,False
2026-09-23,Denver,KDEN,3,06Z,12Z,06Z->12Z,2,3,2026-09-23 06:00:00+00:00,2026-09-23 12:00:00+00:00,2026-09-23 06:46:11+00:00,2026-09-23 13:35:02+00:00,408.85,78.0,80.0,2.0,2.0,2.0,0.0,True,False,True,False
2026-09-23,NYC,KNYC,1,prev18Z,00Z,prev18Z->00Z,0,1,2026-09-22 18:00:00+00:00,2026-09-23 00:00:00+00:00,2026-09-22 18:43:33+00:00,2026-09-23 01:18:36+00:00,395.05,67.0,67.0,0.0,2.0,2.0,0.0,False,False,False,False
2026-09-23,NYC,KNYC,2,00Z,06Z,00Z->06Z,1,2,2026-09-23 00:00:00+00:00,2026-09-23 06:00:00+00:00,2026-09-23 01:18:36+00:00,2026-09-23 06:46:11+00:00,327.5833333333333,67.0,67.0,0.0,2.0,2.0,0.0,False,False,False,False
2026-09-23,NYC,KNYC,3,06Z,12Z,06Z->12Z,2,3,2026-09-23 06:00:00+00:00,2026-09-23 12:00:00+00:00,2026-09-23 06:46:11+00:00,2026-09-23 13:35:02+00:00,408.85,67.0,69.0,2.0,2.0,2.0,0.0,True,False,True,False
2026-09-24,Chicago,KMDW,1,prev18Z,00Z,prev18Z->00Z,0,1,2026-09-23 18:00:00+00:00,2026-09-24 00:00:00+00:00,2026-09-23 18:55:41+00:00,2026-09-24 14:17:12+00:00,1161.5166666666667,69.0,69.0,0.0,2.0,2.0,0.0,False,False,False,False
2026-09-24,Chicago,KMDW,2,00Z,06Z,00Z->06Z,1,2,2026-09-24 00:00:00+00:00,2026-09-24 06:00:00+00:00,2026-09-24 14:17:12+00:00,2026-09-24 15:31:56+00:00,74.73333333333333,69.0,69.0,0.0,2.0,2.0,0.0,False,False,False,False
2026-09-24,Chicago,KMDW,3,06Z,12Z,06Z->12Z,2,3,2026-09-24 06:00:00+00:00,2026-09-24 12:00:00+00:00,2026-09-24 15:31:56+00:00,2026-09-24 16:10:11+00:00,38.25,69.0,72.0,3.0,2.0,1.0,-1.0,True,True,True,False
2026-09-24,Denver,KDEN,1,prev18Z,00Z,prev18Z->00Z,0,1,2026-09-23 18:00:00+00:00,2026-09-24 00:00:00+00:00,2026-09-23 18:55:41+00:00,2026-09-24 14:17:12+00:00,1161.5166666666667,69.0,71.0,2.0,5.0,4.0,-1.0,True,True,True,False
2026-09-24,Denver,KDEN,2,00Z,06Z,00Z->06Z,1,2,2026-09-24 00:00:00+00:00,2026-09-24 06:00:00+00:00,2026-09-24 14:17:12+00:00,2026-09-24 15:31:56+00:00,74.73333333333333,71.0,72.0,1.0,4.0,4.0,0.0,True,False,True,False
2026-09-24,Denver,KDEN,3,06Z,12Z,06Z->12Z,2,3,2026-09-24 06:00:00+00:00,2026-09-24 12:00:00+00:00,2026-09-24 15:31:56+00:00,2026-09-24 16:10:11+00:00,38.25,72.0,75.0,3.0,4.0,3.0,-1.0,True,True,True,False
2026-09-24,NYC,KNYC,1,prev18Z,00Z,prev18Z->00Z,0,1,2026-09-23 18:00:00+00:00,2026-09-24 00:00:00+00:00,2026-09-23 18:55:41+00:00,2026-09-24 14:17:12+00:00,1161.5166666666667,68.0,69.0,1.0,3.0,2.0,-1.0,True,True,True,False
2026-09-24,NYC,KNYC,2,00Z,06Z,00Z->06Z,1,2,2026-09-24 00:00:00+00:00,2026-09-24 06:00:00+00:00,2026-09-24 14:17:12+00:00,2026-09-24 15:31:56+00:00,74.73333333333333,69.0,68.0,-1.0,2.0,3.0,1.0,True,True,True,False
2026-09-24,NYC,KNYC,3,06Z,12Z,06Z->12Z,2,3,2026-09-24 06:00:00+00:00,2026-09-24 12:00:00+00:00,2026-09-24 15:31:56+00:00,2026-09-24 16:10:11+00:00,38.25,68.0,69.0,1.0,3.0,2.0,-1.0,True,True,True,False
2026-09-25,Chicago,KMDW,1,prev18Z,00Z,prev18Z->00Z,0,1,2026-09-24 18:00:00+00:00,2026-09-25 00:00:00+00:00,2026-09-24 18:43:09+00:00,2026-09-25 01:18:04+00:00,394.9166666666667,66.0,66.0,0.0,2.0,2.0,0.0,False,False,False,False
2026-09-25,Chicago,KMDW,2,00Z,06Z,00Z->06Z,1,2,2026-09-25 00:00:00+00:00,2026-09-25 06:00:00+00:00,2026-09-25 01:18:04+00:00,2026-09-25 06:42:42+00:00,324.6333333333333,66.0,66.0,0.0,2.0,2.0,0.0,False,False,False,False
2026-09-25,Chicago,KMDW,3,06Z,12Z,06Z->12Z,2,3,2026-09-25 06:00:00+00:00,2026-09-25 12:00:00+00:00,2026-09-25 06:42:42+00:00,2026-09-25 13:17:46+00:00,395.06666666666666,66.0,68.0,2.0,2.0,1.0,-1.0,True,True,True,False
2026-09-25,Denver,KDEN,1,prev18Z,00Z,prev18Z->00Z,0,1,2026-09-24 18:00:00+00:00,2026-09-25 00:00:00+00:00,2026-09-24 18:43:09+00:00,2026-09-25 01:18:04+00:00,394.9166666666667,75.0,75.0,0.0,3.0,3.0,0.0,False,False,False,False
2026-09-25,Denver,KDEN,2,00Z,06Z,00Z->06Z,1,2,2026-09-25 00:00:00+00:00,2026-09-25 06:00:00+00:00,2026-09-25 01:18:04+00:00,2026-09-25 06:42:42+00:00,324.6333333333333,75.0,75.0,0.0,3.0,2.0,-1.0,False,True,True,False
2026-09-25,Denver,KDEN,3,06Z,12Z,06Z->12Z,2,3,2026-09-25 06:00:00+00:00,2026-09-25 12:00:00+00:00,2026-09-25 06:42:42+00:00,2026-09-25 13:17:46+00:00,395.06666666666666,75.0,76.0,1.0,2.0,2.0,0.0,True,False,True,False
2026-09-25,NYC,KNYC,1,prev18Z,00Z,prev18Z->00Z,0,1,2026-09-24 18:00:00+00:00,2026-09-25 00:00:00+00:00,2026-09-24 18:43:09+00:00,2026-09-25 01:18:04+00:00,394.9166666666667,69.0,70.0,1.0,5.0,4.0,-1.0,True,True,True,False
2026-09-25,NYC,KNYC,2,00Z,06Z,00Z->06Z,1,2,2026-09-25 00:00:00+00:00,2026-09-25 06:00:00+00:00,2026-09-25 01:18:04+00:00,2026-09-25 06:42:42+00:00,324.6333333333333,70.0,71.0,1.0,4.0,3.0,-1.0,True,True,True,False
2026-09-25,NYC,KNYC,3,06Z,12Z,06Z->12Z,2,3,2026-09-25 06:00:00+00:00,2026-09-25 12:00:00+00:00,2026-09-25 06:42:42+00:00,2026-09-25 13:17:46+00:00,395.06666666666666,71.0,72.0,1.0,3.0,2.0,-1.0,True,True,True,False
2026-09-26,Chicago,KMDW,1,prev18Z,00Z,prev18Z->00Z,0,1,2026-09-25 18:00:00+00:00,2026-09-26 00:00:00+00:00,2026-09-25 18:56:07+00:00,2026-09-26 01:16:28+00:00,380.35,68.0,68.0,0.0,2.0,3.0,1.0,False,True,True,False
2026-09-26,Chicago,KMDW,2,00Z,06Z,00Z->06Z,1,2,2026-09-26 00:00:00+00:00,2026-09-26 06:00:00+00:00,2026-09-26 01:16:28+00:00,2026-09-26 06:47:47+00:00,331.31666666666666,68.0,68.0,0.0,3.0,2.0,-1.0,False,True,True,False
2026-09-26,Chicago,KMDW,3,06Z,12Z,06Z->12Z,2,3,2026-09-26 06:00:00+00:00,2026-09-26 12:00:00+00:00,2026-09-26 06:47:47+00:00,2026-09-26 13:42:51+00:00,415.06666666666666,68.0,69.0,1.0,2.0,2.0,0.0,True,False,True,False
2026-09-26,Denver,KDEN,1,prev18Z,00Z,prev18Z->00Z,0,1,2026-09-25 18:00:00+00:00,2026-09-26 00:00:00+00:00,2026-09-25 18:56:07+00:00,2026-09-26 01:16:28+00:00,380.35,82.0,82.0,0.0,2.0,2.0,0.0,False,False,False,False
2026-09-26,Denver,KDEN,2,00Z,06Z,00Z->06Z,1,2,2026-09-26 00:00:00+00:00,2026-09-26 06:00:00+00:00,2026-09-26 01:16:28+00:00,2026-09-26 06:47:47+00:00,331.31666666666666,82.0,82.0,0.0,2.0,2.0,0.0,False,False,False,False
2026-09-26,Denver,KDEN,3,06Z,12Z,06Z->12Z,2,3,2026-09-26 06:00:00+00:00,2026-09-26 12:00:00+00:00,2026-09-26 06:47:47+00:00,2026-09-26 13:42:51+00:00,415.06666666666666,82.0,83.0,1.0,2.0,1.0,-1.0,True,True,True,False
2026-09-26,NYC,KNYC,1,prev18Z,00Z,prev18Z->00Z,0,1,2026-09-25 18:00:00+00:00,2026-09-26 00:00:00+00:00,2026-09-25 18:56:07+00:00,2026-09-26 01:16:28+00:00,380.35,62.0,62.0,0.0,4.0,4.0,0.0,False,False,False,False
2026-09-26,NYC,KNYC,2,00Z,06Z,00Z->06Z,1,2,2026-09-26 00:00:00+00:00,2026-09-26 06:00:00+00:00,2026-09-26 01:16:28+00:00,2026-09-26 06:47:47+00:00,331.31666666666666,62.0,61.0,-1.0,4.0,3.0,-1.0,True,True,True,False
2026-09-26,NYC,KNYC,3,06Z,12Z,06Z->12Z,2,3,2026-09-26 06:00:00+00:00,2026-09-26 12:00:00+00:00,2026-09-26 06:47:47+00:00,2026-09-26 13:42:51+00:00,415.06666666666666,61.0,63.0,2.0,3.0,4.0,1.0,True,True,True,False
2026-09-27,Chicago,KMDW,1,prev18Z,00Z,prev18Z->00Z,0,1,2026-09-26 18:00:00+00:00,2026-09-27 00:00:00+00:00,2026-09-26 18:51:26+00:00,2026-09-27 01:26:03+00:00,394.6166666666667,69.0,69.0,0.0,1.0,2.0,1.0,False,True,True,False
2026-09-27,Chicago,KMDW,2,00Z,06Z,00Z->06Z,1,2,2026-09-27 00:00:00+00:00,2026-09-27 06:00:00+00:00,2026-09-27 01:26:03+00:00,2026-09-27 06:56:04+00:00,330.01666666666665,69.0,69.0,0.0,2.0,1.0,-1.0,False,True,True,False
2026-09-27,Chicago,KMDW,3,06Z,12Z,06Z->12Z,2,3,2026-09-27 06:00:00+00:00,2026-09-27 12:00:00+00:00,2026-09-27 06:56:04+00:00,2026-09-27 13:29:36+00:00,393.53333333333336,69.0,70.0,1.0,1.0,1.0,0.0,True,False,True,False
2026-09-27,Denver,KDEN,1,prev18Z,00Z,prev18Z->00Z,0,1,2026-09-26 18:00:00+00:00,2026-09-27 00:00:00+00:00,2026-09-26 18:51:26+00:00,2026-09-27 01:26:03+00:00,394.6166666666667,83.0,82.0,-1.0,2.0,2.0,0.0,True,False,True,False
2026-09-27,Denver,KDEN,2,00Z,06Z,00Z->06Z,1,2,2026-09-27 00:00:00+00:00,2026-09-27 06:00:00+00:00,2026-09-27 01:26:03+00:00,2026-09-27 06:56:04+00:00,330.01666666666665,82.0,83.0,1.0,2.0,1.0,-1.0,True,True,True,False
2026-09-27,Denver,KDEN,3,06Z,12Z,06Z->12Z,2,3,2026-09-27 06:00:00+00:00,2026-09-27 12:00:00+00:00,2026-09-27 06:56:04+00:00,2026-09-27 13:29:36+00:00,393.53333333333336,83.0,84.0,1.0,1.0,2.0,1.0,True,True,True,False
2026-09-27,NYC,KNYC,1,prev18Z,00Z,prev18Z->00Z,0,1,2026-09-26 18:00:00+00:00,2026-09-27 00:00:00+00:00,2026-09-26 18:51:26+00:00,2026-09-27 01:26:03+00:00,394.6166666666667,66.0,66.0,0.0,2.0,2.0,0.0,False,False,False,False
2026-09-27,NYC,KNYC,2,00Z,06Z,00Z->06Z,1,2,2026-09-27 00:00:00+00:00,2026-09-27 06:00:00+00:00,2026-09-27 01:26:03+00:00,2026-09-27 06:56:04+00:00,330.01666666666665,66.0,66.0,0.0,2.0,2.0,0.0,False,False,False,False
2026-09-27,NYC,KNYC,3,06Z,12Z,06Z->12Z,2,3,2026-09-27 06:00:00+00:00,2026-09-27 12:00:00+00:00,2026-09-27 06:56:04+00:00,2026-09-27 13:29:36+00:00,393.53333333333336,66.0,68.0,2.0,2.0,2.0,0.0,True,False,True,False
2026-09-28,Chicago,KMDW,1,prev18Z,00Z,prev18Z->00Z,0,1,2026-09-27 18:00:00+00:00,2026-09-28 00:00:00+00:00,2026-09-27 18:55:48+00:00,2026-09-28 01:26:35+00:00,390.78333333333336,72.0,72.0,0.0,1.0,1.0,0.0,False,False,False,False
2026-09-28,Chicago,KMDW,2,00Z,06Z,00Z->06Z,1,2,2026-09-28 00:00:00+00:00,2026-09-28 06:00:00+00:00,2026-09-28 01:26:35+00:00,2026-09-28 06:45:15+00:00,318.6666666666667,72.0,72.0,0.0,1.0,1.0,0.0,False,False,False,False
2026-09-28,Chicago,KMDW,3,06Z,12Z,06Z->12Z,2,3,2026-09-28 06:00:00+00:00,2026-09-28 12:00:00+00:00,2026-09-28 06:45:15+00:00,2026-09-28 13:28:51+00:00,403.6,72.0,73.0,1.0,1.0,1.0,0.0,True,False,True,False
2026-09-28,Denver,KDEN,1,prev18Z,00Z,prev18Z->00Z,0,1,2026-09-27 18:00:00+00:00,2026-09-28 00:00:00+00:00,2026-09-27 18:55:48+00:00,2026-09-28 01:26:35+00:00,390.78333333333336,76.0,76.0,0.0,3.0,3.0,0.0,False,False,False,False
2026-09-28,Denver,KDEN,2,00Z,06Z,00Z->06Z,1,2,2026-09-28 00:00:00+00:00,2026-09-28 06:00:00+00:00,2026-09-28 01:26:35+00:00,2026-09-28 06:45:15+00:00,318.6666666666667,76.0,76.0,0.0,3.0,4.0,1.0,False,True,True,False
2026-09-28,Denver,KDEN,3,06Z,12Z,06Z->12Z,2,3,2026-09-28 06:00:00+00:00,2026-09-28 12:00:00+00:00,2026-09-28 06:45:15+00:00,2026-09-28 13:28:51+00:00,403.6,76.0,77.0,1.0,4.0,3.0,-1.0,True,True,True,False
2026-09-28,NYC,KNYC,1,prev18Z,00Z,prev18Z->00Z,0,1,2026-09-27 18:00:00+00:00,2026-09-28 00:00:00+00:00,2026-09-27 18:55:48+00:00,2026-09-28 01:26:35+00:00,390.78333333333336,65.0,65.0,0.0,3.0,3.0,0.0,False,False,False,False
2026-09-28,NYC,KNYC,2,00Z,06Z,00Z->06Z,1,2,2026-09-28 00:00:00+00:00,2026-09-28 06:00:00+00:00,2026-09-28 01:26:35+00:00,2026-09-28 06:45:15+00:00,318.6666666666667,65.0,64.0,-1.0,3.0,3.0,0.0,True,False,True,False
2026-09-28,NYC,KNYC,3,06Z,12Z,06Z->12Z,2,3,2026-09-28 06:00:00+00:00,2026-09-28 12:00:00+00:00,2026-09-28 06:45:15+00:00,2026-09-28 13:28:51+00:00,403.6,64.0,65.0,1.0,3.0,2.0,-1.0,True,True,True,False
