event_date_local,city,nominal_chain,publication_chain,publication_order_matches_nominal
2026-08-14,Chicago,prev18Z->00Z->06Z->12Z,prev18Z->00Z->06Z->12Z,True
2026-08-14,Denver,prev18Z->00Z->06Z->12Z,prev18Z->00Z->06Z->12Z,True
2026-08-14,NYC,prev18Z->00Z->06Z->12Z,prev18Z->00Z->06Z->12Z,True
2026-08-15,Chicago,prev18Z->00Z->06Z->12Z,prev18Z->00Z->06Z->12Z,True
2026-08-15,Denver,prev18Z->00Z->06Z->12Z,prev18Z->00Z->06Z->12Z,True
2026-08-15,NYC,prev18Z->00Z->06Z->12Z,prev18Z->00Z->06Z->12Z,True
2026-08-16,Chicago,prev18Z->00Z->06Z->12Z,prev18Z->00Z->06Z->12Z,True
2026-08-16,Denver,prev18Z->00Z->06Z->12Z,prev18Z->00Z->06Z->12Z,True
2026-08-16,NYC,prev18Z->00Z->06Z->12Z,prev18Z->00Z->06Z->12Z,True
2026-08-17,Chicago,prev18Z->00Z->06Z->12Z,prev18Z->00Z->06Z->12Z,True
2026-08-17,Denver,prev18Z->00Z->06Z->12Z,prev18Z->00Z->06Z->12Z,True
2026-08-17,NYC,prev18Z->00Z->06Z->12Z,prev18Z->00Z->06Z->12Z,True
2026-08-18,Chicago,prev18Z->00Z->06Z->12Z,prev18Z->00Z->06Z->12Z,True
2026-08-18,Denver,prev18Z->00Z->06Z->12Z,prev18Z->00Z->06Z->12Z,True
2026-08-18,NYC,prev18Z->00Z->06Z->12Z,prev18Z->00Z->06Z->12Z,True
2026-08-19,Chicago,prev18Z->00Z->06Z->12Z,prev18Z->00Z->06Z->12Z,True
2026-08-19,Denver,prev18Z->00Z->06Z->12Z,prev18Z->00Z->06Z->12Z,True
2026-08-19,NYC,prev18Z->00Z->06Z->12Z,prev18Z->00Z->06Z->12Z,True
2026-08-20,Chicago,prev18Z->00Z->06Z->12Z,prev18Z->00Z->06Z->12Z,True
2026-08-20,Denver,prev18Z->00Z->06Z->12Z,prev18Z->00Z->06Z->12Z,True
2026-08-20,NYC,prev18Z->00Z->06Z->12Z,prev18Z->00Z->06Z->12Z,True
2026-08-21,Chicago,prev18Z->00Z->06Z->12Z,prev18Z->00Z->06Z->12Z,True
2026-08-21,Denver,prev18Z->00Z->06Z->12Z,prev18Z->00Z->06Z->12Z,True
2026-08-21,NYC,prev18Z->00Z->06Z->12Z,prev18Z->00Z->06Z->12Z,True
2026-08-22,Chicago,prev18Z->00Z->06Z->12Z,prev18Z->00Z->06Z->12Z,True
2026-08-22,Denver,prev18Z->00Z->06Z->12Z,prev18Z->00Z->06Z->12Z,True
2026-08-22,NYC,prev18Z->00Z->06Z->12Z,prev18Z->00Z->06Z->12Z,True
2026-08-23,Chicago,prev18Z->00Z->06Z->12Z,prev18Z->00Z->06Z->12Z,True
2026-08-23,Denver,prev18Z->00Z->06Z->12Z,prev18Z->00Z->06Z->12Z,True
2026-08-23,NYC,prev18Z->00Z->06Z->12Z,prev18Z->00Z->06Z->12Z,True
2026-08-24,Chicago,prev18Z->00Z->06Z->12Z,prev18Z->00Z->06Z->12Z,True
2026-08-24,Denver,prev18Z->00Z->06Z->12Z,prev18Z->00Z->06Z->12Z,True
2026-08-24,NYC,prev18Z->00Z->06Z->12Z,prev18Z->00Z->06Z->12Z,True
2026-08-25,Chicago,prev18Z->00Z->06Z->12Z,prev18Z->00Z->06Z->12Z,True
2026-08-25,Denver,prev18Z->00Z->06Z->12Z,prev18Z->00Z->06Z->12Z,True
2026-08-25,NYC,prev18Z->00Z->06Z->12Z,prev18Z->00Z->06Z->12Z,True
2026-08-26,Chicago,prev18Z->00Z->06Z->12Z,prev18Z->00Z->06Z->12Z,True
2026-08-26,Denver,prev18Z->00Z->06Z->12Z,prev18Z->00Z->06Z->12Z,True
2026-08-26,NYC,prev18Z->00Z->06Z->12Z,prev18Z->00Z->06Z->12Z,True
2026-08-27,Chicago,prev18Z->00Z->06Z->12Z,prev18Z->00Z->06Z->12Z,True
2026-08-27,Denver,prev18Z->00Z->06Z->12Z,prev18Z->00Z->06Z->12Z,True
2026-08-27,NYC,prev18Z->00Z->06Z->12Z,prev18Z->00Z->06Z->12Z,True
2026-08-28,Chicago,prev18Z->00Z->06Z->12Z,prev18Z->00Z->06Z->12Z,True
2026-08-28,Denver,prev18Z->00Z->06Z->12Z,prev18Z->00Z->06Z->12Z,True
2026-08-28,NYC,prev18Z->00Z->06Z->12Z,prev18Z->00Z->06Z->12Z,True
2026-08-29,Chicago,prev18Z->00Z->06Z->12Z,prev18Z->00Z->06Z->12Z,True
2026-08-29,Denver,prev18Z->00Z->06Z->12Z,prev18Z->00Z->06Z->12Z,True
2026-08-29,NYC,prev18Z->00Z->06Z->12Z,prev18Z->00Z->06Z->12Z,True
2026-08-30,Chicago,prev18Z->00Z->06Z->12Z,prev18Z->00Z->06Z->12Z,True
2026-08-30,Denver,prev18Z->00Z->06Z->12Z,prev18Z->00Z->06Z->12Z,True
2026-08-30,NYC,prev18Z->00Z->06Z->12Z,prev18Z->00Z->06Z->12Z,True
2026-08-31,Chicago,prev18Z->00Z->06Z->12Z,prev18Z->00Z->06Z->12Z,True
2026-08-31,Denver,prev18Z->00Z->06Z->12Z,prev18Z->00Z->06Z->12Z,True
2026-08-31,NYC,prev18Z->00Z->06Z->12Z,prev18Z->00Z->06Z->12Z,True
2026-09-01,Chicago,prev18Z->00Z->06Z->12Z,prev18Z->00Z->06Z->12Z,True
2026-09-01,Denver,prev18Z->00Z->06Z->12Z,prev18Z->00Z->06Z->12Z,True
2026-09-01,NYC,prev18Z->00Z->06Z->12Z,prev18Z->00Z->06Z->12Z,True
2026-09-02,Chicago,prev18Z->00Z->06Z->12Z,prev18Z->00Z->06Z->12Z,True
2026-09-02,Denver,prev18Z->00Z->06Z->12Z,prev18Z->00Z->06Z->12Z,True
2026-09-02,NYC,prev18Z->00Z->06Z->12Z,prev18Z->00Z->06Z->12Z,True
2026-09-03,Chicago,prev18Z->00Z->06Z->12Z,prev18Z->00Z->06Z->12Z,True
2026-09-03,Denver,prev18Z->00Z->06Z->12Z,prev18Z->00Z->06Z->12Z,True
2026-09-03,NYC,prev18Z->00Z->06Z->12Z,prev18Z->00Z->06Z->12Z,True
2026-09-04,Chicago,prev18Z->00Z->06Z->12Z,prev18Z->00Z->06Z->12Z,True
2026-09-04,Denver,prev18Z->00Z->06Z->12Z,prev18Z->00Z->06Z->12Z,True
2026-09-04,NYC,prev18Z->00Z->06Z->12Z,prev18Z->00Z->06Z->12Z,True
2026-09-05,Chicago,prev18Z->00Z->06Z->12Z,prev18Z->00Z->06Z->12Z,True
2026-09-05,Denver,prev18Z->00Z->06Z->12Z,prev18Z->00Z->06Z->12Z,True
2026-09-05,NYC,prev18Z->00Z->06Z->12Z,prev18Z->00Z->06Z->12Z,True
2026-09-06,Chicago,prev18Z->00Z->06Z->12Z,prev18Z->00Z->06Z->12Z,True
2026-09-06,Denver,prev18Z->00Z->06Z->12Z,prev18Z->00Z->06Z->12Z,True
2026-09-06,NYC,prev18Z->00Z->06Z->12Z,prev18Z->00Z->06Z->12Z,True
2026-09-07,Chicago,prev18Z->00Z->06Z->12Z,prev18Z->00Z->06Z->12Z,True
2026-09-07,Denver,prev18Z->00Z->06Z->12Z,prev18Z->00Z->06Z->12Z,True
2026-09-07,NYC,prev18Z->00Z->06Z->12Z,prev18Z->00Z->06Z->12Z,True
2026-09-08,Chicago,prev18Z->00Z->06Z->12Z,prev18Z->00Z->06Z->12Z,True
2026-09-08,Denver,prev18Z->00Z->06Z->12Z,prev18Z->00Z->06Z->12Z,True
2026-09-08,NYC,prev18Z->00Z->06Z->12Z,prev18Z->00Z->06Z->12Z,True
2026-09-09,Chicago,prev18Z->00Z->06Z->12Z,prev18Z->00Z->06Z->12Z,True
2026-09-09,Denver,prev18Z->00Z->06Z->12Z,prev18Z->00Z->06Z->12Z,True
2026-09-09,NYC,prev18Z->00Z->06Z->12Z,prev18Z->00Z->06Z->12Z,True
2026-09-10,Chicago,prev18Z->00Z->06Z->12Z,prev18Z->00Z->06Z->12Z,True
2026-09-10,Denver,prev18Z->00Z->06Z->12Z,prev18Z->00Z->06Z->12Z,True
2026-09-10,NYC,prev18Z->00Z->06Z->12Z,prev18Z->00Z->06Z->12Z,True
2026-09-11,Chicago,prev18Z->00Z->06Z->12Z,prev18Z->00Z->06Z->12Z,True
2026-09-11,Denver,prev18Z->00Z->06Z->12Z,prev18Z->00Z->06Z->12Z,True
2026-09-11,NYC,prev18Z->00Z->06Z->12Z,prev18Z->00Z->06Z->12Z,True
2026-09-12,Chicago,prev18Z->00Z->06Z->12Z,prev18Z->00Z->06Z->12Z,True
2026-09-12,Denver,prev18Z->00Z->06Z->12Z,prev18Z->00Z->06Z->12Z,True
2026-09-12,NYC,prev18Z->00Z->06Z->12Z,prev18Z->00Z->06Z->12Z,True
2026-09-13,Chicago,prev18Z->00Z->06Z->12Z,prev18Z->00Z->06Z->12Z,True
2026-09-13,Denver,prev18Z->00Z->06Z->12Z,prev18Z->00Z->06Z->12Z,True
2026-09-13,NYC,prev18Z->00Z->06Z->12Z,prev18Z->00Z->06Z->12Z,True
2026-09-14,Chicago,prev18Z->00Z->06Z->12Z,prev18Z->00Z->06Z->12Z,True
2026-09-14,Denver,prev18Z->00Z->06Z->12Z,prev18Z->00Z->06Z->12Z,True
2026-09-14,NYC,prev18Z->00Z->06Z->12Z,prev18Z->00Z->06Z->12Z,True
2026-09-15,Chicago,prev18Z->00Z->06Z->12Z,prev18Z->00Z->06Z->12Z,True
2026-09-15,Denver,prev18Z->00Z->06Z->12Z,prev18Z->00Z->06Z->12Z,True
2026-09-15,NYC,prev18Z->00Z->06Z->12Z,prev18Z->00Z->06Z->12Z,True
2026-09-16,Chicago,prev18Z->00Z->06Z->12Z,prev18Z->00Z->06Z->12Z,True
2026-09-16,Denver,prev18Z->00Z->06Z->12Z,prev18Z->00Z->06Z->12Z,True
2026-09-16,NYC,prev18Z->00Z->06Z->12Z,prev18Z->00Z->06Z->12Z,True
2026-09-17,Chicago,prev18Z->00Z->06Z->12Z,prev18Z->00Z->06Z->12Z,True
2026-09-17,Denver,prev18Z->00Z->06Z->12Z,prev18Z->00Z->06Z->12Z,True
2026-09-17,NYC,prev18Z->00Z->06Z->12Z,prev18Z->00Z->06Z->12Z,True
2026-09-18,Chicago,prev18Z->00Z->06Z->12Z,prev18Z->00Z->06Z->12Z,True
2026-09-18,Denver,prev18Z->00Z->06Z->12Z,prev18Z->00Z->06Z->12Z,True
2026-09-18,NYC,prev18Z->00Z->06Z->12Z,prev18Z->00Z->06Z->12Z,True
2026-09-19,Chicago,prev18Z->00Z->06Z->12Z,prev18Z->00Z->06Z->12Z,True
2026-09-19,Denver,prev18Z->00Z->06Z->12Z,prev18Z->00Z->06Z->12Z,True
2026-09-19,NYC,prev18Z->00Z->06Z->12Z,prev18Z->00Z->06Z->12Z,True
2026-09-20,Chicago,prev18Z->00Z->06Z->12Z,prev18Z->00Z->06Z->12Z,True
2026-09-20,Denver,prev18Z->00Z->06Z->12Z,prev18Z->00Z->06Z->12Z,True
2026-09-20,NYC,prev18Z->00Z->06Z->12Z,prev18Z->00Z->06Z->12Z,True
2026-09-21,Chicago,prev18Z->00Z->06Z->12Z,prev18Z->00Z->06Z->12Z,True
2026-09-21,Denver,prev18Z->00Z->06Z->12Z,prev18Z->00Z->06Z->12Z,True
2026-09-21,NYC,prev18Z->00Z->06Z->12Z,prev18Z->00Z->06Z->12Z,True
2026-09-22,Chicago,prev18Z->00Z->06Z->12Z,prev18Z->00Z->06Z->12Z,True
2026-09-22,Denver,prev18Z->00Z->06Z->12Z,prev18Z->00Z->06Z->12Z,True
2026-09-22,NYC,prev18Z->00Z->06Z->12Z,prev18Z->00Z->06Z->12Z,True
2026-09-23,Chicago,prev18Z->00Z->06Z->12Z,prev18Z->00Z->06Z->12Z,True
2026-09-23,Denver,prev18Z->00Z->06Z->12Z,prev18Z->00Z->06Z->12Z,True
2026-09-23,NYC,prev18Z->00Z->06Z->12Z,prev18Z->00Z->06Z->12Z,True
2026-09-24,Chicago,prev18Z->00Z->06Z->12Z,prev18Z->00Z->06Z->12Z,True
2026-09-24,Denver,prev18Z->00Z->06Z->12Z,prev18Z->00Z->06Z->12Z,True
2026-09-24,NYC,prev18Z->00Z->06Z->12Z,prev18Z->00Z->06Z->12Z,True
2026-09-25,Chicago,prev18Z->00Z->06Z->12Z,prev18Z->00Z->06Z->12Z,True
2026-09-25,Denver,prev18Z->00Z->06Z->12Z,prev18Z->00Z->06Z->12Z,True
2026-09-25,NYC,prev18Z->00Z->06Z->12Z,prev18Z->00Z->06Z->12Z,True
2026-09-26,Chicago,prev18Z->00Z->06Z->12Z,prev18Z->00Z->06Z->12Z,True
2026-09-26,Denver,prev18Z->00Z->06Z->12Z,prev18Z->00Z->06Z->12Z,True
2026-09-26,NYC,prev18Z->00Z->06Z->12Z,prev18Z->00Z->06Z->12Z,True
2026-09-27,Chicago,prev18Z->00Z->06Z->12Z,prev18Z->00Z->06Z->12Z,True
2026-09-27,Denver,prev18Z->00Z->06Z->12Z,prev18Z->00Z->06Z->12Z,True
2026-09-27,NYC,prev18Z->00Z->06Z->12Z,prev18Z->00Z->06Z->12Z,True
2026-09-28,Chicago,prev18Z->00Z->06Z->12Z,prev18Z->00Z->06Z->12Z,True
2026-09-28,Denver,prev18Z->00Z->06Z->12Z,prev18Z->00Z->06Z->12Z,True
2026-09-28,NYC,prev18Z->00Z->06Z->12Z,prev18Z->00Z->06Z->12Z,True
