event_date_local,city,station,cycle_hour_utc,cycle_time_utc,noaa_http_status,noaa_url,publication_time_utc,publication_lag_minutes,etag,iem_http_status,target_rows,txn,xnd,usable_state
2026-08-20,NYC,KNYC,0,2026-08-20 00:00:00+00:00,200,https://noaa-nbm-grib2-pds.s3.amazonaws.com/blend.20260820/00/text/blend_nbstx.t00z,2026-08-20 01:18:53+00:00,78.88333333333334,"""9f2b2171b83a2460ab7f1c6b7554fc13""",200,1,81.0,4.0,True
2026-08-20,NYC,KNYC,1,2026-08-20 01:00:00+00:00,200,https://noaa-nbm-grib2-pds.s3.amazonaws.com/blend.20260820/01/text/blend_nbstx.t01z,2026-08-20 02:02:39+00:00,62.65,"""02f1a965265b576e28edaa42c522360b""",404,0,,,False
2026-08-20,NYC,KNYC,2,2026-08-20 02:00:00+00:00,200,https://noaa-nbm-grib2-pds.s3.amazonaws.com/blend.20260820/02/text/blend_nbstx.t02z,2026-08-20 02:47:10+00:00,47.166666666666664,"""d4bd32016a6be3c955c97f8a451882da""",404,0,,,False
2026-08-20,NYC,KNYC,3,2026-08-20 03:00:00+00:00,200,https://noaa-nbm-grib2-pds.s3.amazonaws.com/blend.20260820/03/text/blend_nbstx.t03z,2026-08-20 03:40:42+00:00,40.7,"""1f65c5af9817da5d9e7bb83282bf1669""",404,0,,,False
2026-08-20,NYC,KNYC,4,2026-08-20 04:00:00+00:00,200,https://noaa-nbm-grib2-pds.s3.amazonaws.com/blend.20260820/04/text/blend_nbstx.t04z,2026-08-20 04:41:32+00:00,41.53333333333333,"""cdcdbcbff399f2b316378db1e998e7f9""",404,0,,,False
2026-08-20,NYC,KNYC,5,2026-08-20 05:00:00+00:00,200,https://noaa-nbm-grib2-pds.s3.amazonaws.com/blend.20260820/05/text/blend_nbstx.t05z,2026-08-20 05:41:26+00:00,41.43333333333333,"""0981d7546972abddf7984fed2cb9d831""",404,0,,,False
2026-08-20,NYC,KNYC,6,2026-08-20 06:00:00+00:00,200,https://noaa-nbm-grib2-pds.s3.amazonaws.com/blend.20260820/06/text/blend_nbstx.t06z,2026-08-20 06:45:10+00:00,45.166666666666664,"""e4394fb0d5ffabe081bfa0e9ce310deb""",200,1,82.0,3.0,True
2026-08-20,NYC,KNYC,7,2026-08-20 07:00:00+00:00,200,https://noaa-nbm-grib2-pds.s3.amazonaws.com/blend.20260820/07/text/blend_nbstx.t07z,2026-08-20 08:17:49+00:00,77.81666666666666,"""b2ebb4f1f908b7e8e1554d3a8efb53e4""",404,0,,,False
2026-08-20,NYC,KNYC,8,2026-08-20 08:00:00+00:00,200,https://noaa-nbm-grib2-pds.s3.amazonaws.com/blend.20260820/08/text/blend_nbstx.t08z,2026-08-20 08:39:23+00:00,39.38333333333333,"""10c23032cd8fc0a9097c892af3fe1d99""",404,0,,,False
2026-08-20,NYC,KNYC,9,2026-08-20 09:00:00+00:00,200,https://noaa-nbm-grib2-pds.s3.amazonaws.com/blend.20260820/09/text/blend_nbstx.t09z,2026-08-20 09:46:14+00:00,46.233333333333334,"""aec48b740f44a222540fb2984858b18f""",404,0,,,False
2026-08-20,NYC,KNYC,10,2026-08-20 10:00:00+00:00,200,https://noaa-nbm-grib2-pds.s3.amazonaws.com/blend.20260820/10/text/blend_nbstx.t10z,2026-08-20 10:39:10+00:00,39.166666666666664,"""2b8889db8f3dee9ae1218965c4c256d5""",404,0,,,False
2026-08-20,NYC,KNYC,11,2026-08-20 11:00:00+00:00,200,https://noaa-nbm-grib2-pds.s3.amazonaws.com/blend.20260820/11/text/blend_nbstx.t11z,2026-08-20 11:44:57+00:00,44.95,"""98d19e1ae784f82e1edab30036aeb51a""",404,0,,,False
2026-08-20,NYC,KNYC,12,2026-08-20 12:00:00+00:00,200,https://noaa-nbm-grib2-pds.s3.amazonaws.com/blend.20260820/12/text/blend_nbstx.t12z,2026-08-20 13:42:21+00:00,102.35,"""fc50a7a5d05985e2866cfd279a072641""",200,1,82.0,3.0,True
2026-08-20,NYC,KNYC,13,2026-08-20 13:00:00+00:00,200,https://noaa-nbm-grib2-pds.s3.amazonaws.com/blend.20260820/13/text/blend_nbstx.t13z,2026-08-20 14:01:07+00:00,61.11666666666667,"""3604fa9c4fdef4c5ce86b5374d4f53ce""",404,0,,,False
2026-08-20,NYC,KNYC,14,2026-08-20 14:00:00+00:00,200,https://noaa-nbm-grib2-pds.s3.amazonaws.com/blend.20260820/14/text/blend_nbstx.t14z,2026-08-20 14:44:07+00:00,44.11666666666667,"""0d280c4368e54da9d79dc59986966ab1""",404,0,,,False
2026-08-20,NYC,KNYC,15,2026-08-20 15:00:00+00:00,200,https://noaa-nbm-grib2-pds.s3.amazonaws.com/blend.20260820/15/text/blend_nbstx.t15z,2026-08-20 15:40:10+00:00,40.166666666666664,"""c89daaa541aa6583a636e24a5f688453""",404,0,,,False
2026-08-20,NYC,KNYC,16,2026-08-20 16:00:00+00:00,200,https://noaa-nbm-grib2-pds.s3.amazonaws.com/blend.20260820/16/text/blend_nbstx.t16z,2026-08-20 16:43:30+00:00,43.5,"""7a8bc8ed90e63dc5d70d17ac461315e1""",404,0,,,False
2026-08-20,NYC,KNYC,17,2026-08-20 17:00:00+00:00,200,https://noaa-nbm-grib2-pds.s3.amazonaws.com/blend.20260820/17/text/blend_nbstx.t17z,2026-08-20 17:42:15+00:00,42.25,"""eb7398cd8f8b1f26c35d2ea1e5bc0cd6""",404,0,,,False
2026-08-20,NYC,KNYC,18,2026-08-20 18:00:00+00:00,200,https://noaa-nbm-grib2-pds.s3.amazonaws.com/blend.20260820/18/text/blend_nbstx.t18z,2026-08-20 18:45:18+00:00,45.3,"""7909524e7bfb760200f4d618bd5d7ae2""",200,0,,,False
2026-08-20,NYC,KNYC,19,2026-08-20 19:00:00+00:00,200,https://noaa-nbm-grib2-pds.s3.amazonaws.com/blend.20260820/19/text/blend_nbstx.t19z,2026-08-20 20:13:00+00:00,73.0,"""df4426b74655aeb34a2a0b7d928f246f""",404,0,,,False
2026-08-20,NYC,KNYC,20,2026-08-20 20:00:00+00:00,200,https://noaa-nbm-grib2-pds.s3.amazonaws.com/blend.20260820/20/text/blend_nbstx.t20z,2026-08-20 21:00:22+00:00,60.36666666666667,"""c09007d5411c01c21eb05d49ca76b92c""",404,0,,,False
2026-08-20,NYC,KNYC,21,2026-08-20 21:00:00+00:00,200,https://noaa-nbm-grib2-pds.s3.amazonaws.com/blend.20260820/21/text/blend_nbstx.t21z,2026-08-20 21:42:00+00:00,42.0,"""06db0c78fc7a5438b05a4280fc1749a3""",404,0,,,False
2026-08-20,NYC,KNYC,22,2026-08-20 22:00:00+00:00,200,https://noaa-nbm-grib2-pds.s3.amazonaws.com/blend.20260820/22/text/blend_nbstx.t22z,2026-08-20 22:41:51+00:00,41.85,"""11db7bf0e01cc0fb15c2c94cb2a4eff9""",404,0,,,False
2026-08-20,NYC,KNYC,23,2026-08-20 23:00:00+00:00,200,https://noaa-nbm-grib2-pds.s3.amazonaws.com/blend.20260820/23/text/blend_nbstx.t23z,2026-08-20 23:44:32+00:00,44.53333333333333,"""70a2fe1215a913d5f1f8b3c6ae500836""",404,0,,,False
2026-08-20,Chicago,KMDW,0,2026-08-20 00:00:00+00:00,200,https://noaa-nbm-grib2-pds.s3.amazonaws.com/blend.20260820/00/text/blend_nbstx.t00z,2026-08-20 01:18:53+00:00,78.88333333333334,"""9f2b2171b83a2460ab7f1c6b7554fc13""",200,1,79.0,2.0,True
2026-08-20,Chicago,KMDW,1,2026-08-20 01:00:00+00:00,200,https://noaa-nbm-grib2-pds.s3.amazonaws.com/blend.20260820/01/text/blend_nbstx.t01z,2026-08-20 02:02:39+00:00,62.65,"""02f1a965265b576e28edaa42c522360b""",404,0,,,False
2026-08-20,Chicago,KMDW,2,2026-08-20 02:00:00+00:00,200,https://noaa-nbm-grib2-pds.s3.amazonaws.com/blend.20260820/02/text/blend_nbstx.t02z,2026-08-20 02:47:10+00:00,47.166666666666664,"""d4bd32016a6be3c955c97f8a451882da""",404,0,,,False
2026-08-20,Chicago,KMDW,3,2026-08-20 03:00:00+00:00,200,https://noaa-nbm-grib2-pds.s3.amazonaws.com/blend.20260820/03/text/blend_nbstx.t03z,2026-08-20 03:40:42+00:00,40.7,"""1f65c5af9817da5d9e7bb83282bf1669""",404,0,,,False
2026-08-20,Chicago,KMDW,4,2026-08-20 04:00:00+00:00,200,https://noaa-nbm-grib2-pds.s3.amazonaws.com/blend.20260820/04/text/blend_nbstx.t04z,2026-08-20 04:41:32+00:00,41.53333333333333,"""cdcdbcbff399f2b316378db1e998e7f9""",404,0,,,False
2026-08-20,Chicago,KMDW,5,2026-08-20 05:00:00+00:00,200,https://noaa-nbm-grib2-pds.s3.amazonaws.com/blend.20260820/05/text/blend_nbstx.t05z,2026-08-20 05:41:26+00:00,41.43333333333333,"""0981d7546972abddf7984fed2cb9d831""",404,0,,,False
2026-08-20,Chicago,KMDW,6,2026-08-20 06:00:00+00:00,200,https://noaa-nbm-grib2-pds.s3.amazonaws.com/blend.20260820/06/text/blend_nbstx.t06z,2026-08-20 06:45:10+00:00,45.166666666666664,"""e4394fb0d5ffabe081bfa0e9ce310deb""",200,1,79.0,2.0,True
2026-08-20,Chicago,KMDW,7,2026-08-20 07:00:00+00:00,200,https://noaa-nbm-grib2-pds.s3.amazonaws.com/blend.20260820/07/text/blend_nbstx.t07z,2026-08-20 08:17:49+00:00,77.81666666666666,"""b2ebb4f1f908b7e8e1554d3a8efb53e4""",404,0,,,False
2026-08-20,Chicago,KMDW,8,2026-08-20 08:00:00+00:00,200,https://noaa-nbm-grib2-pds.s3.amazonaws.com/blend.20260820/08/text/blend_nbstx.t08z,2026-08-20 08:39:23+00:00,39.38333333333333,"""10c23032cd8fc0a9097c892af3fe1d99""",404,0,,,False
2026-08-20,Chicago,KMDW,9,2026-08-20 09:00:00+00:00,200,https://noaa-nbm-grib2-pds.s3.amazonaws.com/blend.20260820/09/text/blend_nbstx.t09z,2026-08-20 09:46:14+00:00,46.233333333333334,"""aec48b740f44a222540fb2984858b18f""",404,0,,,False
2026-08-20,Chicago,KMDW,10,2026-08-20 10:00:00+00:00,200,https://noaa-nbm-grib2-pds.s3.amazonaws.com/blend.20260820/10/text/blend_nbstx.t10z,2026-08-20 10:39:10+00:00,39.166666666666664,"""2b8889db8f3dee9ae1218965c4c256d5""",404,0,,,False
2026-08-20,Chicago,KMDW,11,2026-08-20 11:00:00+00:00,200,https://noaa-nbm-grib2-pds.s3.amazonaws.com/blend.20260820/11/text/blend_nbstx.t11z,2026-08-20 11:44:57+00:00,44.95,"""98d19e1ae784f82e1edab30036aeb51a""",404,0,,,False
2026-08-20,Chicago,KMDW,12,2026-08-20 12:00:00+00:00,200,https://noaa-nbm-grib2-pds.s3.amazonaws.com/blend.20260820/12/text/blend_nbstx.t12z,2026-08-20 13:42:21+00:00,102.35,"""fc50a7a5d05985e2866cfd279a072641""",200,1,79.0,1.0,True
2026-08-20,Chicago,KMDW,13,2026-08-20 13:00:00+00:00,200,https://noaa-nbm-grib2-pds.s3.amazonaws.com/blend.20260820/13/text/blend_nbstx.t13z,2026-08-20 14:01:07+00:00,61.11666666666667,"""3604fa9c4fdef4c5ce86b5374d4f53ce""",404,0,,,False
2026-08-20,Chicago,KMDW,14,2026-08-20 14:00:00+00:00,200,https://noaa-nbm-grib2-pds.s3.amazonaws.com/blend.20260820/14/text/blend_nbstx.t14z,2026-08-20 14:44:07+00:00,44.11666666666667,"""0d280c4368e54da9d79dc59986966ab1""",404,0,,,False
2026-08-20,Chicago,KMDW,15,2026-08-20 15:00:00+00:00,200,https://noaa-nbm-grib2-pds.s3.amazonaws.com/blend.20260820/15/text/blend_nbstx.t15z,2026-08-20 15:40:10+00:00,40.166666666666664,"""c89daaa541aa6583a636e24a5f688453""",404,0,,,False
2026-08-20,Chicago,KMDW,16,2026-08-20 16:00:00+00:00,200,https://noaa-nbm-grib2-pds.s3.amazonaws.com/blend.20260820/16/text/blend_nbstx.t16z,2026-08-20 16:43:30+00:00,43.5,"""7a8bc8ed90e63dc5d70d17ac461315e1""",404,0,,,False
2026-08-20,Chicago,KMDW,17,2026-08-20 17:00:00+00:00,200,https://noaa-nbm-grib2-pds.s3.amazonaws.com/blend.20260820/17/text/blend_nbstx.t17z,2026-08-20 17:42:15+00:00,42.25,"""eb7398cd8f8b1f26c35d2ea1e5bc0cd6""",404,0,,,False
2026-08-20,Chicago,KMDW,18,2026-08-20 18:00:00+00:00,200,https://noaa-nbm-grib2-pds.s3.amazonaws.com/blend.20260820/18/text/blend_nbstx.t18z,2026-08-20 18:45:18+00:00,45.3,"""7909524e7bfb760200f4d618bd5d7ae2""",200,0,,,False
2026-08-20,Chicago,KMDW,19,2026-08-20 19:00:00+00:00,200,https://noaa-nbm-grib2-pds.s3.amazonaws.com/blend.20260820/19/text/blend_nbstx.t19z,2026-08-20 20:13:00+00:00,73.0,"""df4426b74655aeb34a2a0b7d928f246f""",404,0,,,False
2026-08-20,Chicago,KMDW,20,2026-08-20 20:00:00+00:00,200,https://noaa-nbm-grib2-pds.s3.amazonaws.com/blend.20260820/20/text/blend_nbstx.t20z,2026-08-20 21:00:22+00:00,60.36666666666667,"""c09007d5411c01c21eb05d49ca76b92c""",404,0,,,False
2026-08-20,Chicago,KMDW,21,2026-08-20 21:00:00+00:00,200,https://noaa-nbm-grib2-pds.s3.amazonaws.com/blend.20260820/21/text/blend_nbstx.t21z,2026-08-20 21:42:00+00:00,42.0,"""06db0c78fc7a5438b05a4280fc1749a3""",404,0,,,False
2026-08-20,Chicago,KMDW,22,2026-08-20 22:00:00+00:00,200,https://noaa-nbm-grib2-pds.s3.amazonaws.com/blend.20260820/22/text/blend_nbstx.t22z,2026-08-20 22:41:51+00:00,41.85,"""11db7bf0e01cc0fb15c2c94cb2a4eff9""",404,0,,,False
2026-08-20,Chicago,KMDW,23,2026-08-20 23:00:00+00:00,200,https://noaa-nbm-grib2-pds.s3.amazonaws.com/blend.20260820/23/text/blend_nbstx.t23z,2026-08-20 23:44:32+00:00,44.53333333333333,"""70a2fe1215a913d5f1f8b3c6ae500836""",404,0,,,False
2026-08-20,Denver,KDEN,0,2026-08-20 00:00:00+00:00,200,https://noaa-nbm-grib2-pds.s3.amazonaws.com/blend.20260820/00/text/blend_nbstx.t00z,2026-08-20 01:18:53+00:00,78.88333333333334,"""9f2b2171b83a2460ab7f1c6b7554fc13""",200,1,92.0,3.0,True
2026-08-20,Denver,KDEN,1,2026-08-20 01:00:00+00:00,200,https://noaa-nbm-grib2-pds.s3.amazonaws.com/blend.20260820/01/text/blend_nbstx.t01z,2026-08-20 02:02:39+00:00,62.65,"""02f1a965265b576e28edaa42c522360b""",404,0,,,False
2026-08-20,Denver,KDEN,2,2026-08-20 02:00:00+00:00,200,https://noaa-nbm-grib2-pds.s3.amazonaws.com/blend.20260820/02/text/blend_nbstx.t02z,2026-08-20 02:47:10+00:00,47.166666666666664,"""d4bd32016a6be3c955c97f8a451882da""",404,0,,,False
2026-08-20,Denver,KDEN,3,2026-08-20 03:00:00+00:00,200,https://noaa-nbm-grib2-pds.s3.amazonaws.com/blend.20260820/03/text/blend_nbstx.t03z,2026-08-20 03:40:42+00:00,40.7,"""1f65c5af9817da5d9e7bb83282bf1669""",404,0,,,False
2026-08-20,Denver,KDEN,4,2026-08-20 04:00:00+00:00,200,https://noaa-nbm-grib2-pds.s3.amazonaws.com/blend.20260820/04/text/blend_nbstx.t04z,2026-08-20 04:41:32+00:00,41.53333333333333,"""cdcdbcbff399f2b316378db1e998e7f9""",404,0,,,False
2026-08-20,Denver,KDEN,5,2026-08-20 05:00:00+00:00,200,https://noaa-nbm-grib2-pds.s3.amazonaws.com/blend.20260820/05/text/blend_nbstx.t05z,2026-08-20 05:41:26+00:00,41.43333333333333,"""0981d7546972abddf7984fed2cb9d831""",404,0,,,False
2026-08-20,Denver,KDEN,6,2026-08-20 06:00:00+00:00,200,https://noaa-nbm-grib2-pds.s3.amazonaws.com/blend.20260820/06/text/blend_nbstx.t06z,2026-08-20 06:45:10+00:00,45.166666666666664,"""e4394fb0d5ffabe081bfa0e9ce310deb""",200,1,92.0,3.0,True
2026-08-20,Denver,KDEN,7,2026-08-20 07:00:00+00:00,200,https://noaa-nbm-grib2-pds.s3.amazonaws.com/blend.20260820/07/text/blend_nbstx.t07z,2026-08-20 08:17:49+00:00,77.81666666666666,"""b2ebb4f1f908b7e8e1554d3a8efb53e4""",404,0,,,False
2026-08-20,Denver,KDEN,8,2026-08-20 08:00:00+00:00,200,https://noaa-nbm-grib2-pds.s3.amazonaws.com/blend.20260820/08/text/blend_nbstx.t08z,2026-08-20 08:39:23+00:00,39.38333333333333,"""10c23032cd8fc0a9097c892af3fe1d99""",404,0,,,False
2026-08-20,Denver,KDEN,9,2026-08-20 09:00:00+00:00,200,https://noaa-nbm-grib2-pds.s3.amazonaws.com/blend.20260820/09/text/blend_nbstx.t09z,2026-08-20 09:46:14+00:00,46.233333333333334,"""aec48b740f44a222540fb2984858b18f""",404,0,,,False
2026-08-20,Denver,KDEN,10,2026-08-20 10:00:00+00:00,200,https://noaa-nbm-grib2-pds.s3.amazonaws.com/blend.20260820/10/text/blend_nbstx.t10z,2026-08-20 10:39:10+00:00,39.166666666666664,"""2b8889db8f3dee9ae1218965c4c256d5""",404,0,,,False
2026-08-20,Denver,KDEN,11,2026-08-20 11:00:00+00:00,200,https://noaa-nbm-grib2-pds.s3.amazonaws.com/blend.20260820/11/text/blend_nbstx.t11z,2026-08-20 11:44:57+00:00,44.95,"""98d19e1ae784f82e1edab30036aeb51a""",404,0,,,False
2026-08-20,Denver,KDEN,12,2026-08-20 12:00:00+00:00,200,https://noaa-nbm-grib2-pds.s3.amazonaws.com/blend.20260820/12/text/blend_nbstx.t12z,2026-08-20 13:42:21+00:00,102.35,"""fc50a7a5d05985e2866cfd279a072641""",200,1,92.0,2.0,True
2026-08-20,Denver,KDEN,13,2026-08-20 13:00:00+00:00,200,https://noaa-nbm-grib2-pds.s3.amazonaws.com/blend.20260820/13/text/blend_nbstx.t13z,2026-08-20 14:01:07+00:00,61.11666666666667,"""3604fa9c4fdef4c5ce86b5374d4f53ce""",404,0,,,False
2026-08-20,Denver,KDEN,14,2026-08-20 14:00:00+00:00,200,https://noaa-nbm-grib2-pds.s3.amazonaws.com/blend.20260820/14/text/blend_nbstx.t14z,2026-08-20 14:44:07+00:00,44.11666666666667,"""0d280c4368e54da9d79dc59986966ab1""",404,0,,,False
2026-08-20,Denver,KDEN,15,2026-08-20 15:00:00+00:00,200,https://noaa-nbm-grib2-pds.s3.amazonaws.com/blend.20260820/15/text/blend_nbstx.t15z,2026-08-20 15:40:10+00:00,40.166666666666664,"""c89daaa541aa6583a636e24a5f688453""",404,0,,,False
2026-08-20,Denver,KDEN,16,2026-08-20 16:00:00+00:00,200,https://noaa-nbm-grib2-pds.s3.amazonaws.com/blend.20260820/16/text/blend_nbstx.t16z,2026-08-20 16:43:30+00:00,43.5,"""7a8bc8ed90e63dc5d70d17ac461315e1""",404,0,,,False
2026-08-20,Denver,KDEN,17,2026-08-20 17:00:00+00:00,200,https://noaa-nbm-grib2-pds.s3.amazonaws.com/blend.20260820/17/text/blend_nbstx.t17z,2026-08-20 17:42:15+00:00,42.25,"""eb7398cd8f8b1f26c35d2ea1e5bc0cd6""",404,0,,,False
2026-08-20,Denver,KDEN,18,2026-08-20 18:00:00+00:00,200,https://noaa-nbm-grib2-pds.s3.amazonaws.com/blend.20260820/18/text/blend_nbstx.t18z,2026-08-20 18:45:18+00:00,45.3,"""7909524e7bfb760200f4d618bd5d7ae2""",200,0,,,False
2026-08-20,Denver,KDEN,19,2026-08-20 19:00:00+00:00,200,https://noaa-nbm-grib2-pds.s3.amazonaws.com/blend.20260820/19/text/blend_nbstx.t19z,2026-08-20 20:13:00+00:00,73.0,"""df4426b74655aeb34a2a0b7d928f246f""",404,0,,,False
2026-08-20,Denver,KDEN,20,2026-08-20 20:00:00+00:00,200,https://noaa-nbm-grib2-pds.s3.amazonaws.com/blend.20260820/20/text/blend_nbstx.t20z,2026-08-20 21:00:22+00:00,60.36666666666667,"""c09007d5411c01c21eb05d49ca76b92c""",404,0,,,False
2026-08-20,Denver,KDEN,21,2026-08-20 21:00:00+00:00,200,https://noaa-nbm-grib2-pds.s3.amazonaws.com/blend.20260820/21/text/blend_nbstx.t21z,2026-08-20 21:42:00+00:00,42.0,"""06db0c78fc7a5438b05a4280fc1749a3""",404,0,,,False
2026-08-20,Denver,KDEN,22,2026-08-20 22:00:00+00:00,200,https://noaa-nbm-grib2-pds.s3.amazonaws.com/blend.20260820/22/text/blend_nbstx.t22z,2026-08-20 22:41:51+00:00,41.85,"""11db7bf0e01cc0fb15c2c94cb2a4eff9""",404,0,,,False
2026-08-20,Denver,KDEN,23,2026-08-20 23:00:00+00:00,200,https://noaa-nbm-grib2-pds.s3.amazonaws.com/blend.20260820/23/text/blend_nbstx.t23z,2026-08-20 23:44:32+00:00,44.53333333333333,"""70a2fe1215a913d5f1f8b3c6ae500836""",404,0,,,False
2026-09-15,NYC,KNYC,0,2026-09-15 00:00:00+00:00,200,https://noaa-nbm-grib2-pds.s3.amazonaws.com/blend.20260915/00/text/blend_nbstx.t00z,2026-09-15 01:18:37+00:00,78.61666666666666,"""c05c03ab3078e05d818421d8219a75d2""",200,1,71.0,2.0,True
2026-09-15,NYC,KNYC,1,2026-09-15 01:00:00+00:00,200,https://noaa-nbm-grib2-pds.s3.amazonaws.com/blend.20260915/01/text/blend_nbstx.t01z,2026-09-15 02:02:28+00:00,62.46666666666667,"""502b0d3eb0b5bb54e4076db827118837""",404,0,,,False
2026-09-15,NYC,KNYC,2,2026-09-15 02:00:00+00:00,200,https://noaa-nbm-grib2-pds.s3.amazonaws.com/blend.20260915/02/text/blend_nbstx.t02z,2026-09-15 02:49:32+00:00,49.53333333333333,"""6143188ae527ad847ca33f6b64dd3574""",404,0,,,False
2026-09-15,NYC,KNYC,3,2026-09-15 03:00:00+00:00,200,https://noaa-nbm-grib2-pds.s3.amazonaws.com/blend.20260915/03/text/blend_nbstx.t03z,2026-09-15 03:42:50+00:00,42.833333333333336,"""d822e58fa7d5b6513f9556336866d420""",404,0,,,False
2026-09-15,NYC,KNYC,4,2026-09-15 04:00:00+00:00,200,https://noaa-nbm-grib2-pds.s3.amazonaws.com/blend.20260915/04/text/blend_nbstx.t04z,2026-09-15 04:44:12+00:00,44.2,"""2f3162561e47c44331cbbbf3694bcf78""",404,0,,,False
2026-09-15,NYC,KNYC,5,2026-09-15 05:00:00+00:00,200,https://noaa-nbm-grib2-pds.s3.amazonaws.com/blend.20260915/05/text/blend_nbstx.t05z,2026-09-15 05:41:50+00:00,41.833333333333336,"""922e66d566ca2bb010f9731e1af6ca78""",404,0,,,False
2026-09-15,NYC,KNYC,6,2026-09-15 06:00:00+00:00,200,https://noaa-nbm-grib2-pds.s3.amazonaws.com/blend.20260915/06/text/blend_nbstx.t06z,2026-09-15 06:44:15+00:00,44.25,"""c2509be28a62678c273d46ff07db7264""",200,1,72.0,2.0,True
2026-09-15,NYC,KNYC,7,2026-09-15 07:00:00+00:00,200,https://noaa-nbm-grib2-pds.s3.amazonaws.com/blend.20260915/07/text/blend_nbstx.t07z,2026-09-15 08:14:43+00:00,74.71666666666667,"""181f6675000f25a25ebd20a4436c094a""",404,0,,,False
2026-09-15,NYC,KNYC,8,2026-09-15 08:00:00+00:00,200,https://noaa-nbm-grib2-pds.s3.amazonaws.com/blend.20260915/08/text/blend_nbstx.t08z,2026-09-15 08:38:09+00:00,38.15,"""c9fbd538439ac23eb8c6b5493c02d685""",404,0,,,False
2026-09-15,NYC,KNYC,9,2026-09-15 09:00:00+00:00,200,https://noaa-nbm-grib2-pds.s3.amazonaws.com/blend.20260915/09/text/blend_nbstx.t09z,2026-09-15 09:41:44+00:00,41.733333333333334,"""67386a0181ec6ab63dd0fe0d162b0aa4""",404,0,,,False
2026-09-15,NYC,KNYC,10,2026-09-15 10:00:00+00:00,200,https://noaa-nbm-grib2-pds.s3.amazonaws.com/blend.20260915/10/text/blend_nbstx.t10z,2026-09-15 10:40:38+00:00,40.63333333333333,"""75124b45de34607b5af4dc73461084a4""",404,0,,,False
2026-09-15,NYC,KNYC,11,2026-09-15 11:00:00+00:00,200,https://noaa-nbm-grib2-pds.s3.amazonaws.com/blend.20260915/11/text/blend_nbstx.t11z,2026-09-15 11:43:55+00:00,43.916666666666664,"""73195374f1e05c72edbb64555154a5ec""",404,0,,,False
2026-09-15,NYC,KNYC,12,2026-09-15 12:00:00+00:00,200,https://noaa-nbm-grib2-pds.s3.amazonaws.com/blend.20260915/12/text/blend_nbstx.t12z,2026-09-15 13:40:31+00:00,100.51666666666667,"""64161154931a5803a50aee27f38554e3""",200,1,72.0,2.0,True
2026-09-15,NYC,KNYC,13,2026-09-15 13:00:00+00:00,200,https://noaa-nbm-grib2-pds.s3.amazonaws.com/blend.20260915/13/text/blend_nbstx.t13z,2026-09-15 14:02:28+00:00,62.46666666666667,"""4438e4a89f9d5d8b1c3a6090fa4c3e00""",404,0,,,False
2026-09-15,NYC,KNYC,14,2026-09-15 14:00:00+00:00,200,https://noaa-nbm-grib2-pds.s3.amazonaws.com/blend.20260915/14/text/blend_nbstx.t14z,2026-09-15 14:44:11+00:00,44.18333333333333,"""ebd94ac13158ab977bd1573bbfd5f2fa""",404,0,,,False
2026-09-15,NYC,KNYC,15,2026-09-15 15:00:00+00:00,200,https://noaa-nbm-grib2-pds.s3.amazonaws.com/blend.20260915/15/text/blend_nbstx.t15z,2026-09-15 15:40:30+00:00,40.5,"""bf928ab1fb9571f8b142a408865a8614""",404,0,,,False
2026-09-15,NYC,KNYC,16,2026-09-15 16:00:00+00:00,200,https://noaa-nbm-grib2-pds.s3.amazonaws.com/blend.20260915/16/text/blend_nbstx.t16z,2026-09-15 16:44:34+00:00,44.56666666666667,"""e06eabca76df44c2c5108f07fee1846f""",404,0,,,False
2026-09-15,NYC,KNYC,17,2026-09-15 17:00:00+00:00,200,https://noaa-nbm-grib2-pds.s3.amazonaws.com/blend.20260915/17/text/blend_nbstx.t17z,2026-09-15 17:41:45+00:00,41.75,"""8db53579ce3edbb015dc467536dd3f64""",404,0,,,False
2026-09-15,NYC,KNYC,18,2026-09-15 18:00:00+00:00,200,https://noaa-nbm-grib2-pds.s3.amazonaws.com/blend.20260915/18/text/blend_nbstx.t18z,2026-09-15 18:47:20+00:00,47.333333333333336,"""1fa5f00bb1d72e70d6ef37eef516c88d""",200,0,,,False
2026-09-15,NYC,KNYC,19,2026-09-15 19:00:00+00:00,200,https://noaa-nbm-grib2-pds.s3.amazonaws.com/blend.20260915/19/text/blend_nbstx.t19z,2026-09-15 20:15:42+00:00,75.7,"""14f8b257176fa26e2bc7de4064d86362""",404,0,,,False
2026-09-15,NYC,KNYC,20,2026-09-15 20:00:00+00:00,200,https://noaa-nbm-grib2-pds.s3.amazonaws.com/blend.20260915/20/text/blend_nbstx.t20z,2026-09-15 20:40:12+00:00,40.2,"""3335f3c80e593b0dacac21fe1c6dd89a""",404,0,,,False
2026-09-15,NYC,KNYC,21,2026-09-15 21:00:00+00:00,200,https://noaa-nbm-grib2-pds.s3.amazonaws.com/blend.20260915/21/text/blend_nbstx.t21z,2026-09-15 21:46:08+00:00,46.13333333333333,"""f8b721492e21557c21019b2d89026ebe""",404,0,,,False
2026-09-15,NYC,KNYC,22,2026-09-15 22:00:00+00:00,200,https://noaa-nbm-grib2-pds.s3.amazonaws.com/blend.20260915/22/text/blend_nbstx.t22z,2026-09-15 22:40:30+00:00,40.5,"""bcab88aa9a653aa7103f6049314afbfb""",404,0,,,False
2026-09-15,NYC,KNYC,23,2026-09-15 23:00:00+00:00,200,https://noaa-nbm-grib2-pds.s3.amazonaws.com/blend.20260915/23/text/blend_nbstx.t23z,2026-09-15 23:45:45+00:00,45.75,"""e1a382778cd17c2f2d43906bdb7b9df1""",404,0,,,False
2026-09-15,Chicago,KMDW,0,2026-09-15 00:00:00+00:00,200,https://noaa-nbm-grib2-pds.s3.amazonaws.com/blend.20260915/00/text/blend_nbstx.t00z,2026-09-15 01:18:37+00:00,78.61666666666666,"""c05c03ab3078e05d818421d8219a75d2""",200,1,86.0,4.0,True
2026-09-15,Chicago,KMDW,1,2026-09-15 01:00:00+00:00,200,https://noaa-nbm-grib2-pds.s3.amazonaws.com/blend.20260915/01/text/blend_nbstx.t01z,2026-09-15 02:02:28+00:00,62.46666666666667,"""502b0d3eb0b5bb54e4076db827118837""",404,0,,,False
2026-09-15,Chicago,KMDW,2,2026-09-15 02:00:00+00:00,200,https://noaa-nbm-grib2-pds.s3.amazonaws.com/blend.20260915/02/text/blend_nbstx.t02z,2026-09-15 02:49:32+00:00,49.53333333333333,"""6143188ae527ad847ca33f6b64dd3574""",404,0,,,False
2026-09-15,Chicago,KMDW,3,2026-09-15 03:00:00+00:00,200,https://noaa-nbm-grib2-pds.s3.amazonaws.com/blend.20260915/03/text/blend_nbstx.t03z,2026-09-15 03:42:50+00:00,42.833333333333336,"""d822e58fa7d5b6513f9556336866d420""",404,0,,,False
2026-09-15,Chicago,KMDW,4,2026-09-15 04:00:00+00:00,200,https://noaa-nbm-grib2-pds.s3.amazonaws.com/blend.20260915/04/text/blend_nbstx.t04z,2026-09-15 04:44:12+00:00,44.2,"""2f3162561e47c44331cbbbf3694bcf78""",404,0,,,False
2026-09-15,Chicago,KMDW,5,2026-09-15 05:00:00+00:00,200,https://noaa-nbm-grib2-pds.s3.amazonaws.com/blend.20260915/05/text/blend_nbstx.t05z,2026-09-15 05:41:50+00:00,41.833333333333336,"""922e66d566ca2bb010f9731e1af6ca78""",404,0,,,False
2026-09-15,Chicago,KMDW,6,2026-09-15 06:00:00+00:00,200,https://noaa-nbm-grib2-pds.s3.amazonaws.com/blend.20260915/06/text/blend_nbstx.t06z,2026-09-15 06:44:15+00:00,44.25,"""c2509be28a62678c273d46ff07db7264""",200,1,86.0,3.0,True
2026-09-15,Chicago,KMDW,7,2026-09-15 07:00:00+00:00,200,https://noaa-nbm-grib2-pds.s3.amazonaws.com/blend.20260915/07/text/blend_nbstx.t07z,2026-09-15 08:14:43+00:00,74.71666666666667,"""181f6675000f25a25ebd20a4436c094a""",404,0,,,False
2026-09-15,Chicago,KMDW,8,2026-09-15 08:00:00+00:00,200,https://noaa-nbm-grib2-pds.s3.amazonaws.com/blend.20260915/08/text/blend_nbstx.t08z,2026-09-15 08:38:09+00:00,38.15,"""c9fbd538439ac23eb8c6b5493c02d685""",404,0,,,False
2026-09-15,Chicago,KMDW,9,2026-09-15 09:00:00+00:00,200,https://noaa-nbm-grib2-pds.s3.amazonaws.com/blend.20260915/09/text/blend_nbstx.t09z,2026-09-15 09:41:44+00:00,41.733333333333334,"""67386a0181ec6ab63dd0fe0d162b0aa4""",404,0,,,False
2026-09-15,Chicago,KMDW,10,2026-09-15 10:00:00+00:00,200,https://noaa-nbm-grib2-pds.s3.amazonaws.com/blend.20260915/10/text/blend_nbstx.t10z,2026-09-15 10:40:38+00:00,40.63333333333333,"""75124b45de34607b5af4dc73461084a4""",404,0,,,False
2026-09-15,Chicago,KMDW,11,2026-09-15 11:00:00+00:00,200,https://noaa-nbm-grib2-pds.s3.amazonaws.com/blend.20260915/11/text/blend_nbstx.t11z,2026-09-15 11:43:55+00:00,43.916666666666664,"""73195374f1e05c72edbb64555154a5ec""",404,0,,,False
2026-09-15,Chicago,KMDW,12,2026-09-15 12:00:00+00:00,200,https://noaa-nbm-grib2-pds.s3.amazonaws.com/blend.20260915/12/text/blend_nbstx.t12z,2026-09-15 13:40:31+00:00,100.51666666666667,"""64161154931a5803a50aee27f38554e3""",200,1,86.0,3.0,True
2026-09-15,Chicago,KMDW,13,2026-09-15 13:00:00+00:00,200,https://noaa-nbm-grib2-pds.s3.amazonaws.com/blend.20260915/13/text/blend_nbstx.t13z,2026-09-15 14:02:28+00:00,62.46666666666667,"""4438e4a89f9d5d8b1c3a6090fa4c3e00""",404,0,,,False
2026-09-15,Chicago,KMDW,14,2026-09-15 14:00:00+00:00,200,https://noaa-nbm-grib2-pds.s3.amazonaws.com/blend.20260915/14/text/blend_nbstx.t14z,2026-09-15 14:44:11+00:00,44.18333333333333,"""ebd94ac13158ab977bd1573bbfd5f2fa""",404,0,,,False
2026-09-15,Chicago,KMDW,15,2026-09-15 15:00:00+00:00,200,https://noaa-nbm-grib2-pds.s3.amazonaws.com/blend.20260915/15/text/blend_nbstx.t15z,2026-09-15 15:40:30+00:00,40.5,"""bf928ab1fb9571f8b142a408865a8614""",404,0,,,False
2026-09-15,Chicago,KMDW,16,2026-09-15 16:00:00+00:00,200,https://noaa-nbm-grib2-pds.s3.amazonaws.com/blend.20260915/16/text/blend_nbstx.t16z,2026-09-15 16:44:34+00:00,44.56666666666667,"""e06eabca76df44c2c5108f07fee1846f""",404,0,,,False
2026-09-15,Chicago,KMDW,17,2026-09-15 17:00:00+00:00,200,https://noaa-nbm-grib2-pds.s3.amazonaws.com/blend.20260915/17/text/blend_nbstx.t17z,2026-09-15 17:41:45+00:00,41.75,"""8db53579ce3edbb015dc467536dd3f64""",404,0,,,False
2026-09-15,Chicago,KMDW,18,2026-09-15 18:00:00+00:00,200,https://noaa-nbm-grib2-pds.s3.amazonaws.com/blend.20260915/18/text/blend_nbstx.t18z,2026-09-15 18:47:20+00:00,47.333333333333336,"""1fa5f00bb1d72e70d6ef37eef516c88d""",200,0,,,False
2026-09-15,Chicago,KMDW,19,2026-09-15 19:00:00+00:00,200,https://noaa-nbm-grib2-pds.s3.amazonaws.com/blend.20260915/19/text/blend_nbstx.t19z,2026-09-15 20:15:42+00:00,75.7,"""14f8b257176fa26e2bc7de4064d86362""",404,0,,,False
2026-09-15,Chicago,KMDW,20,2026-09-15 20:00:00+00:00,200,https://noaa-nbm-grib2-pds.s3.amazonaws.com/blend.20260915/20/text/blend_nbstx.t20z,2026-09-15 20:40:12+00:00,40.2,"""3335f3c80e593b0dacac21fe1c6dd89a""",404,0,,,False
2026-09-15,Chicago,KMDW,21,2026-09-15 21:00:00+00:00,200,https://noaa-nbm-grib2-pds.s3.amazonaws.com/blend.20260915/21/text/blend_nbstx.t21z,2026-09-15 21:46:08+00:00,46.13333333333333,"""f8b721492e21557c21019b2d89026ebe""",404,0,,,False
2026-09-15,Chicago,KMDW,22,2026-09-15 22:00:00+00:00,200,https://noaa-nbm-grib2-pds.s3.amazonaws.com/blend.20260915/22/text/blend_nbstx.t22z,2026-09-15 22:40:30+00:00,40.5,"""bcab88aa9a653aa7103f6049314afbfb""",404,0,,,False
2026-09-15,Chicago,KMDW,23,2026-09-15 23:00:00+00:00,200,https://noaa-nbm-grib2-pds.s3.amazonaws.com/blend.20260915/23/text/blend_nbstx.t23z,2026-09-15 23:45:45+00:00,45.75,"""e1a382778cd17c2f2d43906bdb7b9df1""",404,0,,,False
2026-09-15,Denver,KDEN,0,2026-09-15 00:00:00+00:00,200,https://noaa-nbm-grib2-pds.s3.amazonaws.com/blend.20260915/00/text/blend_nbstx.t00z,2026-09-15 01:18:37+00:00,78.61666666666666,"""c05c03ab3078e05d818421d8219a75d2""",200,1,77.0,3.0,True
2026-09-15,Denver,KDEN,1,2026-09-15 01:00:00+00:00,200,https://noaa-nbm-grib2-pds.s3.amazonaws.com/blend.20260915/01/text/blend_nbstx.t01z,2026-09-15 02:02:28+00:00,62.46666666666667,"""502b0d3eb0b5bb54e4076db827118837""",404,0,,,False
2026-09-15,Denver,KDEN,2,2026-09-15 02:00:00+00:00,200,https://noaa-nbm-grib2-pds.s3.amazonaws.com/blend.20260915/02/text/blend_nbstx.t02z,2026-09-15 02:49:32+00:00,49.53333333333333,"""6143188ae527ad847ca33f6b64dd3574""",404,0,,,False
2026-09-15,Denver,KDEN,3,2026-09-15 03:00:00+00:00,200,https://noaa-nbm-grib2-pds.s3.amazonaws.com/blend.20260915/03/text/blend_nbstx.t03z,2026-09-15 03:42:50+00:00,42.833333333333336,"""d822e58fa7d5b6513f9556336866d420""",404,0,,,False
2026-09-15,Denver,KDEN,4,2026-09-15 04:00:00+00:00,200,https://noaa-nbm-grib2-pds.s3.amazonaws.com/blend.20260915/04/text/blend_nbstx.t04z,2026-09-15 04:44:12+00:00,44.2,"""2f3162561e47c44331cbbbf3694bcf78""",404,0,,,False
2026-09-15,Denver,KDEN,5,2026-09-15 05:00:00+00:00,200,https://noaa-nbm-grib2-pds.s3.amazonaws.com/blend.20260915/05/text/blend_nbstx.t05z,2026-09-15 05:41:50+00:00,41.833333333333336,"""922e66d566ca2bb010f9731e1af6ca78""",404,0,,,False
2026-09-15,Denver,KDEN,6,2026-09-15 06:00:00+00:00,200,https://noaa-nbm-grib2-pds.s3.amazonaws.com/blend.20260915/06/text/blend_nbstx.t06z,2026-09-15 06:44:15+00:00,44.25,"""c2509be28a62678c273d46ff07db7264""",200,1,75.0,3.0,True
2026-09-15,Denver,KDEN,7,2026-09-15 07:00:00+00:00,200,https://noaa-nbm-grib2-pds.s3.amazonaws.com/blend.20260915/07/text/blend_nbstx.t07z,2026-09-15 08:14:43+00:00,74.71666666666667,"""181f6675000f25a25ebd20a4436c094a""",404,0,,,False
2026-09-15,Denver,KDEN,8,2026-09-15 08:00:00+00:00,200,https://noaa-nbm-grib2-pds.s3.amazonaws.com/blend.20260915/08/text/blend_nbstx.t08z,2026-09-15 08:38:09+00:00,38.15,"""c9fbd538439ac23eb8c6b5493c02d685""",404,0,,,False
2026-09-15,Denver,KDEN,9,2026-09-15 09:00:00+00:00,200,https://noaa-nbm-grib2-pds.s3.amazonaws.com/blend.20260915/09/text/blend_nbstx.t09z,2026-09-15 09:41:44+00:00,41.733333333333334,"""67386a0181ec6ab63dd0fe0d162b0aa4""",404,0,,,False
2026-09-15,Denver,KDEN,10,2026-09-15 10:00:00+00:00,200,https://noaa-nbm-grib2-pds.s3.amazonaws.com/blend.20260915/10/text/blend_nbstx.t10z,2026-09-15 10:40:38+00:00,40.63333333333333,"""75124b45de34607b5af4dc73461084a4""",404,0,,,False
2026-09-15,Denver,KDEN,11,2026-09-15 11:00:00+00:00,200,https://noaa-nbm-grib2-pds.s3.amazonaws.com/blend.20260915/11/text/blend_nbstx.t11z,2026-09-15 11:43:55+00:00,43.916666666666664,"""73195374f1e05c72edbb64555154a5ec""",404,0,,,False
2026-09-15,Denver,KDEN,12,2026-09-15 12:00:00+00:00,200,https://noaa-nbm-grib2-pds.s3.amazonaws.com/blend.20260915/12/text/blend_nbstx.t12z,2026-09-15 13:40:31+00:00,100.51666666666667,"""64161154931a5803a50aee27f38554e3""",200,1,75.0,3.0,True
2026-09-15,Denver,KDEN,13,2026-09-15 13:00:00+00:00,200,https://noaa-nbm-grib2-pds.s3.amazonaws.com/blend.20260915/13/text/blend_nbstx.t13z,2026-09-15 14:02:28+00:00,62.46666666666667,"""4438e4a89f9d5d8b1c3a6090fa4c3e00""",404,0,,,False
2026-09-15,Denver,KDEN,14,2026-09-15 14:00:00+00:00,200,https://noaa-nbm-grib2-pds.s3.amazonaws.com/blend.20260915/14/text/blend_nbstx.t14z,2026-09-15 14:44:11+00:00,44.18333333333333,"""ebd94ac13158ab977bd1573bbfd5f2fa""",404,0,,,False
2026-09-15,Denver,KDEN,15,2026-09-15 15:00:00+00:00,200,https://noaa-nbm-grib2-pds.s3.amazonaws.com/blend.20260915/15/text/blend_nbstx.t15z,2026-09-15 15:40:30+00:00,40.5,"""bf928ab1fb9571f8b142a408865a8614""",404,0,,,False
2026-09-15,Denver,KDEN,16,2026-09-15 16:00:00+00:00,200,https://noaa-nbm-grib2-pds.s3.amazonaws.com/blend.20260915/16/text/blend_nbstx.t16z,2026-09-15 16:44:34+00:00,44.56666666666667,"""e06eabca76df44c2c5108f07fee1846f""",404,0,,,False
2026-09-15,Denver,KDEN,17,2026-09-15 17:00:00+00:00,200,https://noaa-nbm-grib2-pds.s3.amazonaws.com/blend.20260915/17/text/blend_nbstx.t17z,2026-09-15 17:41:45+00:00,41.75,"""8db53579ce3edbb015dc467536dd3f64""",404,0,,,False
2026-09-15,Denver,KDEN,18,2026-09-15 18:00:00+00:00,200,https://noaa-nbm-grib2-pds.s3.amazonaws.com/blend.20260915/18/text/blend_nbstx.t18z,2026-09-15 18:47:20+00:00,47.333333333333336,"""1fa5f00bb1d72e70d6ef37eef516c88d""",200,0,,,False
2026-09-15,Denver,KDEN,19,2026-09-15 19:00:00+00:00,200,https://noaa-nbm-grib2-pds.s3.amazonaws.com/blend.20260915/19/text/blend_nbstx.t19z,2026-09-15 20:15:42+00:00,75.7,"""14f8b257176fa26e2bc7de4064d86362""",404,0,,,False
2026-09-15,Denver,KDEN,20,2026-09-15 20:00:00+00:00,200,https://noaa-nbm-grib2-pds.s3.amazonaws.com/blend.20260915/20/text/blend_nbstx.t20z,2026-09-15 20:40:12+00:00,40.2,"""3335f3c80e593b0dacac21fe1c6dd89a""",404,0,,,False
2026-09-15,Denver,KDEN,21,2026-09-15 21:00:00+00:00,200,https://noaa-nbm-grib2-pds.s3.amazonaws.com/blend.20260915/21/text/blend_nbstx.t21z,2026-09-15 21:46:08+00:00,46.13333333333333,"""f8b721492e21557c21019b2d89026ebe""",404,0,,,False
2026-09-15,Denver,KDEN,22,2026-09-15 22:00:00+00:00,200,https://noaa-nbm-grib2-pds.s3.amazonaws.com/blend.20260915/22/text/blend_nbstx.t22z,2026-09-15 22:40:30+00:00,40.5,"""bcab88aa9a653aa7103f6049314afbfb""",404,0,,,False
2026-09-15,Denver,KDEN,23,2026-09-15 23:00:00+00:00,200,https://noaa-nbm-grib2-pds.s3.amazonaws.com/blend.20260915/23/text/blend_nbstx.t23z,2026-09-15 23:45:45+00:00,45.75,"""e1a382778cd17c2f2d43906bdb7b9df1""",404,0,,,False
2026-09-24,NYC,KNYC,0,2026-09-24 00:00:00+00:00,200,https://noaa-nbm-grib2-pds.s3.amazonaws.com/blend.20260924/00/text/blend_nbstx.t00z,2026-09-24 14:17:12+00:00,857.2,"""d38a1dc7b1ae76f4f760fdfcc3746ed3""",200,1,69.0,2.0,True
2026-09-24,NYC,KNYC,1,2026-09-24 01:00:00+00:00,200,https://noaa-nbm-grib2-pds.s3.amazonaws.com/blend.20260924/01/text/blend_nbstx.t01z,2026-09-24 14:24:11+00:00,804.1833333333333,"""b258706f129dc6529ee123ac921bb465""",404,0,,,False
2026-09-24,NYC,KNYC,2,2026-09-24 02:00:00+00:00,200,https://noaa-nbm-grib2-pds.s3.amazonaws.com/blend.20260924/02/text/blend_nbstx.t02z,2026-09-24 14:30:01+00:00,750.0166666666667,"""ecd31c5f57f44dab6d578691c6a5b00d""",404,0,,,False
2026-09-24,NYC,KNYC,3,2026-09-24 03:00:00+00:00,200,https://noaa-nbm-grib2-pds.s3.amazonaws.com/blend.20260924/03/text/blend_nbstx.t03z,2026-09-24 14:35:30+00:00,695.5,"""d9fc603e85406e95cd06bc73bb44b8b8""",404,0,,,False
2026-09-24,NYC,KNYC,4,2026-09-24 04:00:00+00:00,200,https://noaa-nbm-grib2-pds.s3.amazonaws.com/blend.20260924/04/text/blend_nbstx.t04z,2026-09-24 14:50:15+00:00,650.25,"""7aa0abda084c3b7b27f3f67179c185e5""",404,0,,,False
2026-09-24,NYC,KNYC,5,2026-09-24 05:00:00+00:00,200,https://noaa-nbm-grib2-pds.s3.amazonaws.com/blend.20260924/05/text/blend_nbstx.t05z,2026-09-24 14:54:08+00:00,594.1333333333333,"""64be13ea5e080168eca656e24bba0d0f""",404,0,,,False
2026-09-24,NYC,KNYC,6,2026-09-24 06:00:00+00:00,200,https://noaa-nbm-grib2-pds.s3.amazonaws.com/blend.20260924/06/text/blend_nbstx.t06z,2026-09-24 15:31:56+00:00,571.9333333333333,"""0c3bbf6d51a927535ef2f66b8d785243""",200,1,68.0,3.0,True
2026-09-24,NYC,KNYC,7,2026-09-24 07:00:00+00:00,200,https://noaa-nbm-grib2-pds.s3.amazonaws.com/blend.20260924/07/text/blend_nbstx.t07z,2026-09-24 15:40:12+00:00,520.2,"""dd0e3152a2fe79b0134f94660189ebef""",404,0,,,False
2026-09-24,NYC,KNYC,8,2026-09-24 08:00:00+00:00,200,https://noaa-nbm-grib2-pds.s3.amazonaws.com/blend.20260924/08/text/blend_nbstx.t08z,2026-09-24 15:51:24+00:00,471.4,"""82892f0c60c992b0d59b56161af431c7""",404,0,,,False
2026-09-24,NYC,KNYC,9,2026-09-24 09:00:00+00:00,200,https://noaa-nbm-grib2-pds.s3.amazonaws.com/blend.20260924/09/text/blend_nbstx.t09z,2026-09-24 15:55:47+00:00,415.78333333333336,"""44242ff3e0a5a488f135c2a5c198887d""",404,0,,,False
2026-09-24,NYC,KNYC,10,2026-09-24 10:00:00+00:00,200,https://noaa-nbm-grib2-pds.s3.amazonaws.com/blend.20260924/10/text/blend_nbstx.t10z,2026-09-24 16:02:10+00:00,362.1666666666667,"""949fdb03eeafef1cb53934bd283acfda""",404,0,,,False
2026-09-24,NYC,KNYC,11,2026-09-24 11:00:00+00:00,200,https://noaa-nbm-grib2-pds.s3.amazonaws.com/blend.20260924/11/text/blend_nbstx.t11z,2026-09-24 16:07:04+00:00,307.06666666666666,"""3d0c8a06a32de5fe035d61fd8c3db943""",404,0,,,False
2026-09-24,NYC,KNYC,12,2026-09-24 12:00:00+00:00,200,https://noaa-nbm-grib2-pds.s3.amazonaws.com/blend.20260924/12/text/blend_nbstx.t12z,2026-09-24 16:10:11+00:00,250.18333333333334,"""ad6c61ce9a7158bc3a614e9ae24f591f""",200,1,69.0,2.0,True
2026-09-24,NYC,KNYC,13,2026-09-24 13:00:00+00:00,200,https://noaa-nbm-grib2-pds.s3.amazonaws.com/blend.20260924/13/text/blend_nbstx.t13z,2026-09-24 14:36:13+00:00,96.21666666666667,"""c7cdf8f8d7a59a26bd9c9b153e7719dd""",404,0,,,False
2026-09-24,NYC,KNYC,14,2026-09-24 14:00:00+00:00,200,https://noaa-nbm-grib2-pds.s3.amazonaws.com/blend.20260924/14/text/blend_nbstx.t14z,2026-09-24 14:39:32+00:00,39.53333333333333,"""3ab63f6619bd4defbaf74e8d54bc8de7""",404,0,,,False
2026-09-24,NYC,KNYC,15,2026-09-24 15:00:00+00:00,200,https://noaa-nbm-grib2-pds.s3.amazonaws.com/blend.20260924/15/text/blend_nbstx.t15z,2026-09-24 15:44:41+00:00,44.68333333333333,"""eb223928250ad62ef23781f974c0bccb""",404,0,,,False
2026-09-24,NYC,KNYC,16,2026-09-24 16:00:00+00:00,200,https://noaa-nbm-grib2-pds.s3.amazonaws.com/blend.20260924/16/text/blend_nbstx.t16z,2026-09-24 16:45:39+00:00,45.65,"""484bdd6705670c2a0c72365b7450e70e""",404,0,,,False
2026-09-24,NYC,KNYC,17,2026-09-24 17:00:00+00:00,200,https://noaa-nbm-grib2-pds.s3.amazonaws.com/blend.20260924/17/text/blend_nbstx.t17z,2026-09-24 17:42:40+00:00,42.666666666666664,"""aab91fd21be6fbf439ceb5ea1f1c9a36""",404,0,,,False
2026-09-24,NYC,KNYC,18,2026-09-24 18:00:00+00:00,200,https://noaa-nbm-grib2-pds.s3.amazonaws.com/blend.20260924/18/text/blend_nbstx.t18z,2026-09-24 18:43:09+00:00,43.15,"""cd90a50c9d37f8957215038b5dbf90f4""",200,0,,,False
2026-09-24,NYC,KNYC,19,2026-09-24 19:00:00+00:00,200,https://noaa-nbm-grib2-pds.s3.amazonaws.com/blend.20260924/19/text/blend_nbstx.t19z,2026-09-24 20:13:55+00:00,73.91666666666667,"""f9615ce41f664bbc571278399fd03244""",404,0,,,False
2026-09-24,NYC,KNYC,20,2026-09-24 20:00:00+00:00,200,https://noaa-nbm-grib2-pds.s3.amazonaws.com/blend.20260924/20/text/blend_nbstx.t20z,2026-09-24 20:40:17+00:00,40.28333333333333,"""7e9a9fd5d4abb57e3c132206e8ce660f""",404,0,,,False
2026-09-24,NYC,KNYC,21,2026-09-24 21:00:00+00:00,200,https://noaa-nbm-grib2-pds.s3.amazonaws.com/blend.20260924/21/text/blend_nbstx.t21z,2026-09-24 21:48:36+00:00,48.6,"""68992ab5b3c5244fe534fa038635ec6b""",404,0,,,False
2026-09-24,NYC,KNYC,22,2026-09-24 22:00:00+00:00,200,https://noaa-nbm-grib2-pds.s3.amazonaws.com/blend.20260924/22/text/blend_nbstx.t22z,2026-09-24 22:41:20+00:00,41.333333333333336,"""8e41aeacdaff41c45032ac1d955c8ea4""",404,0,,,False
2026-09-24,NYC,KNYC,23,2026-09-24 23:00:00+00:00,200,https://noaa-nbm-grib2-pds.s3.amazonaws.com/blend.20260924/23/text/blend_nbstx.t23z,2026-09-24 23:42:44+00:00,42.733333333333334,"""2db2f55d3dc95e10fd0fed2a452e3ae7""",404,0,,,False
2026-09-24,Chicago,KMDW,0,2026-09-24 00:00:00+00:00,200,https://noaa-nbm-grib2-pds.s3.amazonaws.com/blend.20260924/00/text/blend_nbstx.t00z,2026-09-24 14:17:12+00:00,857.2,"""d38a1dc7b1ae76f4f760fdfcc3746ed3""",200,1,69.0,2.0,True
2026-09-24,Chicago,KMDW,1,2026-09-24 01:00:00+00:00,200,https://noaa-nbm-grib2-pds.s3.amazonaws.com/blend.20260924/01/text/blend_nbstx.t01z,2026-09-24 14:24:11+00:00,804.1833333333333,"""b258706f129dc6529ee123ac921bb465""",404,0,,,False
2026-09-24,Chicago,KMDW,2,2026-09-24 02:00:00+00:00,200,https://noaa-nbm-grib2-pds.s3.amazonaws.com/blend.20260924/02/text/blend_nbstx.t02z,2026-09-24 14:30:01+00:00,750.0166666666667,"""ecd31c5f57f44dab6d578691c6a5b00d""",404,0,,,False
2026-09-24,Chicago,KMDW,3,2026-09-24 03:00:00+00:00,200,https://noaa-nbm-grib2-pds.s3.amazonaws.com/blend.20260924/03/text/blend_nbstx.t03z,2026-09-24 14:35:30+00:00,695.5,"""d9fc603e85406e95cd06bc73bb44b8b8""",404,0,,,False
2026-09-24,Chicago,KMDW,4,2026-09-24 04:00:00+00:00,200,https://noaa-nbm-grib2-pds.s3.amazonaws.com/blend.20260924/04/text/blend_nbstx.t04z,2026-09-24 14:50:15+00:00,650.25,"""7aa0abda084c3b7b27f3f67179c185e5""",404,0,,,False
2026-09-24,Chicago,KMDW,5,2026-09-24 05:00:00+00:00,200,https://noaa-nbm-grib2-pds.s3.amazonaws.com/blend.20260924/05/text/blend_nbstx.t05z,2026-09-24 14:54:08+00:00,594.1333333333333,"""64be13ea5e080168eca656e24bba0d0f""",404,0,,,False
2026-09-24,Chicago,KMDW,6,2026-09-24 06:00:00+00:00,200,https://noaa-nbm-grib2-pds.s3.amazonaws.com/blend.20260924/06/text/blend_nbstx.t06z,2026-09-24 15:31:56+00:00,571.9333333333333,"""0c3bbf6d51a927535ef2f66b8d785243""",200,1,69.0,2.0,True
2026-09-24,Chicago,KMDW,7,2026-09-24 07:00:00+00:00,200,https://noaa-nbm-grib2-pds.s3.amazonaws.com/blend.20260924/07/text/blend_nbstx.t07z,2026-09-24 15:40:12+00:00,520.2,"""dd0e3152a2fe79b0134f94660189ebef""",404,0,,,False
2026-09-24,Chicago,KMDW,8,2026-09-24 08:00:00+00:00,200,https://noaa-nbm-grib2-pds.s3.amazonaws.com/blend.20260924/08/text/blend_nbstx.t08z,2026-09-24 15:51:24+00:00,471.4,"""82892f0c60c992b0d59b56161af431c7""",404,0,,,False
2026-09-24,Chicago,KMDW,9,2026-09-24 09:00:00+00:00,200,https://noaa-nbm-grib2-pds.s3.amazonaws.com/blend.20260924/09/text/blend_nbstx.t09z,2026-09-24 15:55:47+00:00,415.78333333333336,"""44242ff3e0a5a488f135c2a5c198887d""",404,0,,,False
2026-09-24,Chicago,KMDW,10,2026-09-24 10:00:00+00:00,200,https://noaa-nbm-grib2-pds.s3.amazonaws.com/blend.20260924/10/text/blend_nbstx.t10z,2026-09-24 16:02:10+00:00,362.1666666666667,"""949fdb03eeafef1cb53934bd283acfda""",404,0,,,False
2026-09-24,Chicago,KMDW,11,2026-09-24 11:00:00+00:00,200,https://noaa-nbm-grib2-pds.s3.amazonaws.com/blend.20260924/11/text/blend_nbstx.t11z,2026-09-24 16:07:04+00:00,307.06666666666666,"""3d0c8a06a32de5fe035d61fd8c3db943""",404,0,,,False
2026-09-24,Chicago,KMDW,12,2026-09-24 12:00:00+00:00,200,https://noaa-nbm-grib2-pds.s3.amazonaws.com/blend.20260924/12/text/blend_nbstx.t12z,2026-09-24 16:10:11+00:00,250.18333333333334,"""ad6c61ce9a7158bc3a614e9ae24f591f""",200,1,72.0,1.0,True
2026-09-24,Chicago,KMDW,13,2026-09-24 13:00:00+00:00,200,https://noaa-nbm-grib2-pds.s3.amazonaws.com/blend.20260924/13/text/blend_nbstx.t13z,2026-09-24 14:36:13+00:00,96.21666666666667,"""c7cdf8f8d7a59a26bd9c9b153e7719dd""",404,0,,,False
2026-09-24,Chicago,KMDW,14,2026-09-24 14:00:00+00:00,200,https://noaa-nbm-grib2-pds.s3.amazonaws.com/blend.20260924/14/text/blend_nbstx.t14z,2026-09-24 14:39:32+00:00,39.53333333333333,"""3ab63f6619bd4defbaf74e8d54bc8de7""",404,0,,,False
2026-09-24,Chicago,KMDW,15,2026-09-24 15:00:00+00:00,200,https://noaa-nbm-grib2-pds.s3.amazonaws.com/blend.20260924/15/text/blend_nbstx.t15z,2026-09-24 15:44:41+00:00,44.68333333333333,"""eb223928250ad62ef23781f974c0bccb""",404,0,,,False
2026-09-24,Chicago,KMDW,16,2026-09-24 16:00:00+00:00,200,https://noaa-nbm-grib2-pds.s3.amazonaws.com/blend.20260924/16/text/blend_nbstx.t16z,2026-09-24 16:45:39+00:00,45.65,"""484bdd6705670c2a0c72365b7450e70e""",404,0,,,False
2026-09-24,Chicago,KMDW,17,2026-09-24 17:00:00+00:00,200,https://noaa-nbm-grib2-pds.s3.amazonaws.com/blend.20260924/17/text/blend_nbstx.t17z,2026-09-24 17:42:40+00:00,42.666666666666664,"""aab91fd21be6fbf439ceb5ea1f1c9a36""",404,0,,,False
2026-09-24,Chicago,KMDW,18,2026-09-24 18:00:00+00:00,200,https://noaa-nbm-grib2-pds.s3.amazonaws.com/blend.20260924/18/text/blend_nbstx.t18z,2026-09-24 18:43:09+00:00,43.15,"""cd90a50c9d37f8957215038b5dbf90f4""",200,0,,,False
2026-09-24,Chicago,KMDW,19,2026-09-24 19:00:00+00:00,200,https://noaa-nbm-grib2-pds.s3.amazonaws.com/blend.20260924/19/text/blend_nbstx.t19z,2026-09-24 20:13:55+00:00,73.91666666666667,"""f9615ce41f664bbc571278399fd03244""",404,0,,,False
2026-09-24,Chicago,KMDW,20,2026-09-24 20:00:00+00:00,200,https://noaa-nbm-grib2-pds.s3.amazonaws.com/blend.20260924/20/text/blend_nbstx.t20z,2026-09-24 20:40:17+00:00,40.28333333333333,"""7e9a9fd5d4abb57e3c132206e8ce660f""",404,0,,,False
2026-09-24,Chicago,KMDW,21,2026-09-24 21:00:00+00:00,200,https://noaa-nbm-grib2-pds.s3.amazonaws.com/blend.20260924/21/text/blend_nbstx.t21z,2026-09-24 21:48:36+00:00,48.6,"""68992ab5b3c5244fe534fa038635ec6b""",404,0,,,False
2026-09-24,Chicago,KMDW,22,2026-09-24 22:00:00+00:00,200,https://noaa-nbm-grib2-pds.s3.amazonaws.com/blend.20260924/22/text/blend_nbstx.t22z,2026-09-24 22:41:20+00:00,41.333333333333336,"""8e41aeacdaff41c45032ac1d955c8ea4""",404,0,,,False
2026-09-24,Chicago,KMDW,23,2026-09-24 23:00:00+00:00,200,https://noaa-nbm-grib2-pds.s3.amazonaws.com/blend.20260924/23/text/blend_nbstx.t23z,2026-09-24 23:42:44+00:00,42.733333333333334,"""2db2f55d3dc95e10fd0fed2a452e3ae7""",404,0,,,False
2026-09-24,Denver,KDEN,0,2026-09-24 00:00:00+00:00,200,https://noaa-nbm-grib2-pds.s3.amazonaws.com/blend.20260924/00/text/blend_nbstx.t00z,2026-09-24 14:17:12+00:00,857.2,"""d38a1dc7b1ae76f4f760fdfcc3746ed3""",200,1,71.0,4.0,True
2026-09-24,Denver,KDEN,1,2026-09-24 01:00:00+00:00,200,https://noaa-nbm-grib2-pds.s3.amazonaws.com/blend.20260924/01/text/blend_nbstx.t01z,2026-09-24 14:24:11+00:00,804.1833333333333,"""b258706f129dc6529ee123ac921bb465""",404,0,,,False
2026-09-24,Denver,KDEN,2,2026-09-24 02:00:00+00:00,200,https://noaa-nbm-grib2-pds.s3.amazonaws.com/blend.20260924/02/text/blend_nbstx.t02z,2026-09-24 14:30:01+00:00,750.0166666666667,"""ecd31c5f57f44dab6d578691c6a5b00d""",404,0,,,False
2026-09-24,Denver,KDEN,3,2026-09-24 03:00:00+00:00,200,https://noaa-nbm-grib2-pds.s3.amazonaws.com/blend.20260924/03/text/blend_nbstx.t03z,2026-09-24 14:35:30+00:00,695.5,"""d9fc603e85406e95cd06bc73bb44b8b8""",404,0,,,False
2026-09-24,Denver,KDEN,4,2026-09-24 04:00:00+00:00,200,https://noaa-nbm-grib2-pds.s3.amazonaws.com/blend.20260924/04/text/blend_nbstx.t04z,2026-09-24 14:50:15+00:00,650.25,"""7aa0abda084c3b7b27f3f67179c185e5""",404,0,,,False
2026-09-24,Denver,KDEN,5,2026-09-24 05:00:00+00:00,200,https://noaa-nbm-grib2-pds.s3.amazonaws.com/blend.20260924/05/text/blend_nbstx.t05z,2026-09-24 14:54:08+00:00,594.1333333333333,"""64be13ea5e080168eca656e24bba0d0f""",404,0,,,False
2026-09-24,Denver,KDEN,6,2026-09-24 06:00:00+00:00,200,https://noaa-nbm-grib2-pds.s3.amazonaws.com/blend.20260924/06/text/blend_nbstx.t06z,2026-09-24 15:31:56+00:00,571.9333333333333,"""0c3bbf6d51a927535ef2f66b8d785243""",200,1,72.0,4.0,True
2026-09-24,Denver,KDEN,7,2026-09-24 07:00:00+00:00,200,https://noaa-nbm-grib2-pds.s3.amazonaws.com/blend.20260924/07/text/blend_nbstx.t07z,2026-09-24 15:40:12+00:00,520.2,"""dd0e3152a2fe79b0134f94660189ebef""",404,0,,,False
2026-09-24,Denver,KDEN,8,2026-09-24 08:00:00+00:00,200,https://noaa-nbm-grib2-pds.s3.amazonaws.com/blend.20260924/08/text/blend_nbstx.t08z,2026-09-24 15:51:24+00:00,471.4,"""82892f0c60c992b0d59b56161af431c7""",404,0,,,False
2026-09-24,Denver,KDEN,9,2026-09-24 09:00:00+00:00,200,https://noaa-nbm-grib2-pds.s3.amazonaws.com/blend.20260924/09/text/blend_nbstx.t09z,2026-09-24 15:55:47+00:00,415.78333333333336,"""44242ff3e0a5a488f135c2a5c198887d""",404,0,,,False
2026-09-24,Denver,KDEN,10,2026-09-24 10:00:00+00:00,200,https://noaa-nbm-grib2-pds.s3.amazonaws.com/blend.20260924/10/text/blend_nbstx.t10z,2026-09-24 16:02:10+00:00,362.1666666666667,"""949fdb03eeafef1cb53934bd283acfda""",404,0,,,False
2026-09-24,Denver,KDEN,11,2026-09-24 11:00:00+00:00,200,https://noaa-nbm-grib2-pds.s3.amazonaws.com/blend.20260924/11/text/blend_nbstx.t11z,2026-09-24 16:07:04+00:00,307.06666666666666,"""3d0c8a06a32de5fe035d61fd8c3db943""",404,0,,,False
2026-09-24,Denver,KDEN,12,2026-09-24 12:00:00+00:00,200,https://noaa-nbm-grib2-pds.s3.amazonaws.com/blend.20260924/12/text/blend_nbstx.t12z,2026-09-24 16:10:11+00:00,250.18333333333334,"""ad6c61ce9a7158bc3a614e9ae24f591f""",200,1,75.0,3.0,True
2026-09-24,Denver,KDEN,13,2026-09-24 13:00:00+00:00,200,https://noaa-nbm-grib2-pds.s3.amazonaws.com/blend.20260924/13/text/blend_nbstx.t13z,2026-09-24 14:36:13+00:00,96.21666666666667,"""c7cdf8f8d7a59a26bd9c9b153e7719dd""",404,0,,,False
2026-09-24,Denver,KDEN,14,2026-09-24 14:00:00+00:00,200,https://noaa-nbm-grib2-pds.s3.amazonaws.com/blend.20260924/14/text/blend_nbstx.t14z,2026-09-24 14:39:32+00:00,39.53333333333333,"""3ab63f6619bd4defbaf74e8d54bc8de7""",404,0,,,False
2026-09-24,Denver,KDEN,15,2026-09-24 15:00:00+00:00,200,https://noaa-nbm-grib2-pds.s3.amazonaws.com/blend.20260924/15/text/blend_nbstx.t15z,2026-09-24 15:44:41+00:00,44.68333333333333,"""eb223928250ad62ef23781f974c0bccb""",404,0,,,False
2026-09-24,Denver,KDEN,16,2026-09-24 16:00:00+00:00,200,https://noaa-nbm-grib2-pds.s3.amazonaws.com/blend.20260924/16/text/blend_nbstx.t16z,2026-09-24 16:45:39+00:00,45.65,"""484bdd6705670c2a0c72365b7450e70e""",404,0,,,False
2026-09-24,Denver,KDEN,17,2026-09-24 17:00:00+00:00,200,https://noaa-nbm-grib2-pds.s3.amazonaws.com/blend.20260924/17/text/blend_nbstx.t17z,2026-09-24 17:42:40+00:00,42.666666666666664,"""aab91fd21be6fbf439ceb5ea1f1c9a36""",404,0,,,False
2026-09-24,Denver,KDEN,18,2026-09-24 18:00:00+00:00,200,https://noaa-nbm-grib2-pds.s3.amazonaws.com/blend.20260924/18/text/blend_nbstx.t18z,2026-09-24 18:43:09+00:00,43.15,"""cd90a50c9d37f8957215038b5dbf90f4""",200,0,,,False
2026-09-24,Denver,KDEN,19,2026-09-24 19:00:00+00:00,200,https://noaa-nbm-grib2-pds.s3.amazonaws.com/blend.20260924/19/text/blend_nbstx.t19z,2026-09-24 20:13:55+00:00,73.91666666666667,"""f9615ce41f664bbc571278399fd03244""",404,0,,,False
2026-09-24,Denver,KDEN,20,2026-09-24 20:00:00+00:00,200,https://noaa-nbm-grib2-pds.s3.amazonaws.com/blend.20260924/20/text/blend_nbstx.t20z,2026-09-24 20:40:17+00:00,40.28333333333333,"""7e9a9fd5d4abb57e3c132206e8ce660f""",404,0,,,False
2026-09-24,Denver,KDEN,21,2026-09-24 21:00:00+00:00,200,https://noaa-nbm-grib2-pds.s3.amazonaws.com/blend.20260924/21/text/blend_nbstx.t21z,2026-09-24 21:48:36+00:00,48.6,"""68992ab5b3c5244fe534fa038635ec6b""",404,0,,,False
2026-09-24,Denver,KDEN,22,2026-09-24 22:00:00+00:00,200,https://noaa-nbm-grib2-pds.s3.amazonaws.com/blend.20260924/22/text/blend_nbstx.t22z,2026-09-24 22:41:20+00:00,41.333333333333336,"""8e41aeacdaff41c45032ac1d955c8ea4""",404,0,,,False
2026-09-24,Denver,KDEN,23,2026-09-24 23:00:00+00:00,200,https://noaa-nbm-grib2-pds.s3.amazonaws.com/blend.20260924/23/text/blend_nbstx.t23z,2026-09-24 23:42:44+00:00,42.733333333333334,"""2db2f55d3dc95e10fd0fed2a452e3ae7""",404,0,,,False
