event_date_local,city,old_cycle_hour_utc,new_cycle_hour_utc,old_publication_time_utc,new_publication_time_utc,inter_publication_gap_minutes,old_txn,new_txn,delta_txn,old_xnd,new_xnd,delta_xnd
2026-08-20,Chicago,0,6,2026-08-20 01:18:53+00:00,2026-08-20 06:45:10+00:00,326.28333333333336,79.0,79.0,0.0,2.0,2.0,0.0
2026-08-20,Chicago,6,12,2026-08-20 06:45:10+00:00,2026-08-20 13:42:21+00:00,417.18333333333334,79.0,79.0,0.0,2.0,1.0,-1.0
2026-08-20,Denver,0,6,2026-08-20 01:18:53+00:00,2026-08-20 06:45:10+00:00,326.28333333333336,92.0,92.0,0.0,3.0,3.0,0.0
2026-08-20,Denver,6,12,2026-08-20 06:45:10+00:00,2026-08-20 13:42:21+00:00,417.18333333333334,92.0,92.0,0.0,3.0,2.0,-1.0
2026-08-20,NYC,0,6,2026-08-20 01:18:53+00:00,2026-08-20 06:45:10+00:00,326.28333333333336,81.0,82.0,1.0,4.0,3.0,-1.0
2026-08-20,NYC,6,12,2026-08-20 06:45:10+00:00,2026-08-20 13:42:21+00:00,417.18333333333334,82.0,82.0,0.0,3.0,3.0,0.0
2026-09-15,Chicago,0,6,2026-09-15 01:18:37+00:00,2026-09-15 06:44:15+00:00,325.6333333333333,86.0,86.0,0.0,4.0,3.0,-1.0
2026-09-15,Chicago,6,12,2026-09-15 06:44:15+00:00,2026-09-15 13:40:31+00:00,416.26666666666665,86.0,86.0,0.0,3.0,3.0,0.0
2026-09-15,Denver,0,6,2026-09-15 01:18:37+00:00,2026-09-15 06:44:15+00:00,325.6333333333333,77.0,75.0,-2.0,3.0,3.0,0.0
2026-09-15,Denver,6,12,2026-09-15 06:44:15+00:00,2026-09-15 13:40:31+00:00,416.26666666666665,75.0,75.0,0.0,3.0,3.0,0.0
2026-09-15,NYC,0,6,2026-09-15 01:18:37+00:00,2026-09-15 06:44:15+00:00,325.6333333333333,71.0,72.0,1.0,2.0,2.0,0.0
2026-09-15,NYC,6,12,2026-09-15 06:44:15+00:00,2026-09-15 13:40:31+00:00,416.26666666666665,72.0,72.0,0.0,2.0,2.0,0.0
2026-09-24,Chicago,0,6,2026-09-24 14:17:12+00:00,2026-09-24 15:31:56+00:00,74.73333333333333,69.0,69.0,0.0,2.0,2.0,0.0
2026-09-24,Chicago,6,12,2026-09-24 15:31:56+00:00,2026-09-24 16:10:11+00:00,38.25,69.0,72.0,3.0,2.0,1.0,-1.0
2026-09-24,Denver,0,6,2026-09-24 14:17:12+00:00,2026-09-24 15:31:56+00:00,74.73333333333333,71.0,72.0,1.0,4.0,4.0,0.0
2026-09-24,Denver,6,12,2026-09-24 15:31:56+00:00,2026-09-24 16:10:11+00:00,38.25,72.0,75.0,3.0,4.0,3.0,-1.0
2026-09-24,NYC,0,6,2026-09-24 14:17:12+00:00,2026-09-24 15:31:56+00:00,74.73333333333333,69.0,68.0,-1.0,2.0,3.0,1.0
2026-09-24,NYC,6,12,2026-09-24 15:31:56+00:00,2026-09-24 16:10:11+00:00,38.25,68.0,69.0,1.0,3.0,2.0,-1.0
